owner_category,owner_name,property_address,city,apn,lot_sqft,lot_acres,jurisdiction,zoning,property_use,assessed_land,assessed_improvement,assessed_total,improv_land_ratio,last_transfer_date,assessor_last_sale_date,lat,lon,score,score_reasons,source,current_use_web,current_use_source
3 Municipal,MILPITAS CITY,,SAN JOSE,088-22-005,213359,4.898,SANTA CLARA,R1,VACANT LAND,0,0,0,,,1989-02-06,37.423909,-121.865844,100,VACANT LAND +25; 1-5ac +12; owner +5; zoning R1 +12,ATTOM taxassessor (Santa Clara County),,
4 School / Public Ed,ROCK UNION S D ALUM,,SAN JOSE,484-26-084,186999,4.293,SANTA CLARA,R1B6,VACANT LAND,0,0,0,,,,37.360168,-121.825009,100,VACANT LAND +25; 1-5ac +12; owner +5; zoning R1B6 +12,ATTOM taxassessor (Santa Clara County),,
3 Municipal,SAN JOSE CITY,,SAN JOSE,659-03-031,180759,4.150,SANTA CLARA,R1,VACANT LAND,0,0,0,,2003-01-31,2003-01-31,37.313994,-121.764794,100,VACANT LAND +25; 1-5ac +12; owner +5; zoning R1 +12,ATTOM taxassessor (Santa Clara County),,
3 Municipal,SAN JOSE CITY,,SAN JOSE,660-37-018,177840,4.083,SANTA CLARA,R1,VACANT LAND,0,0,0,,,1980-06-16,37.298211,-121.759147,100,VACANT LAND +25; 1-5ac +12; owner +5; zoning R1 +12,ATTOM taxassessor (Santa Clara County),,
4 School / Public Ed,UNION SCHOOL DISTRICT,5125 UNION AVE,SAN JOSE,421-20-027,165092,3.790,SANTA CLARA,R1-8,VACANT LAND,0,0,0,,,,37.245024,-121.932042,100,VACANT LAND +25; 1-5ac +12; owner +5; zoning R1-8 +12,ATTOM taxassessor (Santa Clara County),"Vacant land, off-market; listed in City of San Jose Vacant Land Inventory (open data)",loopnet.com; sanjoseca.gov vacant-land-inventory
3 Municipal,CITY OF SAN JOSE,,SAN JOSE,249-64-010,159430,3.660,SANTA CLARA,R1,VACANT LAND,0,0,0,,2009-03-10,2009-03-10,37.357978,-121.873862,100,VACANT LAND +25; 1-5ac +12; owner +5; zoning R1 +12,ATTOM taxassessor (Santa Clara County),,
2 Santa Clara County,COUNTY OF SANTA CLARA,,SAN JOSE,230-37-037,158590,3.641,SANTA CLARA,R1-8,VACANT LAND,0,0,0,,2013-05-30,,37.353518,-121.907865,100,VACANT LAND +25; 1-5ac +12; owner +5; zoning R1-8 +12,ATTOM taxassessor (Santa Clara County),,
3 Municipal,SAN JOSE CITY,,SAN JOSE,499-05-014,145490,3.340,SANTA CLARA,R1-8P,VACANT LAND,0,0,0,,,1975-11-05,37.308377,-121.824068,100,VACANT LAND +25; 1-5ac +12; owner +5; zoning R1-8P +12,ATTOM taxassessor (Santa Clara County),,
3 Municipal,SAN JOSE CITY,,SAN JOSE,455-54-080,142678,3.275,SANTA CLARA,R1,VACANT LAND,0,0,0,,,,37.280136,-121.87783,100,VACANT LAND +25; 1-5ac +12; owner +5; zoning R1 +12,ATTOM taxassessor (Santa Clara County),,
3 Municipal,SAN JOSE CITY,,SAN JOSE,497-42-012,135472,3.110,SANTA CLARA,R1,VACANT LAND,0,0,0,,,1973-06-11,37.307797,-121.84037,100,VACANT LAND +25; 1-5ac +12; owner +5; zoning R1 +12,ATTOM taxassessor (Santa Clara County),,
3 Municipal,SAN JOSE CITY,,SAN JOSE,696-01-011,131116,3.010,SANTA CLARA,R140,VACANT LAND,0,0,0,,,1977-02-11,37.237226,-121.872056,100,VACANT LAND +25; 1-5ac +12; owner +5; zoning R140 +12,ATTOM taxassessor (Santa Clara County),,
3 Municipal,SAN JOSE CITY,THE STRAND AVE,SAN JOSE,577-46-027,125091,2.872,SANTA CLARA,R1-5P,VACANT LAND,0,0,0,,,1976-10-27,37.233265,-121.889182,100,VACANT LAND +25; 1-5ac +12; owner +5; zoning R1-5P +12,ATTOM taxassessor (Santa Clara County),"UNVERIFIED — Almaden (95120), street has ~3 residential addresses; city 2.87ac R1-5P likely subdivision open-space/park; needs GIS/site check",redfin.com; neighborwho.com (no exact match)
3 Municipal,SAN JOSE CITY,THOMPSON CREEK CT,SAN JOSE,676-34-028,125010,0.000,SANTA CLARA,R1B8,VACANT LAND,0,0,0,,,1989-06-02,37.30833,-121.781269,100,VACANT LAND +25; 1-5ac +12; owner +5; zoning R1B8 +12,ATTOM taxassessor (Santa Clara County),"Likely creek/trail open space — parcel follows Thompson Creek (Evergreen 95135); city Thompson Creek Trail runs here; probably creek buffer/open space, not buildable",sanjoseca.gov (Thompson Creek Trail)
3 Municipal,SUNNYVALE CITY,,SUNNYVALE,202-39-006,119203,2.737,SANTA CLARA,R1,VACANT LAND,0,0,0,,,1974-03-25,37.359537,-122.061723,100,VACANT LAND +25; 1-5ac +12; owner +5; zoning R1 +12,ATTOM taxassessor (Santa Clara County),,
3 Municipal,SAN JOSE CITY,5558 SAN FELIPE RD,SAN JOSE,660-07-027,116042,2.664,SANTA CLARA,R1,VACANT LAND,0,0,0,,2016-09-14,2016-09-14,37.284839,-121.761389,100,VACANT LAND +25; 1-5ac +12; owner +5; zoning R1 +12,ATTOM taxassessor (Santa Clara County),"Vacant land ~2.66ac, off-market (Redfin; acreage matches assessor); R1",redfin.com
3 Municipal,SAN JOSE CITY,,SAN JOSE,680-32-035,112709,2.587,SANTA CLARA,R1,VACANT LAND,0,0,0,,,,37.290926,-121.766516,100,VACANT LAND +25; 1-5ac +12; owner +5; zoning R1 +12,ATTOM taxassessor (Santa Clara County),,
4 School / Public Ed,SAN JOSE UNIFIED S D,2230 UNIFIED WAY,SAN JOSE,456-19-001,111680,0.000,SANTA CLARA,R1AB,VACANT LAND,0,0,0,,,,37.298233,-121.873615,100,VACANT LAND +25; 1-5ac +12; owner +5; zoning R1AB +12,ATTOM taxassessor (Santa Clara County),SJ Unified School District HQ address (Unified Way private road); parcel undeveloped ~2.56ac per listings — likely undeveloped part of district HQ campus,bandana.com; redfin.com
3 Municipal,CITY OF SAN JOSE,,SAN JOSE,491-35-018,108455,2.490,SANTA CLARA,R1-8,VACANT LAND,0,0,0,,2006-12-22,,37.335015,-121.824521,100,VACANT LAND +25; 1-5ac +12; owner +5; zoning R1-8 +12,ATTOM taxassessor (Santa Clara County),,
3 Municipal,SAN JOSE CITY,,SAN JOSE,462-52-035,107593,2.470,SANTA CLARA,R1PD,VACANT LAND,0,0,0,,,1975-04-07,37.269142,-121.838572,100,VACANT LAND +25; 1-5ac +12; owner +5; zoning R1PD +12,ATTOM taxassessor (Santa Clara County),,
2 Santa Clara County,SANTA CLARA COUNTY,,SAN JOSE,701-35-015,103522,2.377,SANTA CLARA,RR,VACANT LAND,0,0,0,,,,37.202434,-121.806101,100,VACANT LAND +25; 1-5ac +12; owner +5; zoning RR +12,ATTOM taxassessor (Santa Clara County),,
2 Santa Clara County,SANTA CLARA COUNTY,,SAN JOSE,701-35-016,103421,2.374,SANTA CLARA,RR,VACANT LAND,0,0,0,,,,37.2024,-121.805413,100,VACANT LAND +25; 1-5ac +12; owner +5; zoning RR +12,ATTOM taxassessor (Santa Clara County),,
2 Santa Clara County,SANTA CLARA COUNTY,,SAN JOSE,701-35-014,103014,2.365,SANTA CLARA,RR,VACANT LAND,0,0,0,,,,37.202469,-121.806788,100,VACANT LAND +25; 1-5ac +12; owner +5; zoning RR +12,ATTOM taxassessor (Santa Clara County),,
3 Municipal,SAN JOSE CITY,,SAN JOSE,464-36-034,98881,2.270,SANTA CLARA,R1-8,VACANT LAND,0,0,0,,,1973-04-27,37.254195,-121.849569,100,VACANT LAND +25; 1-5ac +12; owner +5; zoning R1-8 +12,ATTOM taxassessor (Santa Clara County),,
3 Municipal,SAN JOSE CITY,9075 VILLAGE VIEW LOOP,SAN JOSE,665-64-016,98445,2.260,SANTA CLARA,R1,VACANT LAND,0,0,0,,,1990-12-07,37.289849,-121.732344,100,VACANT LAND +25; 1-5ac +12; owner +5; zoning R1 +12,ATTOM taxassessor (Santa Clara County),"UNVERIFIED — 9075 not indexed on listing sites; Village View Loop is a residential subdivision (small lots), city-owned 2.26ac likely common-area/open-space remnant; needs GIS/site check",redfin.com; ownerly.com (no exact match)
3 Municipal,SAN JOSE CITY,,SAN JOSE,659-69-034,96267,2.210,SANTA CLARA,R1,VACANT LAND,0,0,0,,2003-08-28,2003-08-28,37.324439,-121.765735,100,VACANT LAND +25; 1-5ac +12; owner +5; zoning R1 +12,ATTOM taxassessor (Santa Clara County),,
3 Municipal,SAN JOSE CITY,,SAN JOSE,670-32-043,93218,2.140,SANTA CLARA,R1,VACANT LAND,0,0,0,,,1977-12-06,37.312187,-121.819305,100,VACANT LAND +25; 1-5ac +12; owner +5; zoning R1 +12,ATTOM taxassessor (Santa Clara County),,
3 Municipal,SAN JOSE CITY,,SAN JOSE,494-19-005,91912,2.110,SANTA CLARA,R1AB,VACANT LAND,0,0,0,,,1978-07-26,37.290584,-121.819024,100,VACANT LAND +25; 1-5ac +12; owner +5; zoning R1AB +12,ATTOM taxassessor (Santa Clara County),,
3 Municipal,SAN JOSE CITY (CA),,SAN JOSE,689-64-054,90169,2.070,SANTA CLARA,R16,VACANT LAND,0,0,0,,2000-07-17,,37.240508,-121.808196,100,VACANT LAND +25; 1-5ac +12; owner +5; zoning R16 +12,ATTOM taxassessor (Santa Clara County),,
3 Municipal,SAN JOSE CITY (CA),,SAN JOSE,689-64-055,87555,2.010,SANTA CLARA,R1-6,VACANT LAND,0,0,0,,2000-07-17,,37.240844,-121.808252,100,VACANT LAND +25; 1-5ac +12; owner +5; zoning R1-6 +12,ATTOM taxassessor (Santa Clara County),,
3 Municipal,SANTA CLARA CITY,5000 STARS AND STRIPES DR,SANTA CLARA,104-43-058,76477,1.756,SANTA CLARA,RIA,VACANT LAND,0,0,0,,,,37.403433,-121.964925,100,VACANT LAND +25; 1-5ac +12; owner +5; zoning RIA +12,ATTOM taxassessor (Santa Clara County),"Parking lot near Levi's Stadium / Great America ACE station; within 240ac Related Santa Clara mixed-use plan (1,680 planned residential units)",parkme.com; discoversantaclara.org; santaclaraca.gov
3 Municipal,SAN JOSE CITY,,SAN JOSE,670-46-022,76230,1.750,SANTA CLARA,R1,VACANT LAND,0,0,0,,2017-09-13,2017-09-13,37.31645,-121.814596,100,VACANT LAND +25; 1-5ac +12; owner +5; zoning R1 +12,ATTOM taxassessor (Santa Clara County),,
3 Municipal,PALO ALTO CITY,,PALO ALTO,132-06-029,69144,1.587,SANTA CLARA,R1,VACANT LAND,0,0,0,,,,37.421625,-122.114407,100,VACANT LAND +25; 1-5ac +12; owner +5; zoning R1 +12,ATTOM taxassessor (Santa Clara County),,
4 School / Public Ed,EVERGREEN ELEMENTARY SCHOOL DI,,SAN JOSE,676-04-056,67260,1.544,SANTA CLARA,R1,VACANT LAND,0,0,0,,1998-08-31,,37.296463,-121.788446,100,VACANT LAND +25; 1-5ac +12; owner +5; zoning R1 +12,ATTOM taxassessor (Santa Clara County),,
2 Santa Clara County,SANTA CLARA COUNTY,,SAN JOSE,742-03-019,66211,1.520,SANTA CLARA,RR-H1,VACANT LAND,0,0,0,,,1985-02-07,37.173099,-121.823843,100,VACANT LAND +25; 1-5ac +12; owner +5; zoning RR-H1 +12,ATTOM taxassessor (Santa Clara County),,
3 Municipal,SAN JOSE CITY,,SAN JOSE,259-16-109,64798,1.488,SANTA CLARA,R,VACANT LAND,0,0,0,,,1979-08-31,37.344574,-121.90418,100,VACANT LAND +25; 1-5ac +12; owner +5; zoning R +12,ATTOM taxassessor (Santa Clara County),,
3 Municipal,SANTA CLARA CITY,,SANTA CLARA,104-43-060,62537,1.436,SANTA CLARA,RIA,VACANT LAND,0,0,0,,,,37.401092,-121.967954,100,VACANT LAND +25; 1-5ac +12; owner +5; zoning RIA +12,ATTOM taxassessor (Santa Clara County),,
3 Municipal,SAN JOSE CITY,,SAN JOSE,491-02-025,58806,1.350,SANTA CLARA,R1B6,VACANT LAND,0,0,0,,,1978-04-04,37.333437,-121.810604,100,VACANT LAND +25; 1-5ac +12; owner +5; zoning R1B6 +12,ATTOM taxassessor (Santa Clara County),,
3 Municipal,CITY OF CAMPBELL,316 UNION AVE,CAMPBELL,412-28-049,57499,1.320,SANTA CLARA,R-3,VACANT LAND,0,0,0,,2007-10-25,2007-10-25,37.282205,-121.934877,100,VACANT LAND +25; 1-5ac +12; owner +5; zoning R-3 +12,ATTOM taxassessor (Santa Clara County),"Vacant land ~1.32ac, off-market (est ~$4.8M)",redfin.com
3 Municipal,SAN JOSE CITY PUBLIC WORKS RE,PORTOLA REDWOOD LN,SAN JOSE,421-40-102,56719,1.302,SANTA CLARA,R1,VACANT LAND,0,0,0,,2009-12-16,2009-12-16,37.251122,-121.938266,100,VACANT LAND +25; 1-5ac +12; owner +5; zoning R1 +12,ATTOM taxassessor (Santa Clara County),UNVERIFIED — Cambrian (95124); owner = SJ Public Works Real Estate; 1.3ac R1 likely stormwater/landscape/remnant parcel; needs GIS/site check,(no exact match)
3 Municipal,CITY OF SAN JOSE,,SAN JOSE,659-80-051,53570,1.230,SANTA CLARA,R1,VACANT LAND,0,0,0,,2009-08-21,2009-08-21,37.312662,-121.765622,100,VACANT LAND +25; 1-5ac +12; owner +5; zoning R1 +12,ATTOM taxassessor (Santa Clara County),,
3 Municipal,SAN JOSE CITY,,SAN JOSE,595-20-079,52272,1.200,SANTA CLARA,R1-5,VACANT LAND,0,0,0,,,1978-04-27,37.397634,-121.821822,100,VACANT LAND +25; 1-5ac +12; owner +5; zoning R1-5 +12,ATTOM taxassessor (Santa Clara County),,
3 Municipal,SAN JOSE CITY,,SAN JOSE,456-25-003,50889,1.168,SANTA CLARA,R1B6,VACANT LAND,0,0,0,,,,37.290603,-121.877547,100,VACANT LAND +25; 1-5ac +12; owner +5; zoning R1B6 +12,ATTOM taxassessor (Santa Clara County),,
3 Municipal,CITY OF SAN JOSE-PUBLIC WORKS,,SAN JOSE,455-62-031,50442,1.158,SANTA CLARA,R1AB,VACANT LAND,0,0,0,,2009-12-07,2009-12-07,37.282452,-121.856029,100,VACANT LAND +25; 1-5ac +12; owner +5; zoning R1AB +12,ATTOM taxassessor (Santa Clara County),,
3 Municipal,SAN JOSE CITY,,SAN JOSE,494-19-006,47916,1.100,SANTA CLARA,R1AB,VACANT LAND,0,0,0,,,1978-07-26,37.290869,-121.822494,100,VACANT LAND +25; 1-5ac +12; owner +5; zoning R1AB +12,ATTOM taxassessor (Santa Clara County),,
3 Municipal,MT VIEW CITY,1 MAGNOLIA LN,MOUNTAIN VIEW,160-75-025,43995,1.010,SANTA CLARA,R-1,VACANT LAND,0,0,0,,,,37.390143,-122.059297,100,VACANT LAND +25; 1-5ac +12; owner +5; zoning R-1 +12,ATTOM taxassessor (Santa Clara County),"Vacant land ~1ac, off-market; on a residential street",redfin.com; zillow.com
3 Municipal,CITY OF SAN JOSE,,SAN JOSE,659-66-036,43758,1.005,SANTA CLARA,R1,VACANT LAND,0,0,0,,2009-08-21,2009-08-21,37.315381,-121.764769,100,VACANT LAND +25; 1-5ac +12; owner +5; zoning R1 +12,ATTOM taxassessor (Santa Clara County),,
3 Municipal,SAN JOSE CITY,,SAN JOSE,264-13-015,42917,0.985,SANTA CLARA,M1,VACANT LAND,0,0,0,,1994-12-02,1994-12-02,37.321174,-121.912469,100,VACANT LAND +25; <1ac infill +20; owner +5,ATTOM taxassessor (Santa Clara County),,
3 Municipal,SAN JOSE CITY,,SAN JOSE,464-28-010,42489,0.975,SANTA CLARA,R1B6,VACANT LAND,0,0,0,,,1982-12-21,37.253749,-121.858491,100,VACANT LAND +25; <1ac infill +20; owner +5; zoning R1B6 +12,ATTOM taxassessor (Santa Clara County),,
3 Municipal,CITY OF SAN JOSE,2100 S WHITE RD,SAN JOSE,649-24-021,42253,0.970,SANTA CLARA,R1B6,VACANT LAND,0,0,0,,2009-07-07,2009-07-07,37.341203,-121.804991,100,VACANT LAND +25; <1ac infill +20; owner +5; zoning R1B6 +12,ATTOM taxassessor (Santa Clara County),UNVERIFIED — exact parcel not found on listing sites; city-owned 0.97ac R1 on S White Rd; needs GIS/site check,(no exact match)
3 Municipal,SAN JOSE CITY,,SAN JOSE,499-26-003,41790,0.959,SANTA CLARA,R1-8,VACANT LAND,0,0,0,,,1978-08-09,37.307757,-121.832376,100,VACANT LAND +25; <1ac infill +20; owner +5; zoning R1-8 +12,ATTOM taxassessor (Santa Clara County),,
3 Municipal,SAN JOSE CITY RE DIV,,SAN JOSE,464-22-034,40946,0.940,SANTA CLARA,R1B6,VACANT LAND,0,0,0,,2009-03-27,,37.252226,-121.838491,100,VACANT LAND +25; <1ac infill +20; owner +5; zoning R1B6 +12,ATTOM taxassessor (Santa Clara County),,
3 Municipal,CITY OF CAMPBELL,E CAMPBELL AVE,CAMPBELL,279-46-006,39845,0.915,SANTA CLARA,P-D,VACANT LAND,118222,0,118222,0.000,2009-01-13,2009-01-13,37.288771,-121.937743,100,VACANT LAND +25; <1ac infill +20; owner +5,ATTOM taxassessor (Santa Clara County),Downtown Campbell near light-rail station; P-D planned development; area includes former Del Grande dealership site + Campbell 'Starter Home' program — POSSIBLE redevelopment parcel; verify exact parcel/APN,campbellca.gov; propzone.gridics.com
3 Municipal,CITY OF SAN JOSE,KERLEY DR,SAN JOSE,235-05-010,39024,0.896,SANTA CLARA,M1,VACANT LAND,0,0,0,,2014-06-30,2014-06-30,37.361263,-121.906482,100,VACANT LAND +25; <1ac infill +20; owner +5,ATTOM taxassessor (Santa Clara County),UNVERIFIED — industrial/multifamily street (95112); city-owned 0.9ac M1 likely vacant industrial parcel; needs site check,loopnet.com; redfin.com (neighbors only)
3 Municipal,SAN JOSE CITY,,SAN JOSE,660-63-014,38650,0.887,SANTA CLARA,,VACANT LAND,0,0,0,,,,37.306226,-121.762128,100,VACANT LAND +25; <1ac infill +20; owner +5,ATTOM taxassessor (Santa Clara County),,
3 Municipal,SAN JOSE CITY,,SAN JOSE,264-25-126,38163,0.876,SANTA CLARA,R2,VACANT LAND,0,0,0,,,1976-02-24,37.325797,-121.89204,100,VACANT LAND +25; <1ac infill +20; owner +5; zoning R2 +12,ATTOM taxassessor (Santa Clara County),,
3 Municipal,SUNNYVALE CITY,295 W EVELYN AVE,SUNNYVALE,209-06-082,37287,0.856,SANTA CLARA,C3PD,VACANT LAND,0,0,0,,2001-08-22,2001-08-22,37.378142,-122.030278,100,VACANT LAND +25; <1ac infill +20; owner +5,ATTOM taxassessor (Santa Clara County),"Vacant land ~0.86ac, off-market (Redfin/Zillow); C3PD commercial-PD along Sunnyvale rail corridor",redfin.com; zillow.com
3 Municipal,SAN JOSE CITY (CA),280 S 2ND ST,SAN JOSE,467-46-097,37120,0.852,SANTA CLARA,CG,VACANT LAND,0,0,0,,2003-12-04,,37.33256,-121.885736,100,VACANT LAND +25; <1ac infill +20; owner +5,ATTOM taxassessor (Santa Clara County),"NOT vacant despite assessor 'vacant land' — site is the 2nd & San Carlos Street parking garage + 3Below Theaters, downtown SJ (city-owned)",yelp.com; loopnet.com; parksj.org
3 Municipal,SAN JOSE CITY,,SAN JOSE,659-55-045,36684,0.842,SANTA CLARA,R1,VACANT LAND,0,0,0,,,,37.315692,-121.77074,100,VACANT LAND +25; <1ac infill +20; owner +5; zoning R1 +12,ATTOM taxassessor (Santa Clara County),,
3 Municipal,CITY OF SAN JOSE,,SAN JOSE,472-43-081,36590,0.840,SANTA CLARA,R1,VACANT LAND,0,0,0,,2007-08-13,2007-08-13,37.343199,-121.857448,100,VACANT LAND +25; <1ac infill +20; owner +5; zoning R1 +12,ATTOM taxassessor (Santa Clara County),,
3 Municipal,MT VIEW CITY,,MOUNTAIN VIEW,153-27-020,36510,0.838,SANTA CLARA,PF,VACANT LAND,0,0,0,,,,37.398132,-122.07867,100,VACANT LAND +25; <1ac infill +20; owner +5,ATTOM taxassessor (Santa Clara County),,
3 Municipal,SAN JOSE CITY,SIERRA MEADOW CT,SAN JOSE,484-44-056,36400,0.836,SANTA CLARA,SJ,VACANT LAND,0,0,0,,,1988-03-28,37.356333,-121.83617,100,VACANT LAND +25; <1ac infill +20; owner +5,ATTOM taxassessor (Santa Clara County),NOT INDIVIDUALLY VERIFIED — court in a subdivision; city 0.84ac likely open-space/landscape remnant; recommend GIS/site check,(not searched individually)
3 Municipal,CITY OF SAN JOSE,509 RIALTO PL,SAN JOSE,277-38-011,35284,0.810,SANTA CLARA,R1,VACANT LAND,0,0,0,,2016-05-17,2016-05-17,37.318031,-121.945737,100,VACANT LAND +25; <1ac infill +20; owner +5; zoning R1 +12,ATTOM taxassessor (Santa Clara County),"AMBIGUOUS — address resolves to a 2013 condo/townhouse (private, sold $1.24M 2019); city 'vacant' 0.81ac parcel likely complex common-area/remnant; needs APN-level check",zillow.com; redfin.com
3 Municipal,SAN JOSE CITY (CA),340 W SAINT JOHN ST,SAN JOSE,259-36-084,33134,0.761,SANTA CLARA,LI,VACANT LAND,0,0,0,,2003-06-26,,37.334548,-121.897948,100,VACANT LAND +25; <1ac infill +20; owner +5,ATTOM taxassessor (Santa Clara County),"Vacant land, off-market, downtown SJ near 3rd St Garage (Redfin ~1.03ac vs assessor 0.76ac)",redfin.com
3 Municipal,CITY OF SAN JOSE,,SAN JOSE,659-63-053,33105,0.760,SANTA CLARA,R1,VACANT LAND,0,0,0,,2005-07-07,2005-07-07,37.315356,-121.7744,100,VACANT LAND +25; <1ac infill +20; owner +5; zoning R1 +12,ATTOM taxassessor (Santa Clara County),,
3 Municipal,MT VIEW CITY,,MOUNTAIN VIEW,116-05-062,32400,0.744,SANTA CLARA,P(1),VACANT LAND,0,0,0,,,,37.425132,-122.086855,100,VACANT LAND +25; <1ac infill +20; owner +5,ATTOM taxassessor (Santa Clara County),,
2 Santa Clara County,SANTA CLARA COUNTY CTRL FIRE,21000 SEVEN SPRINGS PKWY # PY,CUPERTINO,366-26-035,31910,0.733,SANTA CLARA,R1,VACANT LAND,0,0,0,,2001-11-29,2001-11-29,37.297937,-122.041643,100,VACANT LAND +25; <1ac infill +20; owner +5; zoning R1 +12,ATTOM taxassessor (Santa Clara County),"NOT vacant — active Seven Springs Fire Station (Station 72; Engine/Hazmat/Battalion 72), county fire. Assessor 'vacant land' is incorrect; not buildable",countyoffice.org; yourfiredepartment.org
3 Municipal,CITY OF SAN JOSE,335 EMORY ST,SAN JOSE,259-03-035,31860,0.731,SANTA CLARA,R1-8,VACANT LAND,0,0,0,,1989-03-22,,37.347333,-121.909532,100,VACANT LAND +25; <1ac infill +20; owner +5; zoning R1-8 +12,ATTOM taxassessor (Santa Clara County),"UNVERIFIED — 335 not indexed on listing sites; city-owned 0.73ac R1-8 in residential area near downtown/Rose Garden, off-market; needs GIS/site check",redfin.com (no exact match)
3 Municipal,SAN JOSE CITY,,SAN JOSE,097-09-027,31799,0.730,SANTA CLARA,IP,VACANT LAND,0,0,0,,,1990-04-10,37.401245,-121.933607,100,VACANT LAND +25; <1ac infill +20; owner +5,ATTOM taxassessor (Santa Clara County),,
3 Municipal,SANTA CLARA CITY,,SANTA CLARA,224-08-150,31050,0.713,SANTA CLARA,ML,VACANT LAND,0,0,0,,2009-03-11,2009-03-11,37.375858,-121.954319,100,VACANT LAND +25; <1ac infill +20; owner +5,ATTOM taxassessor (Santa Clara County),,
4 School / Public Ed,PALO ALTO UNIFIED SCHOOL DISTR,569 SAN ANTONIO RD,PALO ALTO,147-08-046,30943,0.710,SANTA CLARA,R1B8,VACANT LAND,0,0,0,,2011-11-01,2011-11-01,37.415157,-122.104644,100,VACANT LAND +25; <1ac infill +20; owner +5; zoning R1B8 +12,ATTOM taxassessor (Santa Clara County),NOT vacant — operating preschool/daycare (Building Kidz of Palo Alto South) on Palo Alto Unified SD land (in use/leased). Assessor 'vacant' incorrect,yelp.com; care.com; buildingkidzschool.com
3 Municipal,CITY OF CAMPBELL,930 DELL AVE,CAMPBELL,424-40-009,29969,0.688,SANTA CLARA,M-1,VACANT LAND,1553941,0,1553941,0.000,2021-12-15,2021-12-15,37.272981,-121.951932,100,VACANT LAND +25; <1ac infill +20; owner +5,ATTOM taxassessor (Santa Clara County),"Vacant land ~0.68ac, off-market (last sold $1.5M 2019); M-1 light-industrial, Campbell",redfin.com; zillow.com
3 Municipal,CITY OF SAN JOSE,,SAN JOSE,434-16-059,29250,0.671,SANTA CLARA,R1,VACANT LAND,0,0,0,,2011-12-23,2011-12-23,37.308937,-121.890415,100,VACANT LAND +25; <1ac infill +20; owner +5; zoning R1 +12,ATTOM taxassessor (Santa Clara County),,
4 School / Public Ed,SAN JOSE UNIFIED SCHOOL DISTRI,,SAN JOSE,249-63-044,29200,0.670,SANTA CLARA,R1,VACANT LAND,0,0,0,,2003-06-16,,37.354237,-121.875754,100,VACANT LAND +25; <1ac infill +20; owner +5; zoning R1 +12,ATTOM taxassessor (Santa Clara County),,
3 Municipal,CITY OF SAN JOSE,,SAN JOSE,467-12-014,29148,0.669,SANTA CLARA,,VACANT LAND,0,0,0,,2006-06-22,2006-06-22,37.345624,-121.872056,100,VACANT LAND +25; <1ac infill +20; owner +5,ATTOM taxassessor (Santa Clara County),,
3 Municipal,SAN JOSE CITY,,SAN JOSE,659-48-067,28979,0.665,SANTA CLARA,R1B1,VACANT LAND,0,0,0,,,,37.313942,-121.780184,100,VACANT LAND +25; <1ac infill +20; owner +5; zoning R1B1 +12,ATTOM taxassessor (Santa Clara County),,
3 Municipal,SAN JOSE CITY,,SAN JOSE,254-19-045,28950,0.665,SANTA CLARA,R18PD,VACANT LAND,0,0,0,,,1981-11-25,37.37088,-121.863483,100,VACANT LAND +25; <1ac infill +20; owner +5; zoning R18PD +12,ATTOM taxassessor (Santa Clara County),,
2 Santa Clara County,SANTA CLARA COUNTY,,SAN JOSE,462-14-025,28240,0.648,SANTA CLARA,,VACANT LAND,0,0,0,,,,37.270943,-121.860758,100,VACANT LAND +25; <1ac infill +20; owner +5,ATTOM taxassessor (Santa Clara County),,
3 Municipal,SAN JOSE CITY (CA),,SAN JOSE,660-64-114,27875,0.640,SANTA CLARA,R1,VACANT LAND,0,0,0,,2001-04-11,,37.312601,-121.75933,100,VACANT LAND +25; <1ac infill +20; owner +5; zoning R1 +12,ATTOM taxassessor (Santa Clara County),,
3 Municipal,SAN JOSE CITY,,SAN JOSE,601-10-070,27800,0.638,SANTA CLARA,C1,VACANT LAND,0,0,0,,,1987-12-31,37.366899,-121.827689,100,VACANT LAND +25; <1ac infill +20; owner +5,ATTOM taxassessor (Santa Clara County),,
3 Municipal,SAN JOSE CITY,,SAN JOSE,403-38-001,27230,0.625,SANTA CLARA,R1,VACANT LAND,0,0,0,,,1981-04-28,37.272523,-121.993725,100,VACANT LAND +25; <1ac infill +20; owner +5; zoning R1 +12,ATTOM taxassessor (Santa Clara County),,
3 Municipal,CITY OF SAN JOSE,,SAN JOSE,659-62-083,27023,0.620,SANTA CLARA,R1-25,VACANT LAND,34946,0,34946,0.000,2023-05-03,,37.322839,-121.770315,100,VACANT LAND +25; <1ac infill +20; owner +5; zoning R1-25 +12,ATTOM taxassessor (Santa Clara County),,
3 Municipal,SAN JOSE CITY,,SAN JOSE,670-30-023,27007,0.620,SANTA CLARA,R16PD,VACANT LAND,0,0,0,,,1979-05-31,37.317153,-121.810246,100,VACANT LAND +25; <1ac infill +20; owner +5; zoning R16PD +12,ATTOM taxassessor (Santa Clara County),,
3 Municipal,SANTA CLARA CITY,,SAN JOSE,101-03-010,26702,0.613,SANTA CLARA,HI,VACANT LAND,961,0,961,0.000,,,37.376936,-121.937144,100,VACANT LAND +25; <1ac infill +20; owner +5,ATTOM taxassessor (Santa Clara County),,
3 Municipal,SAN JOSE CITY,,SAN JOSE,659-57-012,26571,0.610,SANTA CLARA,R1,VACANT LAND,0,0,0,,,,37.313544,-121.775548,100,VACANT LAND +25; <1ac infill +20; owner +5; zoning R1 +12,ATTOM taxassessor (Santa Clara County),,
2 Santa Clara County,SANTA CLARA COUNTY,2358 ALUM ROCK AVE,SAN JOSE,484-41-168,26478,0.608,SANTA CLARA,MS-G,VACANT LAND,0,0,0,,,,37.35857,-121.842332,100,VACANT LAND +25; <1ac infill +20; owner +5,ATTOM taxassessor (Santa Clara County),"NOT vacant — developed as Vela Apartments (7-story, 87 affordable homes, Mayfair/East SJ). Assessor 'vacant land' is stale; not available",affordablehousing.com; loopnet.com
3 Municipal,CITY OF SAN JOSE,,SAN JOSE,689-17-067,26136,0.600,SANTA CLARA,R1B6,VACANT LAND,0,0,0,,2009-04-17,,37.245398,-121.830501,100,VACANT LAND +25; <1ac infill +20; owner +5; zoning R1B6 +12,ATTOM taxassessor (Santa Clara County),,
3 Municipal,CITY OF PALO ALTO,,PALO ALTO,147-09-051,25700,0.590,SANTA CLARA,LMSD,VACANT LAND,0,0,0,,2010-04-09,2010-04-09,37.40965,-122.107768,100,VACANT LAND +25; <1ac infill +20; owner +5,ATTOM taxassessor (Santa Clara County),,
3 Municipal,CITY OF SANTA CLARA,1031 EL CAMINO REAL,SANTA CLARA,224-28-035,25690,0.590,SANTA CLARA,CT,VACANT LAND,0,0,0,,2014-09-22,2014-09-22,37.354771,-121.947848,100,VACANT LAND +25; <1ac infill +20; owner +5,ATTOM taxassessor (Santa Clara County),"Vacant commercial lot on El Camino Real corridor, off-market (listing size 9,050sf vs assessor 0.59ac — discrepancy); CT zoning",propertyshark.com; redfin.com
4 School / Public Ed,CAMPBELL UNION SCHOOL DISTRICT,,SAN JOSE,282-33-009,24720,0.567,SANTA CLARA,R1,VACANT LAND,0,0,0,,1997-06-06,,37.309711,-121.926451,100,VACANT LAND +25; <1ac infill +20; owner +5; zoning R1 +12,ATTOM taxassessor (Santa Clara County),,
3 Municipal,MT VIEW CITY,,MOUNTAIN VIEW,116-21-055,24426,0.561,SANTA CLARA,P(34),VACANT LAND,0,0,0,,,,37.421332,-122.081056,100,VACANT LAND +25; <1ac infill +20; owner +5,ATTOM taxassessor (Santa Clara County),,
4 School / Public Ed,EVERGREEN SCHOOL DISTRICT,,SAN JOSE,659-47-081,23958,0.550,SANTA CLARA,R1B1,VACANT LAND,0,0,0,,2008-04-16,2008-04-16,37.310553,-121.779484,100,VACANT LAND +25; <1ac infill +20; owner +5; zoning R1B1 +12,ATTOM taxassessor (Santa Clara County),,
4 School / Public Ed,S D SUNNYVALE,,SUNNYVALE,104-18-061,23958,0.550,SANTA CLARA,R0,VACANT LAND,0,0,0,,,,37.395751,-121.990726,100,VACANT LAND +25; <1ac infill +20; owner +5; zoning R0 +12,ATTOM taxassessor (Santa Clara County),,
3 Municipal,SAN JOSE CITY (CA),,SAN JOSE,472-39-019,23525,0.540,SANTA CLARA,R1,VACANT LAND,0,0,0,,1999-02-25,,37.332004,-121.865734,100,VACANT LAND +25; <1ac infill +20; owner +5; zoning R1 +12,ATTOM taxassessor (Santa Clara County),,
3 Municipal,CITY OF SAN JOSE,1370 AUZERAIS AVE,SAN JOSE,264-08-075,23087,0.530,SANTA CLARA,C3,VACANT LAND,0,0,0,,2007-10-30,2007-10-30,37.320608,-121.912453,100,VACANT LAND +25; <1ac infill +20; owner +5,ATTOM taxassessor (Santa Clara County),"Vacant lot ~0.53ac, off-market, near downtown/Diridon SJ (acreage matches assessor); C3",trulia.com
3 Municipal,SAN JOSE CITY,,SAN JOSE,462-15-039,22816,0.000,SANTA CLARA,SJ,VACANT LAND,0,0,0,,2009-10-13,,37.275319,-121.861166,100,VACANT LAND +25; <1ac infill +20; owner +5,ATTOM taxassessor (Santa Clara County),,
3 Municipal,CITY OF SAN JOSE,,SAN JOSE,254-39-026,22651,0.520,SANTA CLARA,I,VACANT LAND,0,0,0,,1993-09-09,,37.365072,-121.878296,100,VACANT LAND +25; <1ac infill +20; owner +5,ATTOM taxassessor (Santa Clara County),,
3 Municipal,CITY OF MOUNTAIN VIEW,715 YUBA DR,MOUNTAIN VIEW,161-02-012,21804,0.501,SANTA CLARA,R3-1,VACANT LAND,0,0,0,,2006-01-20,2006-01-20,37.381859,-122.068525,100,VACANT LAND +25; <1ac infill +20; owner +5; zoning R3-1 +12,ATTOM taxassessor (Santa Clara County),"UNVERIFIED — in a retail/commercial area (neighbors 778/780 Yuba are strip retail); city-owned 0.5ac R3-1; exact current use unconfirmed, needs site check",homes.com; enrichedrealestate.com
3 Municipal,MOUNTAIN VIEW CITY (CA),62 DEVONSHIRE AVE,MOUNTAIN VIEW,160-10-021,21490,0.493,SANTA CLARA,R3-2*,VACANT LAND,0,0,0,,1998-01-21,1996-06-20,37.403825,-122.0592,100,VACANT LAND +25; <1ac infill +20; owner +5; zoning R3-2* +12,ATTOM taxassessor (Santa Clara County),"NOT vacant — Devonshire Park (public park, opened 2007). Assessor 'vacant land' stale; not buildable",yelp.com; mountainview.gov facility directory
3 Municipal,SAN JOSE CITY,,SAN JOSE,259-07-001,21200,0.487,SANTA CLARA,R2,VACANT LAND,0,0,0,,2002-07-03,2002-07-03,37.346449,-121.905754,100,VACANT LAND +25; <1ac infill +20; owner +5; zoning R2 +12,ATTOM taxassessor (Santa Clara County),,
3 Municipal,SANTA CLARA CITY,,SANTA CLARA,097-08-027,21126,0.485,SANTA CLARA,PD HT,VACANT LAND,0,0,0,,,1986-12-31,37.399455,-121.947141,100,VACANT LAND +25; <1ac infill +20; owner +5,ATTOM taxassessor (Santa Clara County),,
3 Municipal,MT VIEW CITY,MARICH WAY,MOUNTAIN VIEW,170-05-047,20926,0.480,SANTA CLARA,PF,VACANT LAND,0,0,0,,,,37.392721,-122.101136,100,VACANT LAND +25; <1ac infill +20; owner +5,ATTOM taxassessor (Santa Clara County),,
3 Municipal,SAN JOSE CITY,,SAN JOSE,259-44-086,20603,0.473,SANTA CLARA,C3H,VACANT LAND,0,0,0,,,,37.330341,-121.894827,100,VACANT LAND +25; <1ac infill +20; owner +5,ATTOM taxassessor (Santa Clara County),,
3 Municipal,SAN JOSE CITY,,SAN JOSE,097-09-024,20473,0.470,SANTA CLARA,IP,VACANT LAND,0,0,0,,,1990-04-10,37.401088,-121.933912,100,VACANT LAND +25; <1ac infill +20; owner +5,ATTOM taxassessor (Santa Clara County),,
3 Municipal,SAN JOSE CITY,,SAN JOSE,659-68-021,20451,0.469,SANTA CLARA,R1,VACANT LAND,0,0,0,,,,37.322408,-121.765296,100,VACANT LAND +25; <1ac infill +20; owner +5; zoning R1 +12,ATTOM taxassessor (Santa Clara County),,
3 Municipal,CITY OF SAN JOSE,,SAN JOSE,601-15-067,20230,0.464,SANTA CLARA,R1-6,VACANT LAND,0,0,0,,2008-09-17,2008-09-17,37.374078,-121.818253,100,VACANT LAND +25; <1ac infill +20; owner +5; zoning R1-6 +12,ATTOM taxassessor (Santa Clara County),,
2 Santa Clara County,SANTA CLARA COUNTY,,SAN JOSE,230-35-101,20000,0.459,SANTA CLARA,R-1-8,VACANT LAND,0,0,0,,,,37.357665,-121.908656,100,VACANT LAND +25; <1ac infill +20; owner +5; zoning R-1-8 +12,ATTOM taxassessor (Santa Clara County),,
3 Municipal,SAN JOSE CITY,348 SEYMOUR ST,SAN JOSE,259-16-116,20000,0.459,SANTA CLARA,SJ,VACANT LAND,0,0,0,,,1981-01-26,37.343889,-121.905117,100,VACANT LAND +25; <1ac infill +20; owner +5,ATTOM taxassessor (Santa Clara County),,
3 Municipal,SAN JOSE CITY,351 TOWER HILL AVE,SAN JOSE,455-63-017,19820,0.455,SANTA CLARA,R1-8,VACANT LAND,0,0,0,,2008-11-03,2008-11-03,37.287179,-121.8612,100,VACANT LAND +25; <1ac infill +20; owner +5; zoning R1-8 +12,ATTOM taxassessor (Santa Clara County),,
3 Municipal,CUPERTINO CITY,ORCHARD ST,CUPERTINO,326-17-004,19600,0.450,SANTA CLARA,R322,VACANT LAND,0,0,0,,1998-03-27,1998-03-27,37.323135,-122.061839,100,VACANT LAND +25; <1ac infill +20; owner +5; zoning R322 +12,ATTOM taxassessor (Santa Clara County),,
3 Municipal,SAN JOSE CITY,,SAN JOSE,259-37-042,19579,0.449,SANTA CLARA,M4,VACANT LAND,0,0,0,,,,37.33386,-121.899182,100,VACANT LAND +25; <1ac infill +20; owner +5,ATTOM taxassessor (Santa Clara County),,
3 Municipal,SAN JOSE CITY,,SAN JOSE,230-38-114,19447,0.446,SANTA CLARA,,VACANT LAND,0,0,0,,,1988-05-11,37.35247,-121.911753,100,VACANT LAND +25; <1ac infill +20; owner +5,ATTOM taxassessor (Santa Clara County),,
3 Municipal,CITY OF SAN JOSE,,SAN JOSE,264-11-100,19425,0.446,SANTA CLARA,SJ,VACANT LAND,0,0,0,,2011-12-23,2011-12-23,37.314427,-121.90319,100,VACANT LAND +25; <1ac infill +20; owner +5,ATTOM taxassessor (Santa Clara County),,
3 Municipal,SANTA CLARA CITY,2339 GIANERA ST,SANTA CLARA,104-05-054,19320,0.444,SANTA CLARA,R16L,VACANT LAND,0,0,0,,,1979-05-23,37.399983,-121.967856,100,VACANT LAND +25; <1ac infill +20; owner +5; zoning R16L +12,ATTOM taxassessor (Santa Clara County),,
3 Municipal,SANTA CLARA CITY OF SPORTS & OPEN S,,SANTA CLARA,097-05-100,19094,0.438,SANTA CLARA,B,VACANT LAND,0,0,0,,,1989-02-09,37.404602,-121.954577,100,VACANT LAND +25; <1ac infill +20; owner +5,ATTOM taxassessor (Santa Clara County),,
3 Municipal,SAN JOSE CITY,LEWIS RD,SAN JOSE,497-32-015,18730,0.430,SANTA CLARA,M1,VACANT LAND,0,0,0,,,,37.291525,-121.846714,100,VACANT LAND +25; <1ac infill +20; owner +5,ATTOM taxassessor (Santa Clara County),,
3 Municipal,SAN JOSE CITY,180 W SAINT JOHN ST,SAN JOSE,259-35-050,18450,0.424,SANTA CLARA,CG,VACANT LAND,0,0,0,,,,37.336333,-121.894678,100,VACANT LAND +25; <1ac infill +20; owner +5,ATTOM taxassessor (Santa Clara County),,
3 Municipal,SAN JOSE CITY (CA),,SAN JOSE,259-36-082,18219,0.418,SANTA CLARA,LI,VACANT LAND,0,0,0,,2003-06-26,,37.333911,-121.897726,100,VACANT LAND +25; <1ac infill +20; owner +5,ATTOM taxassessor (Santa Clara County),,
3 Municipal,SAN JOSE CITY,,SAN JOSE,259-03-148,18191,0.418,SANTA CLARA,R1-8,VACANT LAND,0,0,0,,,1987-01-16,37.34903,-121.909203,100,VACANT LAND +25; <1ac infill +20; owner +5; zoning R1-8 +12,ATTOM taxassessor (Santa Clara County),,
3 Municipal,SAN JOSE CITY,,SAN JOSE,259-06-068,18146,0.000,SANTA CLARA,,VACANT LAND,0,0,0,,,,37.348073,-121.903624,100,VACANT LAND +25; <1ac infill +20; owner +5,ATTOM taxassessor (Santa Clara County),,
3 Municipal,CUPERTINO CITY,,CUPERTINO,326-27-033,17902,0.411,SANTA CLARA,R322,VACANT LAND,0,0,0,,,1974-05-24,37.323859,-122.046064,100,VACANT LAND +25; <1ac infill +20; owner +5; zoning R322 +12,ATTOM taxassessor (Santa Clara County),,
3 Municipal,SAN JOSE CITY,,SAN JOSE,595-27-029,17424,0.400,SANTA CLARA,R1B1,VACANT LAND,0,0,0,,,1987-09-22,37.399348,-121.823,100,VACANT LAND +25; <1ac infill +20; owner +5; zoning R1B1 +12,ATTOM taxassessor (Santa Clara County),,
3 Municipal,SAN JOSE CITY,,SAN JOSE,259-15-074,17076,0.392,SANTA CLARA,R,VACANT LAND,0,0,0,,,1985-11-07,37.343327,-121.902898,100,VACANT LAND +25; <1ac infill +20; owner +5; zoning R +12,ATTOM taxassessor (Santa Clara County),,
3 Municipal,CAMPBELL CITY,90 S 1ST ST,CAMPBELL,412-07-043,17014,0.391,SANTA CLARA,PF/OS,VACANT LAND,0,0,0,,1994-12-02,1994-12-02,37.2858,-121.944596,100,VACANT LAND +25; <1ac infill +20; owner +5,ATTOM taxassessor (Santa Clara County),,
3 Municipal,SAN JOSE CITY,,SAN JOSE,264-25-127,16988,0.390,SANTA CLARA,R2,VACANT LAND,0,0,0,,,,37.326246,-121.892393,100,VACANT LAND +25; <1ac infill +20; owner +5; zoning R2 +12,ATTOM taxassessor (Santa Clara County),,
4 School / Public Ed,S D SUNNYVALE,,SUNNYVALE,165-11-008,16706,0.384,SANTA CLARA,,VACANT LAND,0,0,0,,,1948-02-03,37.376285,-122.039186,100,VACANT LAND +25; <1ac infill +20; owner +5,ATTOM taxassessor (Santa Clara County),,
3 Municipal,CITY OF SAN JOSE,736 SUNOL ST,SAN JOSE,264-11-024,16555,0.380,SANTA CLARA,HI,VACANT LAND,0,0,0,,2017-04-27,2017-04-27,37.319766,-121.905397,100,VACANT LAND +25; <1ac infill +20; owner +5,ATTOM taxassessor (Santa Clara County),,
3 Municipal,CITY OF SAN JOSE,224 WOZ WAY,SAN JOSE,264-31-109,16522,0.379,SANTA CLARA,C2,VACANT LAND,0,0,0,,2016-08-26,,37.326569,-121.888641,100,VACANT LAND +25; <1ac infill +20; owner +5,ATTOM taxassessor (Santa Clara County),,
2 Santa Clara County,SANTA CLARA COUNTY,,SAN JOSE,583-16-014,15360,0.353,SANTA CLARA,RR-H1,VACANT LAND,0,0,0,,,1974-12-13,37.174755,-121.82493,100,VACANT LAND +25; <1ac infill +20; owner +5; zoning RR-H1 +12,ATTOM taxassessor (Santa Clara County),,
3 Municipal,SAN JOSE CITY,,SAN JOSE,284-03-046,15342,0.352,SANTA CLARA,R1,VACANT LAND,0,0,0,,2002-07-17,2002-07-17,37.307452,-121.91619,100,VACANT LAND +25; <1ac infill +20; owner +5; zoning R1 +12,ATTOM taxassessor (Santa Clara County),,
3 Municipal,SAN JOSE CITY,,SAN JOSE,595-20-042,15246,0.350,SANTA CLARA,R1-5,VACANT LAND,0,0,0,,,1986-11-10,37.396927,-121.821659,100,VACANT LAND +25; <1ac infill +20; owner +5; zoning R1-5 +12,ATTOM taxassessor (Santa Clara County),,
3 Municipal,SAN JOSE CITY,,SAN JOSE,678-93-036,14810,0.340,SANTA CLARA,,VACANT LAND,0,0,0,,,,37.256861,-121.792219,100,VACANT LAND +25; <1ac infill +20; owner +5,ATTOM taxassessor (Santa Clara County),,
3 Municipal,CITY OF SAN JOSE,,SAN JOSE,264-25-128,14392,0.330,SANTA CLARA,,VACANT LAND,0,0,0,,2009-08-18,,37.326463,-121.89274,100,VACANT LAND +25; <1ac infill +20; owner +5,ATTOM taxassessor (Santa Clara County),,
3 Municipal,SAN JOSE CITY,,SAN JOSE,467-22-161,14377,0.330,SANTA CLARA,,VACANT LAND,0,0,0,,,,37.333847,-121.886836,100,VACANT LAND +25; <1ac infill +20; owner +5,ATTOM taxassessor (Santa Clara County),,
3 Municipal,SAN JOSE CITY,,SAN JOSE,467-20-085,14374,0.330,SANTA CLARA,R4,VACANT LAND,0,0,0,,,,37.338624,-121.88741,100,VACANT LAND +25; <1ac infill +20; owner +5; zoning R4 +12,ATTOM taxassessor (Santa Clara County),,
3 Municipal,MT VIEW CITY,,MOUNTAIN VIEW,116-21-053,14367,0.330,SANTA CLARA,P(34),VACANT LAND,0,0,0,,,,37.422829,-122.081053,100,VACANT LAND +25; <1ac infill +20; owner +5,ATTOM taxassessor (Santa Clara County),,
3 Municipal,SAN JOSE CITY,137 MONTAGUE EXPY,SAN JOSE,097-06-056,14322,0.329,SANTA CLARA,IP,VACANT LAND,0,0,0,,,,37.396176,-121.940282,100,VACANT LAND +25; <1ac infill +20; owner +5,ATTOM taxassessor (Santa Clara County),,
3 Municipal,SAN JOSE CITY,3960 CLAITOR WAY,SAN JOSE,595-20-003,14040,0.322,SANTA CLARA,R1-5,VACANT LAND,0,0,0,,,1978-04-27,37.398781,-121.821177,100,VACANT LAND +25; <1ac infill +20; owner +5; zoning R1-5 +12,ATTOM taxassessor (Santa Clara County),,
3 Municipal,CITY OF SAN JOSE,,SAN JOSE,659-80-050,13984,0.321,SANTA CLARA,R1,VACANT LAND,0,0,0,,2009-08-21,2009-08-21,37.313905,-121.766124,100,VACANT LAND +25; <1ac infill +20; owner +5; zoning R1 +12,ATTOM taxassessor (Santa Clara County),,
3 Municipal,SAN JOSE CITY (CA),,SAN JOSE,660-64-113,13881,0.319,SANTA CLARA,R1,VACANT LAND,0,0,0,,2001-04-11,,37.313019,-121.761032,100,VACANT LAND +25; <1ac infill +20; owner +5; zoning R1 +12,ATTOM taxassessor (Santa Clara County),,
3 Municipal,SANTA CLARA CITY,,SANTA CLARA,230-07-057,13503,0.310,SANTA CLARA,,VACANT LAND,0,0,0,,,,37.354544,-121.942057,100,VACANT LAND +25; <1ac infill +20; owner +5,ATTOM taxassessor (Santa Clara County),,
3 Municipal,SAN JOSE CITY,2348 MADDEN AVE,SAN JOSE,484-02-060,13489,0.000,SANTA CLARA,R1-8,VACANT LAND,0,0,0,,2004-07-02,2004-07-02,37.361761,-121.844588,100,VACANT LAND +25; <1ac infill +20; owner +5; zoning R1-8 +12,ATTOM taxassessor (Santa Clara County),,
3 Municipal,PALO ALTO CITY,,PALO ALTO,116-01-047,13224,0.304,SANTA CLARA,LM1,VACANT LAND,0,0,0,,,1971-12-21,37.4319,-122.100577,100,VACANT LAND +25; <1ac infill +20; owner +5,ATTOM taxassessor (Santa Clara County),,
3 Municipal,SAN JOSE CITY,,SAN JOSE,660-72-024,13222,0.304,SANTA CLARA,R1,VACANT LAND,0,0,0,,2017-12-21,2017-12-21,37.285332,-121.76191,100,VACANT LAND +25; <1ac infill +20; owner +5; zoning R1 +12,ATTOM taxassessor (Santa Clara County),,
3 Municipal,SAN JOSE CITY,,SAN JOSE,706-01-030,12791,0.294,SANTA CLARA,I,VACANT LAND,0,0,0,,,1976-03-10,37.232263,-121.771999,100,VACANT LAND +25; <1ac infill +20; owner +5,ATTOM taxassessor (Santa Clara County),,
3 Municipal,SAN JOSE CITY,,SAN JOSE,458-11-027,12575,0.000,SANTA CLARA,,VACANT LAND,0,0,0,,,,37.258256,-121.86477,100,VACANT LAND +25; <1ac infill +20; owner +5,ATTOM taxassessor (Santa Clara County),,
4 School / Public Ed,PLEASANT S D MT,,SAN JOSE,647-23-028,12197,0.280,SANTA CLARA,R1-8,VACANT LAND,0,0,0,,,1975-07-17,37.353277,-121.80149,100,VACANT LAND +25; <1ac infill +20; owner +5; zoning R1-8 +12,ATTOM taxassessor (Santa Clara County),,
3 Municipal,SAN JOSE CITY,,SAN JOSE,484-06-008,12060,0.277,SANTA CLARA,C1,VACANT LAND,0,0,0,,,1987-10-13,37.363712,-121.842762,100,VACANT LAND +25; <1ac infill +20; owner +5,ATTOM taxassessor (Santa Clara County),,
3 Municipal,SAN JOSE CITY,,SAN JOSE,660-63-007,11954,0.274,SANTA CLARA,,VACANT LAND,0,0,0,,,,37.30503,-121.763002,100,VACANT LAND +25; <1ac infill +20; owner +5,ATTOM taxassessor (Santa Clara County),,
3 Municipal,MT VIEW CITY,,MOUNTAIN VIEW,153-14-026,11941,0.274,SANTA CLARA,PF,VACANT LAND,0,0,0,,,,37.411795,-122.083937,100,VACANT LAND +25; <1ac infill +20; owner +5,ATTOM taxassessor (Santa Clara County),,
3 Municipal,CITY OF CUPERTINO,22000 STEVENS CREEK BLVD,CUPERTINO,357-11-029,11898,0.273,SANTA CLARA,PR,VACANT LAND,0,0,0,,2008-08-12,2008-08-12,37.322882,-122.058769,100,VACANT LAND +25; <1ac infill +20; owner +5,ATTOM taxassessor (Santa Clara County),,
3 Municipal,SAN JOSE CITY,,SAN JOSE,499-22-037,11550,0.265,SANTA CLARA,R1B6,VACANT LAND,0,0,0,,,1978-04-13,37.310019,-121.838415,100,VACANT LAND +25; <1ac infill +20; owner +5; zoning R1B6 +12,ATTOM taxassessor (Santa Clara County),,
3 Municipal,SAN JOSE CITY,,SAN JOSE,097-52-039,11434,0.262,SANTA CLARA,IP,VACANT LAND,0,0,0,,,1983-07-22,37.415976,-121.955944,100,VACANT LAND +25; <1ac infill +20; owner +5,ATTOM taxassessor (Santa Clara County),,
3 Municipal,SAN JOSE CITY DEPT OF PUBLIC W,,SAN JOSE,264-26-100,11408,0.262,SANTA CLARA,,VACANT LAND,0,0,0,,2008-12-23,,37.327319,-121.893626,100,VACANT LAND +25; <1ac infill +20; owner +5,ATTOM taxassessor (Santa Clara County),,
3 Municipal,CITY OF MOUNTAIN VIEW,FRANKLIN ST,MOUNTAIN VIEW,158-13-030,11250,0.258,SANTA CLARA,P(19),VACANT LAND,0,0,0,,2015-08-11,2009-01-08,37.393662,-122.081429,100,VACANT LAND +25; <1ac infill +20; owner +5,ATTOM taxassessor (Santa Clara County),,
2 Santa Clara County,COUNTY OF SANTA CLARA,,SAN JOSE,678-08-056,10998,0.252,SANTA CLARA,M1,VACANT LAND,0,0,0,,2020-10-23,2020-10-23,37.250977,-121.771967,100,VACANT LAND +25; <1ac infill +20; owner +5,ATTOM taxassessor (Santa Clara County),,
3 Municipal,SAN JOSE CITY (CA),LOCUST ST,SAN JOSE,434-11-043,10960,0.252,SANTA CLARA,R2,VACANT LAND,0,0,0,,2003-01-10,,37.313479,-121.880504,100,VACANT LAND +25; <1ac infill +20; owner +5; zoning R2 +12,ATTOM taxassessor (Santa Clara County),,
3 Municipal,SANTA CLARA CITY,,SAN JOSE,097-08-112,10865,0.249,SANTA CLARA,PD HT,VACANT LAND,0,0,0,,,,37.395741,-121.941681,100,VACANT LAND +25; <1ac infill +20; owner +5,ATTOM taxassessor (Santa Clara County),,
3 Municipal,SAN JOSE CITY,STARDUST LN,SAN JOSE,464-36-060,10804,0.248,SANTA CLARA,R1-8,VACANT LAND,0,0,0,,,1973-04-27,37.253847,-121.849227,100,VACANT LAND +25; <1ac infill +20; owner +5; zoning R1-8 +12,ATTOM taxassessor (Santa Clara County),,
3 Municipal,SAN JOSE CITY,,SAN JOSE,259-39-094,10800,0.248,SANTA CLARA,SJ,VACANT LAND,0,0,0,,,1974-01-02,37.332555,-121.897375,100,VACANT LAND +25; <1ac infill +20; owner +5,ATTOM taxassessor (Santa Clara County),,
3 Municipal,CAMPBELL CITY,,CAMPBELL,279-31-008,10598,0.243,SANTA CLARA,,VACANT LAND,0,0,0,,,,37.296116,-121.939751,100,VACANT LAND +25; <1ac infill +20; owner +5,ATTOM taxassessor (Santa Clara County),,
3 Municipal,MT VIEW CITY,750 W EVELYN AVE,MOUNTAIN VIEW,158-20-062,10593,0.243,SANTA CLARA,MV,VACANT LAND,0,0,0,,,,37.394868,-122.077939,100,VACANT LAND +25; <1ac infill +20; owner +5,ATTOM taxassessor (Santa Clara County),,
2 Santa Clara County,SANTA CLARA COUNTY,,SAN JOSE,592-20-075,10472,0.240,SANTA CLARA,LI,VACANT LAND,0,0,0,,,1988-05-17,37.388461,-121.849184,100,VACANT LAND +25; <1ac infill +20; owner +5,ATTOM taxassessor (Santa Clara County),,
3 Municipal,SAN JOSE CITY,,SAN JOSE,659-48-066,10110,0.232,SANTA CLARA,R1B1,VACANT LAND,0,0,0,,,,37.313379,-121.780048,100,VACANT LAND +25; <1ac infill +20; owner +5; zoning R1B1 +12,ATTOM taxassessor (Santa Clara County),,
3 Municipal,SUNNYVALE CITY,,SUNNYVALE,165-32-016,10009,0.230,SANTA CLARA,MSPD,VACANT LAND,0,0,0,,,,37.391296,-122.041966,100,VACANT LAND +25; <1ac infill +20; owner +5,ATTOM taxassessor (Santa Clara County),,
3 Municipal,CITY OF SAN JOSE,,SAN JOSE,261-38-001,9345,0.215,SANTA CLARA,M1,VACANT LAND,1496792,0,1496792,0.000,2023-12-21,2023-12-21,37.324013,-121.903845,100,VACANT LAND +25; <1ac infill +20; owner +5,ATTOM taxassessor (Santa Clara County),,
3 Municipal,CITY OF SAN JOSE RE SVCS & ASS,,SAN JOSE,284-07-034,9322,0.214,SANTA CLARA,R1,VACANT LAND,0,0,0,,2010-08-04,2010-08-04,37.307572,-121.91592,100,VACANT LAND +25; <1ac infill +20; owner +5; zoning R1 +12,ATTOM taxassessor (Santa Clara County),,
3 Municipal,CITY OF CUPERTINO,22516 STEVENS CREEK BLVD,CUPERTINO,342-66-007,9147,0.210,SANTA CLARA,PCG,VACANT LAND,884625,0,884625,0.000,2022-12-09,2019-12-31,37.321744,-122.068947,100,VACANT LAND +25; <1ac infill +20; owner +5,ATTOM taxassessor (Santa Clara County),,
3 Municipal,SAN JOSE CITY,,SAN JOSE,264-11-114,9147,0.210,SANTA CLARA,HI,VACANT LAND,0,0,0,,,,37.319805,-121.904436,100,VACANT LAND +25; <1ac infill +20; owner +5,ATTOM taxassessor (Santa Clara County),,
3 Municipal,CITY OF SAN JOSE,410 HOWARD ST,SAN JOSE,259-25-051,8980,0.206,SANTA CLARA,HI,VACANT LAND,0,0,0,,2016-05-23,2010-06-02,37.33731,-121.902271,100,VACANT LAND +25; <1ac infill +20; owner +5,ATTOM taxassessor (Santa Clara County),,
3 Municipal,SAN JOSE CITY (CA),,SAN JOSE,660-64-118,8889,0.204,SANTA CLARA,R1,VACANT LAND,0,0,0,,2001-04-11,,37.311277,-121.758818,100,VACANT LAND +25; <1ac infill +20; owner +5; zoning R1 +12,ATTOM taxassessor (Santa Clara County),,
3 Municipal,SAN JOSE CITY,,SAN JOSE,660-64-117,8812,0.202,SANTA CLARA,R1,VACANT LAND,0,0,0,,,,37.312331,-121.76099,100,VACANT LAND +25; <1ac infill +20; owner +5; zoning R1 +12,ATTOM taxassessor (Santa Clara County),,
3 Municipal,CITY OF SAN JOSE,310 W HEDDING ST,SAN JOSE,259-03-091,8712,0.200,SANTA CLARA,R1,VACANT LAND,0,0,0,,1989-04-14,,37.348782,-121.910856,100,VACANT LAND +25; <1ac infill +20; owner +5; zoning R1 +12,ATTOM taxassessor (Santa Clara County),,
3 Municipal,CITY OF SAN JOSE,,SAN JOSE,456-10-024,8580,0.000,SANTA CLARA,,VACANT LAND,0,0,0,,2008-12-22,,37.296485,-121.874249,100,VACANT LAND +25; <1ac infill +20; owner +5,ATTOM taxassessor (Santa Clara County),,
3 Municipal,SAN JOSE CITY,,SAN JOSE,458-11-033,8579,0.000,SANTA CLARA,,VACANT LAND,0,0,0,,,,37.258541,-121.859974,100,VACANT LAND +25; <1ac infill +20; owner +5,ATTOM taxassessor (Santa Clara County),,
3 Municipal,REDEV AGENCY CITY SAN JOSE,,SAN JOSE,259-45-094,8106,0.186,SANTA CLARA,,VACANT LAND,0,0,0,,,,37.33089,-121.89555,100,VACANT LAND +25; <1ac infill +20; owner +5,ATTOM taxassessor (Santa Clara County),,
3 Municipal,SAN JOSE CITY,402 SEYMOUR ST,SAN JOSE,259-12-032,8100,0.186,SANTA CLARA,R2,VACANT LAND,0,0,0,,,1983-11-01,37.342681,-121.907271,100,VACANT LAND +25; <1ac infill +20; owner +5; zoning R2 +12,ATTOM taxassessor (Santa Clara County),,
3 Municipal,CITY OF CUPERTINO,10149 S FOOTHILL BLVD,CUPERTINO,342-66-009,7995,0.184,SANTA CLARA,PCG,VACANT LAND,455145,0,455145,0.000,2022-12-09,2019-12-31,37.321549,-122.069002,100,VACANT LAND +25; <1ac infill +20; owner +5,ATTOM taxassessor (Santa Clara County),,
3 Municipal,CITY OF SAN JOSE,140 N MONTGOMERY ST,SAN JOSE,259-29-002,7841,0.180,SANTA CLARA,HI,VACANT LAND,0,0,0,,2017-12-07,2017-12-07,37.334178,-121.901619,100,VACANT LAND +25; <1ac infill +20; owner +5,ATTOM taxassessor (Santa Clara County),,
3 Municipal,SAN JOSE CITY,155 BALBACH ST,SAN JOSE,264-30-012,7750,0.178,SANTA CLARA,CG,VACANT LAND,0,0,0,,2011-03-09,2011-03-09,37.32789,-121.887901,100,VACANT LAND +25; <1ac infill +20; owner +5,ATTOM taxassessor (Santa Clara County),,
3 Municipal,SANTA CLARA CITY,3905 FREEDOM CIR,SANTA CLARA,104-40-037,7573,0.174,SANTA CLARA,ML,VACANT LAND,0,0,0,,,,37.388769,-121.969156,100,VACANT LAND +25; <1ac infill +20; owner +5,ATTOM taxassessor (Santa Clara County),,
3 Municipal,CITY OF SAN JOSE,254 HOBSON ST,SAN JOSE,259-15-051,7350,0.169,SANTA CLARA,R2,VACANT LAND,0,0,0,,1988-10-26,,37.344042,-121.90328,100,VACANT LAND +25; <1ac infill +20; owner +5; zoning R2 +12,ATTOM taxassessor (Santa Clara County),,
3 Municipal,SAN JOSE CITY,,SAN JOSE,259-46-122,7333,0.168,SANTA CLARA,LI,VACANT LAND,0,0,0,,,,37.328777,-121.896223,100,VACANT LAND +25; <1ac infill +20; owner +5,ATTOM taxassessor (Santa Clara County),,
3 Municipal,SAN JOSE CITY DEPT OF TRANSPTN,,SAN JOSE,264-48-127,7313,0.000,SANTA CLARA,,VACANT LAND,0,0,0,,2009-08-18,,37.316697,-121.888326,100,VACANT LAND +25; <1ac infill +20; owner +5,ATTOM taxassessor (Santa Clara County),,
3 Municipal,SAN JOSE CITY,173 BALBACH ST,SAN JOSE,264-30-013,7285,0.167,SANTA CLARA,CG,VACANT LAND,0,0,0,,2011-03-09,2011-03-09,37.327797,-121.888028,100,VACANT LAND +25; <1ac infill +20; owner +5,ATTOM taxassessor (Santa Clara County),,
3 Municipal,SAN JOSE CITY,880 REGENT ST,SAN JOSE,259-03-054,7140,0.164,SANTA CLARA,C,VACANT LAND,0,0,0,,2002-07-03,2002-07-03,37.349465,-121.909624,100,VACANT LAND +25; <1ac infill +20; owner +5,ATTOM taxassessor (Santa Clara County),,
3 Municipal,SAN JOSE CITY (CA),,SAN JOSE,421-32-071,7017,0.161,SANTA CLARA,,VACANT LAND,0,0,0,,2000-01-21,,37.255539,-121.941805,100,VACANT LAND +25; <1ac infill +20; owner +5,ATTOM taxassessor (Santa Clara County),,
3 Municipal,SUNNYVALE CITY,,SUNNYVALE,110-12-039,7013,0.161,SANTA CLARA,R1,VACANT LAND,0,0,0,,,1984-10-12,37.399687,-122.025054,100,VACANT LAND +25; <1ac infill +20; owner +5; zoning R1 +12,ATTOM taxassessor (Santa Clara County),,
3 Municipal,SAN JOSE CITY,,SAN JOSE,679-32-058,6911,0.159,SANTA CLARA,,VACANT LAND,0,0,0,,,,37.296062,-121.799555,100,VACANT LAND +25; <1ac infill +20; owner +5,ATTOM taxassessor (Santa Clara County),,
3 Municipal,CITY OF SAN JOSE,495 MAYELLEN AVE,SAN JOSE,277-16-060,6665,0.153,SANTA CLARA,R1,VACANT LAND,0,0,0,,2008-08-19,2008-08-19,37.319814,-121.920817,100,VACANT LAND +25; <1ac infill +20; owner +5; zoning R1 +12,ATTOM taxassessor (Santa Clara County),,
3 Municipal,SAN JOSE CITY,517 S 6TH ST,SAN JOSE,472-28-002,6487,0.149,SANTA CLARA,CG,VACANT LAND,0,0,0,,,,37.330683,-121.879683,100,VACANT LAND +25; <1ac infill +20; owner +5,ATTOM taxassessor (Santa Clara County),,
3 Municipal,SUNNYVALE CITY,770 AHWANEE AVE,SUNNYVALE,205-03-004,6300,0.145,SANTA CLARA,R2,VACANT LAND,0,0,0,,,,37.394442,-122.009601,100,VACANT LAND +25; <1ac infill +20; owner +5; zoning R2 +12,ATTOM taxassessor (Santa Clara County),,
3 Municipal,SAN JOSE CITY (CA),174 ASBURY ST,SAN JOSE,259-06-018,6050,0.139,SANTA CLARA,C,VACANT LAND,0,0,0,,1999-01-26,,37.348535,-121.904193,100,VACANT LAND +25; <1ac infill +20; owner +5,ATTOM taxassessor (Santa Clara County),,
3 Municipal,SAN JOSE CITY (CA),193 ASBURY ST,SAN JOSE,259-06-006,6050,0.139,SANTA CLARA,C,VACANT LAND,0,0,0,,1999-04-22,1989-07-31,37.348666,-121.904909,100,VACANT LAND +25; <1ac infill +20; owner +5,ATTOM taxassessor (Santa Clara County),,
3 Municipal,MT VIEW CITY,330 EASY ST,MOUNTAIN VIEW,160-23-003,42300,0.971,SANTA CLARA,R3-2*,Residential,0,0,0,,,1979-11-26,37.400299,-122.066148,97,Residential +10; <1ac infill +20; owner +5; zoning R3-2* +12,ATTOM taxassessor (Santa Clara County),,
3 Municipal,CITY OF SUNNYVALE,,SUNNYVALE,205-55-040,39204,0.900,SANTA CLARA,R3,Residential,0,0,0,,2013-01-17,,37.386445,-122.003664,97,Residential +10; <1ac infill +20; owner +5; zoning R3 +12,ATTOM taxassessor (Santa Clara County),,
2 Santa Clara County,SANTA CLARA COUNTY,,SAN JOSE,678-02-026,35150,0.807,SANTA CLARA,R1B6,Residential,0,0,0,,2001-05-17,2001-05-17,37.229634,-121.756366,97,Residential +10; <1ac infill +20; owner +5; zoning R1B6 +12,ATTOM taxassessor (Santa Clara County),,
3 Municipal,CITY OF CUPERTINO,11226 BUBB RD,CUPERTINO,362-06-036,33060,0.759,SANTA CLARA,R1,Residential,6262800,10200,6273000,0.002,2023-04-04,2021-07-02,37.305593,-122.049976,97,Residential +10; <1ac infill +20; owner +5; zoning R1 +12,ATTOM taxassessor (Santa Clara County),,
3 Municipal,SAN JOSE CITY,,SAN JOSE,660-66-066,30294,0.695,SANTA CLARA,R1,Residential,0,0,0,,2005-04-11,2005-04-11,37.305426,-121.759542,97,Residential +10; <1ac infill +20; owner +5; zoning R1 +12,ATTOM taxassessor (Santa Clara County),,
3 Municipal,CITY OF SAN JOSE,1157 E TAYLOR ST,SAN JOSE,249-21-006,30123,0.692,SANTA CLARA,R1,Residential,0,0,0,,2023-03-06,2011-05-13,37.360426,-121.877594,97,Residential +10; <1ac infill +20; owner +5; zoning R1 +12,ATTOM taxassessor (Santa Clara County),,
3 Municipal,CITY OF SANTA CLARA,981 FREMONT ST,SANTA CLARA,269-16-011,28776,0.661,SANTA CLARA,R3250,Residential,0,0,0,,2016-10-07,2016-10-07,37.352134,-121.945527,97,Residential +10; <1ac infill +20; owner +5; zoning R3250 +12,ATTOM taxassessor (Santa Clara County),,
3 Municipal,SAN JOSE CITY,,SAN JOSE,481-23-049,28654,0.658,SANTA CLARA,R1-8,Residential,0,0,0,,,1973-02-14,37.352217,-121.84282,97,Residential +10; <1ac infill +20; owner +5; zoning R1-8 +12,ATTOM taxassessor (Santa Clara County),,
3 Municipal,SAN JOSE CITY,,SAN JOSE,708-46-010,28453,0.653,SANTA CLARA,R1-8P,Residential,0,0,0,,,1976-07-13,37.217754,-121.765761,97,Residential +10; <1ac infill +20; owner +5; zoning R1-8P +12,ATTOM taxassessor (Santa Clara County),,
3 Municipal,CITY OF CUPERTINO,22050 STEVENS CREEK BLVD,CUPERTINO,357-10-002,28000,0.643,SANTA CLARA,R1B2,Residential,0,0,0,,2014-03-24,2014-03-24,37.32264,-122.060763,97,Residential +10; <1ac infill +20; owner +5; zoning R1B2 +12,ATTOM taxassessor (Santa Clara County),,
4 School / Public Ed,SAN JOSE STATE UNIVERSITY FOUN,360 S 11TH ST,SAN JOSE,467-41-093,23552,0.541,SANTA CLARA,RM,Residential,743586,2011619,2755205,2.705,1997-06-12,,37.335699,-121.875467,97,Residential +10; <1ac infill +20; owner +5; zoning RM +12,ATTOM taxassessor (Santa Clara County),,
3 Municipal,SAN JOSE CITY,,SAN JOSE,660-22-068,23032,0.529,SANTA CLARA,R1,Residential,0,0,0,,,,37.303171,-121.773848,97,Residential +10; <1ac infill +20; owner +5; zoning R1 +12,ATTOM taxassessor (Santa Clara County),,
3 Municipal,SUNNYVALE CITY,BELLEVILLE WAY,SUNNYVALE,320-29-012,22072,0.507,SANTA CLARA,R1,Residential,0,0,0,,,1973-05-23,37.348042,-122.064221,97,Residential +10; <1ac infill +20; owner +5; zoning R1 +12,ATTOM taxassessor (Santa Clara County),,
3 Municipal,SAN JOSE CITY,737 BOULDER DR,SAN JOSE,595-27-034,21600,0.496,SANTA CLARA,R1B1,Residential,0,0,0,,,1985-08-26,37.398327,-121.822254,97,Residential +10; <1ac infill +20; owner +5; zoning R1B1 +12,ATTOM taxassessor (Santa Clara County),,
3 Municipal,SAN JOSE CITY (CA),,SAN JOSE,660-65-007,20735,0.476,SANTA CLARA,R1,Residential,0,0,0,,2001-04-11,,37.307368,-121.762186,97,Residential +10; <1ac infill +20; owner +5; zoning R1 +12,ATTOM taxassessor (Santa Clara County),,
3 Municipal,SAN JOSE CITY,,SAN JOSE,660-22-134,18349,0.421,SANTA CLARA,R1,Residential,0,0,0,,,,37.303486,-121.772201,97,Residential +10; <1ac infill +20; owner +5; zoning R1 +12,ATTOM taxassessor (Santa Clara County),,
3 Municipal,SAN JOSE CITY (CA),5170 CONISTON WAY,SAN JOSE,569-06-044,18271,0.419,SANTA CLARA,R140A,Residential,0,0,0,,2004-02-09,2002-02-26,37.247335,-121.885229,97,Residential +10; <1ac infill +20; owner +5; zoning R140A +12,ATTOM taxassessor (Santa Clara County),,
3 Municipal,SAN JOSE CITY,,SAN JOSE,742-07-014,17640,0.405,SANTA CLARA,R140,Residential,0,0,0,,,1989-10-03,37.201288,-121.828989,97,Residential +10; <1ac infill +20; owner +5; zoning R140 +12,ATTOM taxassessor (Santa Clara County),,
3 Municipal,CITY OF CUPERTINO,11238 STAUFFER LN,CUPERTINO,366-09-044,17100,0.393,SANTA CLARA,R1,Residential,2061478,3250000,5311478,1.577,2019-07-05,2017-05-05,37.294256,-122.044149,97,Residential +10; <1ac infill +20; owner +5; zoning R1 +12,ATTOM taxassessor (Santa Clara County),,
3 Municipal,CITY OF CUPERTINO,10312 N BLANEY AVE,CUPERTINO,316-31-040,16750,0.385,SANTA CLARA,R1,Residential,2288880,104040,2392920,0.045,2022-12-07,2020-12-14,37.327682,-122.022939,97,Residential +10; <1ac infill +20; owner +5; zoning R1 +12,ATTOM taxassessor (Santa Clara County),,
3 Municipal,CITY OF CUPERTINO,10301 BYRNE AVE,CUPERTINO,357-11-020,16050,0.368,SANTA CLARA,R1-8,Residential,0,0,0,,2017-12-22,2017-12-22,37.318383,-122.05883,97,Residential +10; <1ac infill +20; owner +5; zoning R1-8 +12,ATTOM taxassessor (Santa Clara County),,
3 Municipal,CITY OF CUPERTINO,1071 COLONY HILLS LN,CUPERTINO,359-30-009,14720,0.338,SANTA CLARA,R1,Residential,306620,342695,649315,1.118,2022-04-22,1988-09-01,37.307453,-122.038107,97,Residential +10; <1ac infill +20; owner +5; zoning R1 +12,ATTOM taxassessor (Santa Clara County),,
3 Municipal,CITY OF CUPERTINO,7540 MCCLELLAN RD,CUPERTINO,359-19-043,14606,0.335,SANTA CLARA,R1,Residential,2054917,227563,2282480,0.111,2023-07-12,2016-06-17,37.315332,-122.036785,97,Residential +10; <1ac infill +20; owner +5; zoning R1 +12,ATTOM taxassessor (Santa Clara County),,
3 Municipal,CITY OF SAN JOSE,937 LOCUST ST,SAN JOSE,264-39-129,13500,0.310,SANTA CLARA,R2,Residential,0,0,0,,2008-04-21,,37.318814,-121.885268,97,Residential +10; <1ac infill +20; owner +5; zoning R2 +12,ATTOM taxassessor (Santa Clara County),,
3 Municipal,CITY OF CUPERTINO,19161 MURIEL LN,CUPERTINO,375-08-010,13200,0.303,SANTA CLARA,R1-10,Residential,992105,144823,1136928,0.146,2023-07-12,2001-06-18,37.31881,-122.007663,97,Residential +10; <1ac infill +20; owner +5; zoning R1-10 +12,ATTOM taxassessor (Santa Clara County),,
3 Municipal,CITY OF MOUNTAIN VIEW,538 THOMPSON AVE,MOUNTAIN VIEW,147-17-102,12837,0.295,SANTA CLARA,R1,Residential,0,0,0,,2022-12-08,2022-12-08,37.411171,-122.095918,97,Residential +10; <1ac infill +20; owner +5; zoning R1 +12,ATTOM taxassessor (Santa Clara County),,
3 Municipal,MT VIEW CITY,459 MERCY ST,MOUNTAIN VIEW,158-25-015,12640,0.290,SANTA CLARA,R1,Residential,0,0,0,,,,37.388363,-122.077523,97,Residential +10; <1ac infill +20; owner +5; zoning R1 +12,ATTOM taxassessor (Santa Clara County),,
3 Municipal,SUNNYVALE CITY (CA),1066 PAINTBRUSH DR,SUNNYVALE,213-29-075,12270,0.282,SANTA CLARA,R0,Residential,452043,238446,690489,0.527,1998-08-20,1998-07-29,37.359244,-122.003041,97,Residential +10; <1ac infill +20; owner +5; zoning R0 +12,ATTOM taxassessor (Santa Clara County),,
3 Municipal,SANTA CLARA CITY,2319 GIANERA ST,SANTA CLARA,104-05-052,12155,0.279,SANTA CLARA,R16L,Residential,0,0,0,,,1983-12-07,37.400212,-121.967291,97,Residential +10; <1ac infill +20; owner +5; zoning R16L +12,ATTOM taxassessor (Santa Clara County),,
3 Municipal,CITY OF CUPERTINO,22091 HIBISCUS CT,CUPERTINO,326-02-021,11850,0.272,SANTA CLARA,R110,Residential,2616300,137700,2754000,0.053,2023-08-24,2021-12-17,37.335831,-122.060666,97,Residential +10; <1ac infill +20; owner +5; zoning R110 +12,ATTOM taxassessor (Santa Clara County),,
3 Municipal,CITY OF CUPERTINO,7922 WOODLARK WAY,CUPERTINO,362-04-047,11500,0.264,SANTA CLARA,R1B6,Residential,1654236,87393,1741629,0.053,2023-05-12,2021-10-19,37.308491,-122.04697,97,Residential +10; <1ac infill +20; owner +5; zoning R1B6 +12,ATTOM taxassessor (Santa Clara County),,
3 Municipal,CITY OF CUPERTINO,19133 COZETTE LN,CUPERTINO,375-07-019,11250,0.258,SANTA CLARA,R1-10,Residential,1203839,491336,1695175,0.408,2020-12-16,2011-06-14,37.320818,-122.007149,97,Residential +10; <1ac infill +20; owner +5; zoning R1-10 +12,ATTOM taxassessor (Santa Clara County),,
3 Municipal,CITY OF CUPERTINO,19161 TILSON AVE,CUPERTINO,375-08-029,10692,0.245,SANTA CLARA,R1-10,Residential,2458200,102000,2560200,0.041,2023-04-04,2022-01-28,37.317058,-122.007633,97,Residential +10; <1ac infill +20; owner +5; zoning R1-10 +12,ATTOM taxassessor (Santa Clara County),,
3 Municipal,CITY OF MOUNTAIN VIEW,13180 SUN MOR AVE,MOUNTAIN VIEW,197-33-063,10400,0.239,SANTA CLARA,R1-10,Residential,1071337,296673,1368010,0.277,2011-11-17,2010-08-20,37.369582,-122.069953,97,Residential +10; <1ac infill +20; owner +5; zoning R1-10 +12,ATTOM taxassessor (Santa Clara County),,
3 Municipal,CITY OF CUPERTINO,10291 IMPERIAL AVE,CUPERTINO,357-19-043,10125,0.232,SANTA CLARA,R1-6,Residential,2077926,1184070,3261996,0.570,2021-09-01,2017-12-29,37.318474,-122.053663,97,Residential +10; <1ac infill +20; owner +5; zoning R1-6 +12,ATTOM taxassessor (Santa Clara County),,
3 Municipal,CITY OF CUPERTINO,22641 SAN JUAN RD,CUPERTINO,342-17-066,9975,0.229,SANTA CLARA,R110,Residential,2204200,500800,2705000,0.227,2023-05-12,2021-04-21,37.311627,-122.070852,97,Residential +10; <1ac infill +20; owner +5; zoning R110 +12,ATTOM taxassessor (Santa Clara County),,
3 Municipal,CITY OF MOUNTAIN VIEW,704 CALDERON AVE,MOUNTAIN VIEW,158-05-119,9915,0.228,SANTA CLARA,R1,Residential,819946,437988,1257934,0.534,2010-10-12,2010-10-12,37.384997,-122.076173,97,Residential +10; <1ac infill +20; owner +5; zoning R1 +12,ATTOM taxassessor (Santa Clara County),,
3 Municipal,CITY OF CUPERTINO,10481 ANN ARBOR AVE,CUPERTINO,326-28-022,9750,0.224,SANTA CLARA,R1-10,Residential,252507,532805,785312,2.110,2021-12-06,1989-01-20,37.329909,-122.045745,97,Residential +10; <1ac infill +20; owner +5; zoning R1-10 +12,ATTOM taxassessor (Santa Clara County),,
2 Santa Clara County,SANTA CLARA COUNTY,,SAN JOSE,708-17-062,9750,0.224,SANTA CLARA,R1B6,Residential,0,0,0,,,1979-11-29,37.219158,-121.768527,97,Residential +10; <1ac infill +20; owner +5; zoning R1B6 +12,ATTOM taxassessor (Santa Clara County),,
3 Municipal,CITY OF CUPERTINO,10669 N STELLING RD,CUPERTINO,326-08-048,9625,0.221,SANTA CLARA,R1-10,Residential,25507,211942,237449,8.309,2021-11-17,2009-12-21,37.332616,-122.041764,97,Residential +10; <1ac infill +20; owner +5; zoning R1-10 +12,ATTOM taxassessor (Santa Clara County),,
3 Municipal,SAN JOSE CITY,ADRAGNA CT,SAN JOSE,462-47-070,9583,0.220,SANTA CLARA,R1PD,Residential,0,0,0,,,1974-04-25,37.268939,-121.837111,97,Residential +10; <1ac infill +20; owner +5; zoning R1PD +12,ATTOM taxassessor (Santa Clara County),,
3 Municipal,CITY OF CUPERTINO,22545 POPPY DR,CUPERTINO,342-12-005,9450,0.217,SANTA CLARA,R110,Residential,2037182,1252591,3289773,0.615,2020-07-23,2019-05-31,37.326243,-122.069688,97,Residential +10; <1ac infill +20; owner +5; zoning R110 +12,ATTOM taxassessor (Santa Clara County),,
3 Municipal,CITY OF CUPERTINO,10472 LOCKWOOD DR,CUPERTINO,342-29-011,9394,0.216,SANTA CLARA,R242,Residential,430487,522708,953195,1.214,2023-11-13,2023-02-22,37.316255,-122.071912,97,Residential +10; <1ac infill +20; owner +5; zoning R242 +12,ATTOM taxassessor (Santa Clara County),,
3 Municipal,CITY OF CUPERTINO,10397 LAS ONDAS WAY,CUPERTINO,369-29-040,9380,0.215,SANTA CLARA,R1,Residential,387465,644707,1032172,1.664,2022-06-09,1994-07-13,37.316867,-122.024514,97,Residential +10; <1ac infill +20; owner +5; zoning R1 +12,ATTOM taxassessor (Santa Clara County),,
3 Municipal,CITY OF CUPERTINO,10135 BRET AVE,CUPERTINO,375-11-026,9375,0.215,SANTA CLARA,R1-10,Residential,2167004,589050,2756054,0.272,2021-11-17,2020-06-18,37.320913,-122.004673,97,Residential +10; <1ac infill +20; owner +5; zoning R1-10 +12,ATTOM taxassessor (Santa Clara County),,
3 Municipal,CITY OF CUPERTINO,10176 JUDY AVE,CUPERTINO,375-11-004,9375,0.215,SANTA CLARA,R1-10,Residential,903370,1595260,2498630,1.766,2021-11-17,2011-05-27,37.320291,-122.005097,97,Residential +10; <1ac infill +20; owner +5; zoning R1-10 +12,ATTOM taxassessor (Santa Clara County),,
3 Municipal,CITY OF CUPERTINO,10080 S TANTAU AVE,CUPERTINO,375-07-042,9375,0.215,SANTA CLARA,R1-10,Residential,25949,42604,68553,1.642,2023-11-13,2023-02-02,37.321732,-122.006176,97,Residential +10; <1ac infill +20; owner +5; zoning R1-10 +12,ATTOM taxassessor (Santa Clara County),,
3 Municipal,CITY OF CUPERTINO,21166 GRENOLA DR,CUPERTINO,326-28-058,9375,0.215,SANTA CLARA,R1-10,Residential,602731,525000,1127731,0.871,2024-02-29,1999-02-11,37.32888,-122.044683,97,Residential +10; <1ac infill +20; owner +5; zoning R1-10 +12,ATTOM taxassessor (Santa Clara County),,
3 Municipal,SAN JOSE CITY,651 BOULDER DR,SAN JOSE,595-20-043,8835,0.203,SANTA CLARA,R1B1,Residential,0,0,0,,,,37.396749,-121.82179,97,Residential +10; <1ac infill +20; owner +5; zoning R1B1 +12,ATTOM taxassessor (Santa Clara County),,
3 Municipal,CITY OF CUPERTINO,21001 HAZELBROOK DR,CUPERTINO,326-28-095,8625,0.198,SANTA CLARA,R1-10,Residential,535906,676248,1212154,1.262,2023-02-07,2004-12-22,37.328479,-122.041764,97,Residential +10; <1ac infill +20; owner +5; zoning R1-10 +12,ATTOM taxassessor (Santa Clara County),,
3 Municipal,CITY OF CUPERTINO,10393 S BLANEY AVE,CUPERTINO,369-28-038,8190,0.188,SANTA CLARA,R1,Residential,1164132,441990,1606122,0.380,2021-09-01,2007-05-25,37.317,-122.023489,97,Residential +10; <1ac infill +20; owner +5; zoning R1 +12,ATTOM taxassessor (Santa Clara County),,
2 Santa Clara County,COUNTY OF SANTA CLARA,15794 HIGHLAND DR,SAN JOSE,612-01-015,8190,0.188,SANTA CLARA,R1-10,Residential,727760,311893,1039653,0.429,2020-02-11,2015-04-07,37.388543,-121.813192,97,Residential +10; <1ac infill +20; owner +5; zoning R1-10 +12,ATTOM taxassessor (Santa Clara County),,
3 Municipal,CITY OF SAN JOSE,1012 BELDER DR,SAN JOSE,701-56-070,8050,0.185,SANTA CLARA,R1-5,Residential,562889,460664,1023553,0.818,2020-07-28,2003-08-27,37.202942,-121.834184,97,Residential +10; <1ac infill +20; owner +5; zoning R1-5 +12,ATTOM taxassessor (Santa Clara County),,
3 Municipal,CITY OF CUPERTINO,21723 MCCLELLAN RD,CUPERTINO,357-19-059,7490,0.172,SANTA CLARA,R1,Residential,956601,553386,1509987,0.578,2021-09-01,2004-04-01,37.315775,-122.054221,97,Residential +10; <1ac infill +20; owner +5; zoning R1 +12,ATTOM taxassessor (Santa Clara County),,
4 School / Public Ed,LEE WILLIE S D,815 E DANA ST,MOUNTAIN VIEW,161-13-018,7440,0.171,SANTA CLARA,R2,Residential,33052,92569,125621,2.801,2001-09-17,2001-09-17,37.381695,-122.060771,97,Residential +10; <1ac infill +20; owner +5; zoning R2 +12,ATTOM taxassessor (Santa Clara County),,
2 Santa Clara County,COUNTY OF SANTA CLARA,5604 SEIFERT AVE,SAN JOSE,567-46-019,7405,0.170,SANTA CLARA,R-1-8,Residential,0,0,0,,2016-11-09,,37.246322,-121.885727,97,Residential +10; <1ac infill +20; owner +5; zoning R-1-8 +12,ATTOM taxassessor (Santa Clara County),,
3 Municipal,SANTA CLARA CITY,373 JEFFERSON ST,SANTA CLARA,269-41-009,7400,0.170,SANTA CLARA,R1,Residential,0,0,0,,1997-04-25,1997-04-25,37.342061,-121.946976,97,Residential +10; <1ac infill +20; owner +5; zoning R1 +12,ATTOM taxassessor (Santa Clara County),,
3 Municipal,CITY OF MOUNTAIN VIEW,66 DEVONSHIRE AVE,MOUNTAIN VIEW,160-10-020,7336,0.168,SANTA CLARA,R3-2*,Residential,0,0,0,,2006-03-24,2006-03-24,37.403672,-122.059025,97,Residential +10; <1ac infill +20; owner +5; zoning R3-2* +12,ATTOM taxassessor (Santa Clara County),,
3 Municipal,CITY OF MOUNTAIN VIEW,312 ESCUELA AVE,MOUNTAIN VIEW,154-01-011,7200,0.165,SANTA CLARA,R3-12,Residential,0,0,0,,2018-10-05,,37.397973,-122.093615,97,Residential +10; <1ac infill +20; owner +5; zoning R3-12 +12,ATTOM taxassessor (Santa Clara County),,
3 Municipal,CITY OF CUPERTINO,20123 LAS ONDAS WAY,CUPERTINO,369-32-034,7140,0.164,SANTA CLARA,R1,Residential,1072817,268198,1341015,0.250,2023-11-13,2010-09-21,37.319082,-122.025395,97,Residential +10; <1ac infill +20; owner +5; zoning R1 +12,ATTOM taxassessor (Santa Clara County),,
3 Municipal,CITY OF CUPERTINO,7490 BARNHART PL,CUPERTINO,366-15-057,7040,0.162,SANTA CLARA,R1B6,Residential,2296655,197502,2494157,0.086,2022-07-01,2018-03-01,37.294413,-122.035948,97,Residential +10; <1ac infill +20; owner +5; zoning R1B6 +12,ATTOM taxassessor (Santa Clara County),,
3 Municipal,CITY OF CUPERTINO,10427 S BLANEY AVE,CUPERTINO,369-28-041,7000,0.161,SANTA CLARA,R1,Residential,709677,363051,1072728,0.512,2020-07-23,2002-02-08,37.316422,-122.023458,97,Residential +10; <1ac infill +20; owner +5; zoning R1 +12,ATTOM taxassessor (Santa Clara County),,
3 Municipal,SAN JOSE CITY,,SAN JOSE,595-20-041,6860,0.157,SANTA CLARA,R1-5,Residential,0,0,0,,,1986-11-10,37.397084,-121.821528,97,Residential +10; <1ac infill +20; owner +5; zoning R1-5 +12,ATTOM taxassessor (Santa Clara County),,
3 Municipal,CITY OF CUPERTINO,10733 CULBERTSON DR,CUPERTINO,375-36-037,6825,0.157,SANTA CLARA,R1,Residential,762997,456745,1219742,0.599,2020-09-11,2011-09-30,37.312336,-122.006097,97,Residential +10; <1ac infill +20; owner +5; zoning R1 +12,ATTOM taxassessor (Santa Clara County),,
3 Municipal,CITY OF CUPERTINO,10300 IMPERIAL AVE,CUPERTINO,357-19-052,6750,0.155,SANTA CLARA,R1-6,Residential,930520,499750,1430270,0.537,2022-06-09,2009-09-02,37.318441,-122.053001,97,Residential +10; <1ac infill +20; owner +5; zoning R1-6 +12,ATTOM taxassessor (Santa Clara County),,
3 Municipal,CITY OF PALO ALTO,362 PARKSIDE DR,PALO ALTO,147-20-015,6732,0.155,SANTA CLARA,R1B7,Residential,613361,613361,1226722,1.000,2016-06-27,2000-08-25,37.414996,-122.111095,97,Residential +10; <1ac infill +20; owner +5; zoning R1B7 +12,ATTOM taxassessor (Santa Clara County),,
3 Municipal,HOUSING AUTHORITY SANTA CLARA,2215 DEBORAH DR,SANTA CLARA,224-34-007,6600,0.152,SANTA CLARA,R325,Residential,0,0,0,,1994-07-15,1994-07-15,37.362341,-121.962566,97,Residential +10; <1ac infill +20; owner +5; zoning R325 +12,ATTOM taxassessor (Santa Clara County),,
3 Municipal,SAN JOSE CITY,454 W TAYLOR ST,SAN JOSE,259-11-021,6600,0.152,SANTA CLARA,R3,Residential,0,0,0,,,1982-08-06,37.342836,-121.909586,97,Residential +10; <1ac infill +20; owner +5; zoning R3 +12,ATTOM taxassessor (Santa Clara County),,
3 Municipal,CITY OF CUPERTINO,10340 ORANGE AVE,CUPERTINO,357-19-025,6500,0.149,SANTA CLARA,R1-6,Residential,1365392,1072201,2437593,0.785,2018-05-23,2015-08-12,37.317854,-122.055262,97,Residential +10; <1ac infill +20; owner +5; zoning R1-6 +12,ATTOM taxassessor (Santa Clara County),,
3 Municipal,SAN JOSE CITY,,SAN JOSE,481-20-109,6426,0.148,SANTA CLARA,R1-8,Residential,0,0,0,,,1977-04-20,37.355529,-121.844024,97,Residential +10; <1ac infill +20; owner +5; zoning R1-8 +12,ATTOM taxassessor (Santa Clara County),,
4 School / Public Ed,NAGA S D R SRIPATHY,317 SWAPS DR,SAN JOSE,684-35-028,6380,0.146,SANTA CLARA,R1-8,Residential,501410,334273,835683,0.667,2019-08-13,2019-08-13,37.265299,-121.805232,97,Residential +10; <1ac infill +20; owner +5; zoning R1-8 +12,ATTOM taxassessor (Santa Clara County),,
3 Municipal,CITY OF SAN JOSE,4504 POINSETTIA CT,SAN JOSE,462-59-020,6325,0.145,SANTA CLARA,R1-8,Residential,655452,364140,1019592,0.556,2020-07-10,2020-07-10,37.268572,-121.831684,97,Residential +10; <1ac infill +20; owner +5; zoning R1-8 +12,ATTOM taxassessor (Santa Clara County),,
3 Municipal,SUNNYVALE CITY,782 AHWANEE AVE,SUNNYVALE,205-03-005,6300,0.145,SANTA CLARA,R2,Residential,0,0,0,,,,37.394403,-122.009401,97,Residential +10; <1ac infill +20; owner +5; zoning R2 +12,ATTOM taxassessor (Santa Clara County),,
3 Municipal,CITY OF SAN JOSE,5115 SUTCLIFF AVE,SAN JOSE,569-37-099,6180,0.142,SANTA CLARA,R1-8,Residential,226014,301360,527374,1.333,2020-03-30,1999-04-09,37.252241,-121.891314,97,Residential +10; <1ac infill +20; owner +5; zoning R1-8 +12,ATTOM taxassessor (Santa Clara County),,
4 School / Public Ed,CROTHERS S D & GLINIECKI C,3012 ROSS RD,PALO ALTO,127-52-002,6100,0.140,SANTA CLARA,R1,Residential,169253,189167,358420,1.118,2008-02-14,,37.433118,-122.123151,97,Residential +10; <1ac infill +20; owner +5; zoning R1 +12,ATTOM taxassessor (Santa Clara County),,
4 School / Public Ed,GREGORY S D AUGUSTA,1609 MORGAN ST,MOUNTAIN VIEW,153-13-015,6000,0.138,SANTA CLARA,R1SD,Residential,643876,266915,910791,0.415,2016-09-16,2006-12-28,37.411759,-122.082059,97,Residential +10; <1ac infill +20; owner +5; zoning R1SD +12,ATTOM taxassessor (Santa Clara County),,
3 Municipal,CITY OF CUPERTINO,7518 RAINBOW DR,CUPERTINO,366-11-046,6000,0.138,SANTA CLARA,R1,Residential,1771706,196855,1968561,0.111,2023-08-24,2017-07-27,37.300412,-122.036427,97,Residential +10; <1ac infill +20; owner +5; zoning R1 +12,ATTOM taxassessor (Santa Clara County),,
3 Municipal,CITY OF SAN JOSE,127 ROUNDTABLE DR,SAN JOSE,684-31-031,6000,0.138,SANTA CLARA,R3H,Residential,0,0,0,,2009-11-13,2009-11-13,37.261069,-121.806077,97,Residential +10; <1ac infill +20; owner +5; zoning R3H +12,ATTOM taxassessor (Santa Clara County),,
3 Municipal,CITY OF CUPERTINO,10465 BYRNE AVE,CUPERTINO,357-12-065,6000,0.138,SANTA CLARA,R1-8,Residential,733408,680050,1413458,0.927,2020-07-23,,37.316105,-122.058754,97,Residential +10; <1ac infill +20; owner +5; zoning R1-8 +12,ATTOM taxassessor (Santa Clara County),,
3 Municipal,CITY OF CUPERTINO,6382 MYRTLEWOOD DR,CUPERTINO,369-19-009,6000,0.138,SANTA CLARA,R1,Residential,125530,1064076,1189606,8.477,2018-09-12,,37.31084,-122.015284,97,Residential +10; <1ac infill +20; owner +5; zoning R1 +12,ATTOM taxassessor (Santa Clara County),,
1 Federal,UNITED STATES POSTAL SERVICE,,SAN JOSE,581-11-015,23228,0.533,SANTA CLARA,C2H,VACANT LAND,0,0,0,,,1974-06-27,37.219252,-121.862671,95,VACANT LAND +25; <1ac infill +20,ATTOM taxassessor (Santa Clara County),,
3 Municipal,SANTA CLARA CITY,641 MORELAND WAY,SANTA CLARA,097-08-094,214100,4.915,SANTA CLARA,PD,VACANT LAND,0,0,0,,,,37.396919,-121.946927,92,VACANT LAND +25; 1-5ac +12; owner +5,ATTOM taxassessor (Santa Clara County),,
3 Municipal,SAN JOSE CITY,1591 SENTER RD,SAN JOSE,477-38-016,212878,4.887,SANTA CLARA,HI,VACANT LAND,0,0,0,,2020-05-04,2020-05-04,37.321488,-121.86193,92,VACANT LAND +25; 1-5ac +12; owner +5,ATTOM taxassessor (Santa Clara County),,
3 Municipal,SANTA CLARA CITY,351 BROKAW RD,SANTA CLARA,230-06-035,210380,4.830,SANTA CLARA,SC,VACANT LAND,0,0,0,,,,37.356101,-121.940422,92,VACANT LAND +25; 1-5ac +12; owner +5,ATTOM taxassessor (Santa Clara County),,
3 Municipal,SAN FRANCISCO CITY & COUNTY OF,,SANTA CLARA,104-04-121,182081,4.180,SANTA CLARA,ML,VACANT LAND,70064,0,70064,0.000,,,37.398982,-121.982289,92,VACANT LAND +25; 1-5ac +12; owner +5,ATTOM taxassessor (Santa Clara County),,
3 Municipal,MT VIEW CITY,1000 VILLA ST,MOUNTAIN VIEW,158-15-027,181071,4.157,SANTA CLARA,PF,VACANT LAND,0,0,0,,,1976-12-08,37.39567,-122.081495,92,VACANT LAND +25; 1-5ac +12; owner +5,ATTOM taxassessor (Santa Clara County),,
3 Municipal,SAN JOSE CITY,,SAN JOSE,259-12-132,179000,4.109,SANTA CLARA,C,VACANT LAND,0,0,0,,,1979-04-27,37.343089,-121.908522,92,VACANT LAND +25; 1-5ac +12; owner +5,ATTOM taxassessor (Santa Clara County),,
3 Municipal,SAN JOSE CITY,2750 MONTEREY HWY,SAN JOSE,497-33-023,173500,3.983,SANTA CLARA,IP,VACANT LAND,0,0,0,,2000-03-01,2000-03-01,37.294437,-121.850086,92,VACANT LAND +25; 1-5ac +12; owner +5,ATTOM taxassessor (Santa Clara County),,
3 Municipal,CAMPBELL CITY REDEVELOPMENT AG,FORMAN DR,CAMPBELL,412-29-008,173368,3.980,SANTA CLARA,PF/OS,VACANT LAND,0,0,0,,1994-04-21,,37.27925,-121.941989,92,VACANT LAND +25; 1-5ac +12; owner +5,ATTOM taxassessor (Santa Clara County),,
2 Santa Clara County,SANTA CLARA COUNTY,,SAN JOSE,712-17-021,172180,3.953,SANTA CLARA,SJ,VACANT LAND,0,0,0,,,1982-02-11,37.173296,-121.758625,92,VACANT LAND +25; 1-5ac +12; owner +5,ATTOM taxassessor (Santa Clara County),,
3 Municipal,CITY OF SAN JOSE,,SAN JOSE,679-14-004,165528,3.800,SANTA CLARA,LI,VACANT LAND,0,0,0,,1996-12-06,,37.295093,-121.790504,92,VACANT LAND +25; 1-5ac +12; owner +5,ATTOM taxassessor (Santa Clara County),,
3 Municipal,SAN JOSE CITY,,SANTA CLARA,230-03-081,159739,3.667,SANTA CLARA,SC,VACANT LAND,0,0,0,,,,37.373086,-121.940836,92,VACANT LAND +25; 1-5ac +12; owner +5,ATTOM taxassessor (Santa Clara County),,
3 Municipal,CITY OF SAN JOSE,,SAN JOSE,241-04-042,156685,3.597,SANTA CLARA,M1,VACANT LAND,0,0,0,,2022-06-17,2022-06-17,37.370963,-121.88033,92,VACANT LAND +25; 1-5ac +12; owner +5,ATTOM taxassessor (Santa Clara County),,
3 Municipal,SAN JOSE CITY,,SAN JOSE,660-15-001,152460,3.500,SANTA CLARA,C1H,VACANT LAND,0,0,0,,,1980-05-08,37.299343,-121.768613,92,VACANT LAND +25; 1-5ac +12; owner +5,ATTOM taxassessor (Santa Clara County),,
4 School / Public Ed,WEST VALLEYMISSION COMMUNITY COLLEGE DIST,3000 MISSION COLLEGE BLVD,SANTA CLARA,104-16-111,150282,3.450,SANTA CLARA,SC,VACANT LAND,0,0,0,,,1973-02-05,37.389698,-121.986041,92,VACANT LAND +25; 1-5ac +12; owner +5,ATTOM taxassessor (Santa Clara County),,
2 Santa Clara County,COUNTY OF SANTA CLARA,,SAN JOSE,742-33-003,149846,3.440,SANTA CLARA,S,VACANT LAND,0,0,0,,2009-10-30,2009-10-30,37.180044,-121.814413,92,VACANT LAND +25; 1-5ac +12; owner +5,ATTOM taxassessor (Santa Clara County),,
4 School / Public Ed,S D EVERGREEN,CENTERWOOD WAY,SAN JOSE,654-06-041,145055,3.330,SANTA CLARA,SJ,VACANT LAND,0,0,0,,,1980-03-18,37.328179,-121.789492,92,VACANT LAND +25; 1-5ac +12; owner +5,ATTOM taxassessor (Santa Clara County),,
3 Municipal,CITY OF SANTA CLARA,,SANTA CLARA,224-37-067,140905,3.235,SANTA CLARA,,VACANT LAND,0,0,0,,2004-12-29,,37.363128,-121.968114,92,VACANT LAND +25; 1-5ac +12; owner +5,ATTOM taxassessor (Santa Clara County),,
3 Municipal,SAN JOSE CITY,,SAN JOSE,249-06-009,133590,3.067,SANTA CLARA,M1,VACANT LAND,0,0,0,,1998-07-01,1998-07-01,37.355081,-121.895308,92,VACANT LAND +25; 1-5ac +12; owner +5,ATTOM taxassessor (Santa Clara County),,
3 Municipal,CITY OF SAN JOSE REAL ESTATE,400 AUTUMN CT,SAN JOSE,259-54-024,129808,2.980,SANTA CLARA,IP,VACANT LAND,0,0,0,,2008-01-15,2008-01-15,37.339599,-121.902959,92,VACANT LAND +25; 1-5ac +12; owner +5,ATTOM taxassessor (Santa Clara County),,
4 School / Public Ed,SIDE UNION H S D EAST,725 CAPITOL EXPRESSWAY AUTO MALL,SAN JOSE,459-05-029,125017,2.870,SANTA CLARA,SJ,VACANT LAND,0,0,0,,,1972-11-20,37.276264,-121.864874,92,VACANT LAND +25; 1-5ac +12; owner +5,ATTOM taxassessor (Santa Clara County),,
3 Municipal,SAN JOSE CITY,,SAN JOSE,494-26-044,122304,2.808,SANTA CLARA,SJ,VACANT LAND,0,0,0,,,1979-01-23,37.296215,-121.82117,92,VACANT LAND +25; 1-5ac +12; owner +5,ATTOM taxassessor (Santa Clara County),,
3 Municipal,MT VIEW CITY,3930 PYRAMID WAY,MOUNTAIN VIEW,160-60-018,119790,2.750,SANTA CLARA,ML,VACANT LAND,0,0,0,,,,37.392931,-122.055586,92,VACANT LAND +25; 1-5ac +12; owner +5,ATTOM taxassessor (Santa Clara County),,
2 Santa Clara County,SANTA CLARA COUNTY,,CUPERTINO,342-52-008,110642,2.540,SANTA CLARA,PR,VACANT LAND,0,0,0,,,,37.33227,-122.083853,92,VACANT LAND +25; 1-5ac +12; owner +5,ATTOM taxassessor (Santa Clara County),,
3 Municipal,CITY OF SAN JOSE,225 BAYPOINTE PKWY # PY,SAN JOSE,097-07-029,103672,2.380,SANTA CLARA,IP,VACANT LAND,0,0,0,,2011-05-05,2011-05-05,37.415019,-121.939918,92,VACANT LAND +25; 1-5ac +12; owner +5,ATTOM taxassessor (Santa Clara County),,
3 Municipal,MT VIEW CITY,1325 BRYANT AVE,MOUNTAIN VIEW,197-06-005,95396,2.190,SANTA CLARA,PF,VACANT LAND,0,0,0,,,,37.360128,-122.063716,92,VACANT LAND +25; 1-5ac +12; owner +5,ATTOM taxassessor (Santa Clara County),,
3 Municipal,CITY OF SANTA CLARA,4211 LAFAYETTE ST,SANTA CLARA,097-08-113,92520,2.124,SANTA CLARA,I,VACANT LAND,0,0,0,,2008-12-30,2008-12-30,37.394545,-121.957748,92,VACANT LAND +25; 1-5ac +12; owner +5,ATTOM taxassessor (Santa Clara County),,
3 Municipal,CITY OF SANTA CLARA,,SANTA CLARA,104-16-110,91356,2.097,SANTA CLARA,,VACANT LAND,0,0,0,,1992-09-08,,37.394875,-121.980041,92,VACANT LAND +25; 1-5ac +12; owner +5,ATTOM taxassessor (Santa Clara County),,
3 Municipal,SAN JOSE CITY,,SAN JOSE,706-09-123,89733,2.060,SANTA CLARA,I,VACANT LAND,0,0,0,,,,37.242549,-121.781594,92,VACANT LAND +25; 1-5ac +12; owner +5,ATTOM taxassessor (Santa Clara County),,
3 Municipal,CITY OF SAN JOSE,,SAN JOSE,456-40-001,87120,2.000,SANTA CLARA,M1,VACANT LAND,0,0,0,,2017-12-13,2014-10-10,37.292528,-121.852141,92,VACANT LAND +25; 1-5ac +12; owner +5,ATTOM taxassessor (Santa Clara County),,
3 Municipal,SAN JOSE CITY,,SAN JOSE,230-38-111,83635,1.920,SANTA CLARA,I,VACANT LAND,0,0,0,,1996-07-24,1996-07-24,37.351065,-121.913637,92,VACANT LAND +25; 1-5ac +12; owner +5,ATTOM taxassessor (Santa Clara County),,
3 Municipal,SAN JOSE CITY,,SAN JOSE,303-30-036,82764,1.900,SANTA CLARA,SJ,VACANT LAND,0,0,0,,,1982-06-16,37.320717,-121.960234,92,VACANT LAND +25; 1-5ac +12; owner +5,ATTOM taxassessor (Santa Clara County),,
3 Municipal,CITY OF MOUNTAIN VIEW,1305 SPACE PARK WAY,MOUNTAIN VIEW,116-14-143,82572,1.896,SANTA CLARA,ML,VACANT LAND,0,0,0,,2022-06-06,2022-06-06,37.416791,-122.075653,92,VACANT LAND +25; 1-5ac +12; owner +5,ATTOM taxassessor (Santa Clara County),,
3 Municipal,CITY OF SANTA CLARA,,SANTA CLARA,104-39-018,82328,1.890,SANTA CLARA,ML,VACANT LAND,1326524,0,1326524,0.000,2022-03-30,2022-03-30,37.386078,-121.968191,92,VACANT LAND +25; 1-5ac +12; owner +5,ATTOM taxassessor (Santa Clara County),,
3 Municipal,MT VIEW CITY,,MOUNTAIN VIEW,015-36-021,81022,1.860,SANTA CLARA,PF,VACANT LAND,0,0,0,,,,37.448557,-122.090565,92,VACANT LAND +25; 1-5ac +12; owner +5,ATTOM taxassessor (Santa Clara County),,
3 Municipal,SUNNYVALE CITY (CA),433 CHARLES ST,SUNNYVALE,165-04-019,79715,1.830,SANTA CLARA,O,VACANT LAND,0,0,0,,2001-01-23,,37.373044,-122.037719,92,VACANT LAND +25; 1-5ac +12; owner +5,ATTOM taxassessor (Santa Clara County),,
3 Municipal,SAN JOSE CITY,STERLING OAKS DR,SAN JOSE,577-55-033,71406,1.639,SANTA CLARA,SJ,VACANT LAND,0,0,0,,,1989-04-12,37.238006,-121.877767,92,VACANT LAND +25; 1-5ac +12; owner +5,ATTOM taxassessor (Santa Clara County),,
3 Municipal,CITY OF SAN JOSE,,SAN JOSE,706-54-006,65340,1.500,SANTA CLARA,I,VACANT LAND,0,0,0,,2022-11-21,2018-06-15,37.241178,-121.788361,92,VACANT LAND +25; 1-5ac +12; owner +5,ATTOM taxassessor (Santa Clara County),,
3 Municipal,CITY OF SAN JOSE,,SAN JOSE,659-59-044,65340,1.500,SANTA CLARA,HS,VACANT LAND,0,0,0,,2009-08-21,2009-08-21,37.322709,-121.774103,92,VACANT LAND +25; 1-5ac +12; owner +5,ATTOM taxassessor (Santa Clara County),,
2 Santa Clara County,SANTA CLARA COUNTY,,SAN JOSE,708-02-012,63162,1.450,SANTA CLARA,HS,VACANT LAND,0,0,0,,,1973-08-30,37.224465,-121.791112,92,VACANT LAND +25; 1-5ac +12; owner +5,ATTOM taxassessor (Santa Clara County),,
3 Municipal,SAN JOSE CITY,98 PASEO DE SAN ANTONIO,SAN JOSE,467-46-109,60675,1.393,SANTA CLARA,SJ,VACANT LAND,0,0,0,,2003-10-23,2003-10-23,37.333642,-121.886453,92,VACANT LAND +25; 1-5ac +12; owner +5,ATTOM taxassessor (Santa Clara County),,
3 Municipal,SAN JOSE CITY (CA),10 BARACK OBAMA BLVD,SAN JOSE,259-37-058,58980,1.354,SANTA CLARA,SJ,VACANT LAND,0,0,0,,2002-01-03,,37.333673,-121.899715,92,VACANT LAND +25; 1-5ac +12; owner +5,ATTOM taxassessor (Santa Clara County),,
3 Municipal,CAMPBELL CITY,,CAMPBELL,305-35-017,58336,1.339,SANTA CLARA,PF/OS,VACANT LAND,0,0,0,,,1973-09-28,37.281018,-121.956268,92,VACANT LAND +25; 1-5ac +12; owner +5,ATTOM taxassessor (Santa Clara County),,
3 Municipal,MT VIEW CITY,,MOUNTAIN VIEW,197-06-004,55321,1.270,SANTA CLARA,PF,VACANT LAND,0,0,0,,,,37.36088,-122.063538,92,VACANT LAND +25; 1-5ac +12; owner +5,ATTOM taxassessor (Santa Clara County),,
2 Santa Clara County,SANTA CLARA COUNTY,,SAN JOSE,237-22-079,54885,1.260,SANTA CLARA,I,VACANT LAND,0,0,0,,,,37.380215,-121.922982,92,VACANT LAND +25; 1-5ac +12; owner +5,ATTOM taxassessor (Santa Clara County),,
3 Municipal,SANTA CLARA CITY (CA),,SANTA CLARA,104-07-005,54724,1.256,SANTA CLARA,PD,VACANT LAND,0,0,0,,1997-09-22,,37.397803,-121.965084,92,VACANT LAND +25; 1-5ac +12; owner +5,ATTOM taxassessor (Santa Clara County),,
3 Municipal,SAN JOSE CITY,,SAN JOSE,244-45-016,54450,1.250,SANTA CLARA,I,VACANT LAND,0,0,0,,2011-12-06,2011-12-06,37.390097,-121.891102,92,VACANT LAND +25; 1-5ac +12; owner +5,ATTOM taxassessor (Santa Clara County),,
3 Municipal,CITY OF SAN JOSE,,SAN JOSE,249-68-024,54226,1.245,SANTA CLARA,M4H,VACANT LAND,0,0,0,,2009-12-02,2009-12-02,37.361212,-121.889768,92,VACANT LAND +25; 1-5ac +12; owner +5,ATTOM taxassessor (Santa Clara County),,
3 Municipal,SAN JOSE CITY,,SAN JOSE,678-93-002,53483,1.228,SANTA CLARA,,VACANT LAND,0,0,0,,,1991-02-12,37.26399,-121.784268,92,VACANT LAND +25; 1-5ac +12; owner +5,ATTOM taxassessor (Santa Clara County),,
4 School / Public Ed,SANTA CLARA UNIFIED SCH DISTRI,1350 HOPE DR,SANTA CLARA,097-08-053,52707,1.210,SANTA CLARA,,VACANT LAND,0,0,0,,2017-09-05,,37.399789,-121.95477,92,VACANT LAND +25; 1-5ac +12; owner +5,ATTOM taxassessor (Santa Clara County),,
3 Municipal,SAN JOSE CITY,88 S 4TH ST,SAN JOSE,467-23-100,51749,1.188,SANTA CLARA,C3,VACANT LAND,0,0,0,,2003-10-23,2003-10-23,37.336522,-121.886088,92,VACANT LAND +25; 1-5ac +12; owner +5,ATTOM taxassessor (Santa Clara County),,
2 Santa Clara County,COUNTY OF SANTA CLARA,,SAN JOSE,477-20-148,50530,1.160,SANTA CLARA,M4,VACANT LAND,0,0,0,,2021-08-06,2021-08-06,37.315872,-121.85435,92,VACANT LAND +25; 1-5ac +12; owner +5,ATTOM taxassessor (Santa Clara County),,
2 Santa Clara County,SANTA CLARA COUNTY,,SAN JOSE,678-02-029,50214,1.153,SANTA CLARA,HI,VACANT LAND,0,0,0,,,1981-01-29,37.228446,-121.74904,92,VACANT LAND +25; 1-5ac +12; owner +5,ATTOM taxassessor (Santa Clara County),,
2 Santa Clara County,SANTA CLARA COUNTY BOARD EDUCATION,730 EMPEY WAY,SAN JOSE,282-02-015,50094,1.150,SANTA CLARA,OA,VACANT LAND,0,0,0,,,1977-05-25,37.314063,-121.938162,92,VACANT LAND +25; 1-5ac +12; owner +5,ATTOM taxassessor (Santa Clara County),,
3 Municipal,MT VIEW CITY,,MOUNTAIN VIEW,160-69-006,50065,1.149,SANTA CLARA,,VACANT LAND,0,0,0,,,,37.39158,-122.060042,92,VACANT LAND +25; 1-5ac +12; owner +5,ATTOM taxassessor (Santa Clara County),,
3 Municipal,SUNNYVALE CITY,,SUNNYVALE,209-06-071,49941,1.147,SANTA CLARA,SU,VACANT LAND,0,0,0,,,,37.376713,-122.029408,92,VACANT LAND +25; 1-5ac +12; owner +5,ATTOM taxassessor (Santa Clara County),,
2 Santa Clara County,SANTA CLARA COUNTY,385 SAN FELIPE RD,SAN JOSE,659-04-011,49222,1.130,SANTA CLARA,C1H,VACANT LAND,0,0,0,,,1980-03-20,37.311571,-121.787026,92,VACANT LAND +25; 1-5ac +12; owner +5,ATTOM taxassessor (Santa Clara County),,
3 Municipal,CITY OF SAN JOSE,500 VINE ST,SAN JOSE,264-31-102,47240,1.085,SANTA CLARA,SJ,VACANT LAND,0,0,0,,1992-12-09,,37.325903,-121.888523,92,VACANT LAND +25; 1-5ac +12; owner +5,ATTOM taxassessor (Santa Clara County),,
3 Municipal,SAN JOSE CITY,,SAN JOSE,259-03-142,46019,1.057,SANTA CLARA,C,VACANT LAND,0,0,0,,,1983-04-20,37.347569,-121.908934,92,VACANT LAND +25; 1-5ac +12; owner +5,ATTOM taxassessor (Santa Clara County),,
3 Municipal,MT VIEW CITY,150 HOPE ST,MOUNTAIN VIEW,158-20-072,45745,1.050,SANTA CLARA,MV,VACANT LAND,0,0,0,,,,37.394079,-122.078005,92,VACANT LAND +25; 1-5ac +12; owner +5,ATTOM taxassessor (Santa Clara County),,
2 Santa Clara County,SANTA CLARA COUNTY,,SAN JOSE,459-35-026,45389,1.042,SANTA CLARA,,VACANT LAND,0,0,0,,2011-04-22,2011-04-22,37.274103,-121.864173,92,VACANT LAND +25; 1-5ac +12; owner +5,ATTOM taxassessor (Santa Clara County),,
3 Municipal,CAMPBELL CITY,400 GRANT ST,CAMPBELL,279-41-068,44759,1.028,SANTA CLARA,CA,VACANT LAND,0,0,0,,,,37.288825,-121.942997,92,VACANT LAND +25; 1-5ac +12; owner +5,ATTOM taxassessor (Santa Clara County),,
3 Municipal,SAN JOSE CITY,,SAN JOSE,101-04-003,44431,1.020,SANTA CLARA,IP,VACANT LAND,0,0,0,,,1991-01-30,37.374826,-121.927567,92,VACANT LAND +25; 1-5ac +12; owner +5,ATTOM taxassessor (Santa Clara County),,
3 Municipal,SAN JOSE CITY,375 W SANTA CLARA ST,SAN JOSE,259-37-059,44195,1.015,SANTA CLARA,CPD,VACANT LAND,0,0,0,,2002-01-03,2002-01-03,37.332926,-121.898594,92,VACANT LAND +25; 1-5ac +12; owner +5,ATTOM taxassessor (Santa Clara County),,
3 Municipal,SAN JOSE CITY,,SAN JOSE,678-93-033,43802,1.006,SANTA CLARA,,VACANT LAND,0,0,0,,,,37.256212,-121.789394,92,VACANT LAND +25; 1-5ac +12; owner +5,ATTOM taxassessor (Santa Clara County),,
3 Municipal,SAN JOSE CITY,,SAN JOSE,706-07-016,43560,1.000,SANTA CLARA,M1PD,VACANT LAND,0,0,0,,,,37.243704,-121.800262,92,VACANT LAND +25; 1-5ac +12; owner +5,ATTOM taxassessor (Santa Clara County),,
2 Santa Clara County,SANTA CLARA COUNTY OFFICE OF EDUC,,SAN JOSE,237-03-041,43560,1.000,SANTA CLARA,IP,VACANT LAND,0,0,0,,2016-01-27,,37.384598,-121.900906,92,VACANT LAND +25; 1-5ac +12; owner +5,ATTOM taxassessor (Santa Clara County),,
3 Municipal,CITY OF SAN JOSE,,SAN JOSE,670-15-045,43560,1.000,SANTA CLARA,M1H,VACANT LAND,0,0,0,,2007-03-09,2007-03-09,37.30866,-121.815057,92,VACANT LAND +25; 1-5ac +12; owner +5,ATTOM taxassessor (Santa Clara County),,
2 Santa Clara County,SANTA CLARA COUNTY HOUSING AUTHORIT,118 N 15TH ST,SAN JOSE,467-14-076,41471,0.952,SANTA CLARA,R3,Commercial,0,0,0,,2023-05-30,2010-01-27,37.345003,-121.877018,92,Commercial +5; <1ac infill +20; owner +5; zoning R3 +12,ATTOM taxassessor (Santa Clara County),,
5 State of California,DEPT TRANSPORTATION & STATE CALIFORNIA,,CAMPBELL,403-20-026,39204,0.900,SANTA CLARA,R315,VACANT LAND,0,0,0,,,1994-10-07,37.26791,-121.986456,92,VACANT LAND +25; <1ac infill +20; owner -15; zoning R315 +12,ATTOM taxassessor (Santa Clara County),,
3 Municipal,MOUNTAIN VIEW CITY (CA),859 SIERRA VISTA AVE,MOUNTAIN VIEW,153-03-009,33785,0.776,SANTA CLARA,R3-2S,Commercial,0,0,0,,1998-07-28,,37.41683,-122.089309,92,Commercial +5; <1ac infill +20; owner +5; zoning R3-2S +12,ATTOM taxassessor (Santa Clara County),,
2 Santa Clara County,COUNTY OF SANTA CLARA,333 PAGE ST,SAN JOSE,277-20-066,30380,0.697,SANTA CLARA,R3,COMMERCIAL,0,0,0,,2020-11-18,,37.322566,-121.915942,92,COMMERCIAL +5; <1ac infill +20; owner +5; zoning R3 +12,ATTOM taxassessor (Santa Clara County),,
5 State of California,STATE CALIFORNIA,,SAN JOSE,692-26-053,29086,0.668,SANTA CLARA,R1,VACANT LAND,0,0,0,,2011-06-29,2011-06-29,37.249303,-121.830269,92,VACANT LAND +25; <1ac infill +20; owner -15; zoning R1 +12,ATTOM taxassessor (Santa Clara County),,
3 Municipal,PALO ALTO CITY,351 HOMER AVE,PALO ALTO,120-16-099,29000,0.666,SANTA CLARA,RM3,Commercial,0,0,0,,,1992-09-09,37.44452,-122.157454,92,Commercial +5; <1ac infill +20; owner +5; zoning RM3 +12,ATTOM taxassessor (Santa Clara County),,
2 Santa Clara County,SANTA CLARA COUNTY TRANSIT DISTRICT,,SAN JOSE,692-26-052,26484,0.608,SANTA CLARA,R1,VACANT LAND,0,0,0,,,1983-01-05,37.248555,-121.830011,92,VACANT LAND +25; <1ac infill +20; owner -15; zoning R1 +12,ATTOM taxassessor (Santa Clara County),,
3 Municipal,SAN JOSE CITY,WEIMAR AVE,SAN JOSE,577-35-027,20038,0.460,SANTA CLARA,R1-5P,COMMERCIAL,0,0,0,,,1983-03-18,37.232224,-121.891954,92,COMMERCIAL +5; <1ac infill +20; owner +5; zoning R1-5P +12,ATTOM taxassessor (Santa Clara County),,
3 Municipal,SAN JOSE CITY,,SAN JOSE,472-12-088,16571,0.380,SANTA CLARA,R12,Commercial,0,0,0,,,1987-12-09,37.3252,-121.867418,92,Commercial +5; <1ac infill +20; owner +5; zoning R12 +12,ATTOM taxassessor (Santa Clara County),,
3 Municipal,SAN JOSE CITY (CA),195 E SAN FERNANDO ST,SAN JOSE,467-23-083,15000,0.344,SANTA CLARA,R4,COMMERCIAL,140771,539404,680175,3.832,2004-05-13,,37.336436,-121.885405,92,COMMERCIAL +5; <1ac infill +20; owner +5; zoning R4 +12,ATTOM taxassessor (Santa Clara County),,
2 Santa Clara County,COUNTY OF SANTA CLARA,427 AUZERAIS AVE,SAN JOSE,264-26-103,14976,0.000,SANTA CLARA,R-2,COMMERCIAL,0,0,0,,2021-10-14,2021-10-14,37.325981,-121.89565,92,COMMERCIAL +5; <1ac infill +20; owner +5; zoning R-2 +12,ATTOM taxassessor (Santa Clara County),,
2 Santa Clara County,SANTA CLARA COUNTY TRANSIT DISTRICT,2700 CAROL DR,SAN JOSE,456-26-008,14318,0.329,SANTA CLARA,R1-8,VACANT LAND,0,0,0,,,,37.29119,-121.870311,92,VACANT LAND +25; <1ac infill +20; owner -15; zoning R1-8 +12,ATTOM taxassessor (Santa Clara County),,
3 Municipal,CITY OF PALO ALTO,360 COLLEGE AVE,PALO ALTO,124-31-079,11250,0.258,SANTA CLARA,RM3T,COMMERCIAL,1108183,1188762,2296945,1.073,2021-01-12,,37.428274,-122.146254,92,COMMERCIAL +5; <1ac infill +20; owner +5; zoning RM3T +12,ATTOM taxassessor (Santa Clara County),,
3 Municipal,CITY OF PALO ALTO,376 COLLEGE AVE,PALO ALTO,124-31-080,11250,0.258,SANTA CLARA,RM3T,COMMERCIAL,2913120,1950750,4863870,0.670,2021-01-12,2019-03-06,37.428102,-122.146396,92,COMMERCIAL +5; <1ac infill +20; owner +5; zoning RM3T +12,ATTOM taxassessor (Santa Clara County),,
3 Municipal,MT VIEW CITY,380 DEL MEDIO AVE,MOUNTAIN VIEW,148-12-038,9500,0.000,SANTA CLARA,R3-1*,COMMERCIAL,0,0,0,,1994-05-06,1994-05-06,37.407128,-122.113737,92,COMMERCIAL +5; <1ac infill +20; owner +5; zoning R3-1* +12,ATTOM taxassessor (Santa Clara County),,
5 State of California,STATE CALIFORNIA,501 PARKMOOR AVE,SAN JOSE,277-32-038,7650,0.176,SANTA CLARA,R1,VACANT LAND,0,0,0,,,,37.318849,-121.938879,92,VACANT LAND +25; <1ac infill +20; owner -15; zoning R1 +12,ATTOM taxassessor (Santa Clara County),,
1 Federal,VETERANS ADMINISTRATION,6082 BOYD CT,SAN JOSE,689-24-037,7500,0.172,SANTA CLARA,R1-8,Residential,288155,578997,867152,2.009,2003-04-11,2003-04-11,37.237594,-121.814831,92,Residential +10; <1ac infill +20; zoning R1-8 +12,ATTOM taxassessor (Santa Clara County),,
4 School / Public Ed,MCKINLEY S D FRANKLIN,451 BALTIC WAY,SAN JOSE,497-39-019,7420,0.170,SANTA CLARA,R1,Commercial,0,0,0,,,1976-08-13,37.303779,-121.848113,92,Commercial +5; <1ac infill +20; owner +5; zoning R1 +12,ATTOM taxassessor (Santa Clara County),,
3 Municipal,SAN JOSE CITY,,SAN JOSE,259-13-041,7000,0.161,SANTA CLARA,R2,Commercial,0,0,0,,,1986-10-10,37.34145,-121.904438,92,Commercial +5; <1ac infill +20; owner +5; zoning R2 +12,ATTOM taxassessor (Santa Clara County),,
2 Santa Clara County,SANTA CLARA COUNTY HOUSING AUTHORIT,124 N 15TH ST,SAN JOSE,467-14-054,6912,0.159,SANTA CLARA,R2,Commercial,0,0,0,,2023-05-30,2010-01-27,37.344996,-121.877348,92,Commercial +5; <1ac infill +20; owner +5; zoning R2 +12,ATTOM taxassessor (Santa Clara County),,
3 Municipal,SAN JOSE CITY,200 E SANTA CLARA ST,SAN JOSE,467-24-115,6605,0.152,SANTA CLARA,R4,COMMERCIAL,0,0,0,,,,37.337714,-121.884954,92,COMMERCIAL +5; <1ac infill +20; owner +5; zoning R4 +12,ATTOM taxassessor (Santa Clara County),,
3 Municipal,REDEVELOPMENT AGENCY SAN JOSE,71 N 5TH ST,SAN JOSE,467-20-003,6486,0.149,SANTA CLARA,R4,Commercial,0,0,0,,2001-08-23,1994-12-30,37.339053,-121.887454,92,Commercial +5; <1ac infill +20; owner +5; zoning R4 +12,ATTOM taxassessor (Santa Clara County),,
3 Municipal,SAN JOSE CITY (CA),200 E SANTA CLARA ST,SAN JOSE,467-24-002,6348,0.146,SANTA CLARA,RM,COMMERCIAL,0,0,0,,2002-07-03,,37.337939,-121.885122,92,COMMERCIAL +5; <1ac infill +20; owner +5; zoning RM +12,ATTOM taxassessor (Santa Clara County),,
3 Municipal,REDEVELOPMENT AGENCY SAN JOSE,63 N 5TH ST,SAN JOSE,467-20-004,6256,0.144,SANTA CLARA,R4,COMMERCIAL,0,0,0,,2001-03-02,1997-07-11,37.338942,-121.887372,92,COMMERCIAL +5; <1ac infill +20; owner +5; zoning R4 +12,ATTOM taxassessor (Santa Clara County),,
3 Municipal,SAN JOSE CITY (CA),55 N 5TH ST,SAN JOSE,467-20-005,6165,0.142,SANTA CLARA,R4,COMMERCIAL,0,0,0,,2003-01-03,1996-07-26,37.338834,-121.887292,92,COMMERCIAL +5; <1ac infill +20; owner +5; zoning R4 +12,ATTOM taxassessor (Santa Clara County),,
3 Municipal,SAN JOSE CITY,421 YERBA BUENA RD,SAN JOSE,660-20-001,121532,2.790,SANTA CLARA,R1B3,Residential,0,0,0,,,1977-12-09,37.298698,-121.757291,89,Residential +10; 1-5ac +12; owner +5; zoning R1B3 +12,ATTOM taxassessor (Santa Clara County),,
3 Municipal,SAN JOSE CITY (CA),,SAN JOSE,660-65-044,116697,2.679,SANTA CLARA,R1,Residential,0,0,0,,2001-04-11,,37.304844,-121.760999,89,Residential +10; 1-5ac +12; owner +5; zoning R1 +12,ATTOM taxassessor (Santa Clara County),,
3 Municipal,SAN JOSE CITY,,SAN JOSE,660-67-001,90513,2.078,SANTA CLARA,R1,Residential,0,0,0,,,,37.30717,-121.756938,89,Residential +10; 1-5ac +12; owner +5; zoning R1 +12,ATTOM taxassessor (Santa Clara County),,
3 Municipal,SAN JOSE CITY,,SAN JOSE,708-46-009,86684,1.990,SANTA CLARA,R1-8P,Residential,0,0,0,,,1976-07-13,37.220046,-121.765774,89,Residential +10; 1-5ac +12; owner +5; zoning R1-8P +12,ATTOM taxassessor (Santa Clara County),,
3 Municipal,SAN JOSE CITY (CA),,SAN JOSE,481-46-016,72309,1.660,SANTA CLARA,R1B6,Residential,0,0,0,,2000-09-13,,37.346272,-121.850342,89,Residential +10; 1-5ac +12; owner +5; zoning R1B6 +12,ATTOM taxassessor (Santa Clara County),,
4 School / Public Ed,SAN JOSE UNIFIED S D,,SAN JOSE,455-49-027,70832,1.626,SANTA CLARA,R1-8,Residential,0,0,0,,2000-01-06,2000-01-06,37.284042,-121.875695,89,Residential +10; 1-5ac +12; owner +5; zoning R1-8 +12,ATTOM taxassessor (Santa Clara County),,
3 Municipal,SAN JOSE CITY,,SAN JOSE,660-65-045,68872,1.581,SANTA CLARA,R1,Residential,0,0,0,,2001-04-11,2001-04-11,37.305084,-121.759929,89,Residential +10; 1-5ac +12; owner +5; zoning R1 +12,ATTOM taxassessor (Santa Clara County),,
3 Municipal,SAN JOSE CITY,6609 PFEIFFER RANCH RD,SAN JOSE,696-38-001,67079,1.540,SANTA CLARA,R1,Residential,0,0,0,,1994-12-28,,37.223014,-121.851337,89,Residential +10; 1-5ac +12; owner +5; zoning R1 +12,ATTOM taxassessor (Santa Clara County),,
4 School / Public Ed,CUPERTINO UNION SCHOOL DISTRIC,10480 FINCH AVE,CUPERTINO,375-40-067,64468,1.480,SANTA CLARA,R1-10,Residential,0,0,0,,2017-01-05,,37.315754,-122.009897,89,Residential +10; 1-5ac +12; owner +5; zoning R1-10 +12,ATTOM taxassessor (Santa Clara County),,
3 Municipal,SAN JOSE CITY,,SAN JOSE,464-32-057,62726,1.440,SANTA CLARA,R1-8P,Residential,0,0,0,,,1975-12-22,37.26347,-121.85167,89,Residential +10; 1-5ac +12; owner +5; zoning R1-8P +12,ATTOM taxassessor (Santa Clara County),,
3 Municipal,SAN JOSE CITY ETAL,2390 CANOAS GARDEN AVE,SAN JOSE,456-26-007,59039,1.355,SANTA CLARA,R1-8,Residential,0,0,0,,,,37.29187,-121.870523,89,Residential +10; 1-5ac +12; owner +5; zoning R1-8 +12,ATTOM taxassessor (Santa Clara County),,
3 Municipal,SAN JOSE CITY,,SAN JOSE,660-22-135,45156,1.037,SANTA CLARA,R1,Residential,0,0,0,,,,37.303802,-121.772446,89,Residential +10; 1-5ac +12; owner +5; zoning R1 +12,ATTOM taxassessor (Santa Clara County),,
3 Municipal,SAN JOSE CITY OF 200 EDENVALE AVE HOT EL OWNERS LL,4985 EDENVALE AVE,SAN JOSE,685-04-028,845265,19.405,SANTA CLARA,R1B6,VACANT LAND,0,0,0,,,1988-07-29,37.264587,-121.820863,87,VACANT LAND +25; 5-20ac -5; owner +5; zoning R1B6 +12,ATTOM taxassessor (Santa Clara County),,
3 Municipal,SANTA CLARA CITY,,SANTA CLARA,104-43-059,588255,13.505,SANTA CLARA,RIA,VACANT LAND,0,0,0,,,,37.402018,-121.966202,87,VACANT LAND +25; 5-20ac -5; owner +5; zoning RIA +12,ATTOM taxassessor (Santa Clara County),,
4 School / Public Ed,UNION S D CUPERTINO,,SUNNYVALE,320-02-002,524831,12.049,SANTA CLARA,R1,VACANT LAND,0,0,0,,,,37.340939,-122.062433,87,VACANT LAND +25; 5-20ac -5; owner +5; zoning R1 +12,ATTOM taxassessor (Santa Clara County),,
4 School / Public Ed,PLEASANT S D MT,,SAN JOSE,647-05-033,522720,12.000,SANTA CLARA,R1,VACANT LAND,0,0,0,,,,37.355147,-121.810925,87,VACANT LAND +25; 5-20ac -5; owner +5; zoning R1 +12,ATTOM taxassessor (Santa Clara County),,
4 School / Public Ed,S D EVERGREEN,,SAN JOSE,659-13-015,470012,10.790,SANTA CLARA,R1-8,VACANT LAND,0,0,0,,,,37.319153,-121.786766,87,VACANT LAND +25; 5-20ac -5; owner +5; zoning R1-8 +12,ATTOM taxassessor (Santa Clara County),,
3 Municipal,SAN JOSE CITY,CLEMENCE AVE,SAN JOSE,477-47-004,456944,10.490,SANTA CLARA,R18A,VACANT LAND,0,0,0,,1994-11-07,1991-09-05,37.330135,-121.85339,87,VACANT LAND +25; 5-20ac -5; owner +5; zoning R18A +12,ATTOM taxassessor (Santa Clara County),,
3 Municipal,SANTA CLARA CITY,,SANTA CLARA,104-43-062,451543,10.366,SANTA CLARA,RIA,VACANT LAND,0,0,0,,,,37.404782,-121.967608,87,VACANT LAND +25; 5-20ac -5; owner +5; zoning RIA +12,ATTOM taxassessor (Santa Clara County),,
4 School / Public Ed,GROVE S D OAK,410 SAUTNER DR,SAN JOSE,689-31-051,439956,10.100,SANTA CLARA,R1-8C,VACANT LAND,0,0,0,,,,37.23,-121.808571,87,VACANT LAND +25; 5-20ac -5; owner +5; zoning R1-8C +12,ATTOM taxassessor (Santa Clara County),,
3 Municipal,SAN JOSE CITY,,SAN JOSE,464-01-023,398574,9.150,SANTA CLARA,R1,VACANT LAND,0,0,0,,,1985-06-25,37.263027,-121.850265,87,VACANT LAND +25; 5-20ac -5; owner +5; zoning R1 +12,ATTOM taxassessor (Santa Clara County),,
3 Municipal,SAN JOSE CITY,,SAN JOSE,589-09-017,394654,9.060,SANTA CLARA,R1-8,VACANT LAND,0,0,0,,,,37.401865,-121.870988,87,VACANT LAND +25; 5-20ac -5; owner +5; zoning R1-8 +12,ATTOM taxassessor (Santa Clara County),,
4 School / Public Ed,S D MORELAND,,SAN JOSE,299-37-028,388120,8.910,SANTA CLARA,R1-8,VACANT LAND,0,0,0,,,,37.31261,-121.973387,87,VACANT LAND +25; 5-20ac -5; owner +5; zoning R1-8 +12,ATTOM taxassessor (Santa Clara County),,
4 School / Public Ed,S D EVERGREEN,,SAN JOSE,680-41-022,380109,8.726,SANTA CLARA,R1,VACANT LAND,0,0,0,,,1992-10-30,37.280104,-121.759115,87,VACANT LAND +25; 5-20ac -5; owner +5; zoning R1 +12,ATTOM taxassessor (Santa Clara County),,
3 Municipal,SAN JOSE CITY,,SAN JOSE,581-04-011,374001,8.586,SANTA CLARA,R1-8,VACANT LAND,0,0,0,,,,37.221517,-121.86971,87,VACANT LAND +25; 5-20ac -5; owner +5; zoning R1-8 +12,ATTOM taxassessor (Santa Clara County),,
4 School / Public Ed,EVERGREEN S D SCC,3701 RUE MIRASSOU,SAN JOSE,659-10-020,368939,8.470,SANTA CLARA,R1-25,VACANT LAND,0,0,0,,,2000-05-04,37.321905,-121.769557,87,VACANT LAND +25; 5-20ac -5; owner +5; zoning R1-25 +12,ATTOM taxassessor (Santa Clara County),,
3 Municipal,SAN JOSE CITY (CA),,SAN JOSE,679-16-009,363726,8.350,SANTA CLARA,R1,VACANT LAND,0,0,0,,2002-09-04,,37.292865,-121.785528,87,VACANT LAND +25; 5-20ac -5; owner +5; zoning R1 +12,ATTOM taxassessor (Santa Clara County),,
4 School / Public Ed,MORGAN HILL UNIFIED S D,,SAN JOSE,706-28-002,348480,8.000,SANTA CLARA,R1B8,VACANT LAND,0,0,0,,,1973-08-07,37.225282,-121.768025,87,VACANT LAND +25; 5-20ac -5; owner +5; zoning R1B8 +12,ATTOM taxassessor (Santa Clara County),,
4 School / Public Ed,MCKINLEY S D FRANKLIN,,SAN JOSE,499-05-015,348480,8.000,SANTA CLARA,R1-8P,VACANT LAND,0,0,0,,,1978-03-28,37.307355,-121.823552,87,VACANT LAND +25; 5-20ac -5; owner +5; zoning R1-8P +12,ATTOM taxassessor (Santa Clara County),,
3 Municipal,SAN JOSE CITY,,SAN JOSE,678-68-015,342773,7.869,SANTA CLARA,R1,VACANT LAND,0,0,0,,,,37.243407,-121.759107,87,VACANT LAND +25; 5-20ac -5; owner +5; zoning R1 +12,ATTOM taxassessor (Santa Clara County),,
3 Municipal,SAN JOSE CITY,,SAN JOSE,680-38-015,314028,7.209,SANTA CLARA,R1,VACANT LAND,0,0,0,,1995-06-29,,37.294969,-121.772445,87,VACANT LAND +25; 5-20ac -5; owner +5; zoning R1 +12,ATTOM taxassessor (Santa Clara County),,
3 Municipal,SAN JOSE CITY,,SAN JOSE,695-10-006,302306,6.940,SANTA CLARA,R1B8,VACANT LAND,0,0,0,,,,37.236333,-121.851577,87,VACANT LAND +25; 5-20ac -5; owner +5; zoning R1B8 +12,ATTOM taxassessor (Santa Clara County),,
3 Municipal,SAN JOSE CITY,,SAN JOSE,599-46-004,294901,6.770,SANTA CLARA,R1-8,VACANT LAND,0,0,0,,,1973-08-08,37.385437,-121.83896,87,VACANT LAND +25; 5-20ac -5; owner +5; zoning R1-8 +12,ATTOM taxassessor (Santa Clara County),,
3 Municipal,SANTA CLARA CITY,,SANTA CLARA,104-43-061,263828,6.057,SANTA CLARA,RIA,VACANT LAND,0,0,0,,,,37.400698,-121.969001,87,VACANT LAND +25; 5-20ac -5; owner +5; zoning RIA +12,ATTOM taxassessor (Santa Clara County),,
3 Municipal,SAN JOSE CITY,BLUEFIELD DR,SAN JOSE,462-05-113,246550,5.660,SANTA CLARA,R1,VACANT LAND,0,0,0,,,,37.271655,-121.85215,87,VACANT LAND +25; 5-20ac -5; owner +5; zoning R1 +12,ATTOM taxassessor (Santa Clara County),,
3 Municipal,SAN JOSE CITY,,SAN JOSE,241-41-107,237117,5.444,SANTA CLARA,R1,VACANT LAND,0,0,0,,,1989-06-29,37.370767,-121.885675,87,VACANT LAND +25; 5-20ac -5; owner +5; zoning R1 +12,ATTOM taxassessor (Santa Clara County),,
4 School / Public Ed,ROCK UNION S D ALUM,,SAN JOSE,484-26-083,223449,5.130,SANTA CLARA,R1B6,VACANT LAND,0,0,0,,,,37.360839,-121.825568,87,VACANT LAND +25; 5-20ac -5; owner +5; zoning R1B6 +12,ATTOM taxassessor (Santa Clara County),,
3 Municipal,CITY OF SAN JOSE-PUBLIC WORKS,,SAN JOSE,455-62-036,221851,5.093,SANTA CLARA,R1AB,VACANT LAND,0,0,0,,2009-12-07,2009-12-07,37.282944,-121.857999,87,VACANT LAND +25; 5-20ac -5; owner +5; zoning R1AB +12,ATTOM taxassessor (Santa Clara County),,
1 Federal,UNITED STATES POSTAL SERVICE,,SAN JOSE,101-31-017,188615,4.330,SANTA CLARA,IP,VACANT LAND,0,0,0,,,1987-08-28,37.39343,-121.925157,87,VACANT LAND +25; 1-5ac +12,ATTOM taxassessor (Santa Clara County),,
1 Federal,UNITED STATES POSTAL SERVICE,80 LEWIS RD,SAN JOSE,497-23-015,141332,3.245,SANTA CLARA,M1,VACANT LAND,0,0,0,,,1989-06-28,37.290774,-121.846376,87,VACANT LAND +25; 1-5ac +12,ATTOM taxassessor (Santa Clara County),,
1 Federal,UNITED STATES POSTAL SERVICE,CROWN BLVD,SAN JOSE,581-11-014,83338,1.913,SANTA CLARA,CN,VACANT LAND,0,0,0,,,1974-06-27,37.218864,-121.862363,87,VACANT LAND +25; 1-5ac +12,ATTOM taxassessor (Santa Clara County),,
1 Federal,UNITED STATES POSTAL SERVICE,1085 MCGINNESS AVE,SAN JOSE,484-33-140,62292,1.430,SANTA CLARA,CG,VACANT LAND,0,0,0,,,1997-04-15,37.352836,-121.825646,87,VACANT LAND +25; 1-5ac +12,ATTOM taxassessor (Santa Clara County),,
3 Municipal,MT VIEW CITY,,MOUNTAIN VIEW,197-26-034,40510,0.930,SANTA CLARA,R1-8L,OTHER / UNKNOWN,0,0,0,,,1970-02-10,37.366979,-122.064853,87,<1ac infill +20; owner +5; zoning R1-8L +12,ATTOM taxassessor (Santa Clara County),,
3 Municipal,CITY OF MOUNTAIN VIEW,263 ESCUELA AVE,MOUNTAIN VIEW,154-12-012,40492,0.930,SANTA CLARA,R2,OTHER / UNKNOWN,0,0,0,,2009-08-28,2009-08-28,37.398101,-122.092429,87,<1ac infill +20; owner +5; zoning R2 +12,ATTOM taxassessor (Santa Clara County),,
3 Municipal,SAN JOSE CITY,SPADAFORE CT,SAN JOSE,439-56-014,40176,0.922,SANTA CLARA,R1-8P,OTHER / UNKNOWN,0,0,0,,,1973-09-06,37.288,-121.883588,87,<1ac infill +20; owner +5; zoning R1-8P +12,ATTOM taxassessor (Santa Clara County),,
3 Municipal,SAN JOSE CITY,,SAN JOSE,477-12-037,40121,0.921,SANTA CLARA,R1-8,OTHER / UNKNOWN,0,0,0,,,,37.322268,-121.853504,87,<1ac infill +20; owner +5; zoning R1-8 +12,ATTOM taxassessor (Santa Clara County),,
3 Municipal,SAN JOSE CITY,,SAN JOSE,491-21-079,35338,0.811,SANTA CLARA,R1-8,OTHER / UNKNOWN,0,0,0,,,,37.327848,-121.831961,87,<1ac infill +20; owner +5; zoning R1-8 +12,ATTOM taxassessor (Santa Clara County),,
3 Municipal,SAN JOSE CITY,,SAN JOSE,464-36-062,34769,0.798,SANTA CLARA,R1-8,OTHER / UNKNOWN,0,0,0,,,1976-08-18,37.254064,-121.848779,87,<1ac infill +20; owner +5; zoning R1-8 +12,ATTOM taxassessor (Santa Clara County),,
3 Municipal,MT VIEW CITY,,MOUNTAIN VIEW,160-37-002,33800,0.776,SANTA CLARA,R3-2*,OTHER / UNKNOWN,0,0,0,,,,37.39643,-122.067683,87,<1ac infill +20; owner +5; zoning R3-2* +12,ATTOM taxassessor (Santa Clara County),,
3 Municipal,SAN JOSE CITY,,SAN JOSE,264-41-087,32308,0.742,SANTA CLARA,R1-8,OTHER / UNKNOWN,0,0,0,,,,37.317981,-121.894799,87,<1ac infill +20; owner +5; zoning R1-8 +12,ATTOM taxassessor (Santa Clara County),,
2 Santa Clara County,SANTA CLARA COUNTY,,SAN JOSE,583-20-003,32213,0.740,SANTA CLARA,RR-H1,OTHER / UNKNOWN,0,0,0,,,,37.17384,-121.824273,87,<1ac infill +20; owner +5; zoning RR-H1 +12,ATTOM taxassessor (Santa Clara County),,
3 Municipal,SAN JOSE CITY,,SAN JOSE,708-21-013,32100,0.737,SANTA CLARA,R16PD,OTHER / UNKNOWN,0,0,0,,,1981-07-22,37.217578,-121.764087,87,<1ac infill +20; owner +5; zoning R16PD +12,ATTOM taxassessor (Santa Clara County),,
3 Municipal,SAN JOSE CITY,,SAN JOSE,456-33-002,30933,0.000,SANTA CLARA,R-138,OTHER / UNKNOWN,0,0,0,,1996-06-20,1996-06-20,37.289012,-121.872477,87,<1ac infill +20; owner +5; zoning R-138 +12,ATTOM taxassessor (Santa Clara County),,
3 Municipal,SAN JOSE CITY,,SAN JOSE,264-52-035,27811,0.638,SANTA CLARA,R1-8,OTHER / UNKNOWN,0,0,0,,,1978-10-06,37.315692,-121.900802,87,<1ac infill +20; owner +5; zoning R1-8 +12,ATTOM taxassessor (Santa Clara County),,
3 Municipal,SAN JOSE CITY,ZION LN,SAN JOSE,587-12-059,24711,0.567,SANTA CLARA,R1-8,OTHER / UNKNOWN,0,0,0,,,,37.399848,-121.851275,87,<1ac infill +20; owner +5; zoning R1-8 +12,ATTOM taxassessor (Santa Clara County),,
3 Municipal,SAN JOSE CITY,,SAN JOSE,647-24-042,20909,0.480,SANTA CLARA,R1-8,OTHER / UNKNOWN,0,0,0,,,,37.351667,-121.799036,87,<1ac infill +20; owner +5; zoning R1-8 +12,ATTOM taxassessor (Santa Clara County),,
3 Municipal,SAN JOSE CITY,,SAN JOSE,264-47-124,19985,0.459,SANTA CLARA,R2,OTHER / UNKNOWN,0,0,0,,,1972-12-21,37.317872,-121.891949,87,<1ac infill +20; owner +5; zoning R2 +12,ATTOM taxassessor (Santa Clara County),,
3 Municipal,SAN JOSE CITY,,SAN JOSE,467-39-002,19166,0.440,SANTA CLARA,R1-8,OTHER / UNKNOWN,0,0,0,,,,37.338192,-121.870075,87,<1ac infill +20; owner +5; zoning R1-8 +12,ATTOM taxassessor (Santa Clara County),,
3 Municipal,SAN JOSE CITY,TAMPICO WAY,SAN JOSE,451-43-101,18400,0.422,SANTA CLARA,R1-8P,OTHER / UNKNOWN,0,0,0,,,1976-01-12,37.257288,-121.895208,87,<1ac infill +20; owner +5; zoning R1-8P +12,ATTOM taxassessor (Santa Clara County),,
3 Municipal,SAN JOSE CITY,,SAN JOSE,467-50-064,17424,0.400,SANTA CLARA,R1-8,OTHER / UNKNOWN,0,0,0,,,1978-03-10,37.337132,-121.868681,87,<1ac infill +20; owner +5; zoning R1-8 +12,ATTOM taxassessor (Santa Clara County),,
3 Municipal,PALO ALTO CITY,,PALO ALTO,120-16-029,16950,0.389,SANTA CLARA,R1929,OTHER / UNKNOWN,0,0,0,,,,37.44545,-122.158882,87,<1ac infill +20; owner +5; zoning R1929 +12,ATTOM taxassessor (Santa Clara County),,
3 Municipal,MT VIEW CITY,,MOUNTAIN VIEW,193-15-024,16870,0.387,SANTA CLARA,R1,OTHER / UNKNOWN,0,0,0,,,,37.373939,-122.078097,87,<1ac infill +20; owner +5; zoning R1 +12,ATTOM taxassessor (Santa Clara County),,
4 School / Public Ed,S D BURBANK,,SAN JOSE,274-16-068,16419,0.377,SANTA CLARA,R1-N2,OTHER / UNKNOWN,0,0,0,,,1974-12-23,37.324081,-121.927075,87,<1ac infill +20; owner +5; zoning R1-N2 +12,ATTOM taxassessor (Santa Clara County),,
3 Municipal,MT VIEW CITY,,MOUNTAIN VIEW,154-30-064,15273,0.351,SANTA CLARA,R2,OTHER / UNKNOWN,0,0,0,,,,37.388968,-122.088036,87,<1ac infill +20; owner +5; zoning R2 +12,ATTOM taxassessor (Santa Clara County),,
3 Municipal,SAN JOSE CITY,THREADNEEDLE WAY,SAN JOSE,676-10-053,13504,0.310,SANTA CLARA,R1-8C,OTHER / UNKNOWN,0,0,0,,,,37.307268,-121.807574,87,<1ac infill +20; owner +5; zoning R1-8C +12,ATTOM taxassessor (Santa Clara County),,
3 Municipal,CAMPBELL CITY,,CAMPBELL,412-07-046,10971,0.252,SANTA CLARA,ROW,OTHER / UNKNOWN,0,0,0,,,1978-02-06,37.286579,-121.942348,87,<1ac infill +20; owner +5; zoning ROW +12,ATTOM taxassessor (Santa Clara County),,
3 Municipal,SAN JOSE CITY,,SAN JOSE,494-62-025,9087,0.209,SANTA CLARA,R1-1A,OTHER / UNKNOWN,0,0,0,,,1990-11-20,37.290402,-121.818417,87,<1ac infill +20; owner +5; zoning R1-1A +12,ATTOM taxassessor (Santa Clara County),,
2 Santa Clara County,SANTA CLARA COUNTY,,SAN JOSE,484-46-047,8750,0.201,SANTA CLARA,R1-8,OTHER / UNKNOWN,0,0,0,,,,37.354488,-121.83004,87,<1ac infill +20; owner +5; zoning R1-8 +12,ATTOM taxassessor (Santa Clara County),,
3 Municipal,MT VIEW CITY,1960 MIRAMONTE AVE,MOUNTAIN VIEW,189-55-067,8668,0.199,SANTA CLARA,R1-8L,OTHER / UNKNOWN,0,0,0,,,,37.36697,-122.087341,87,<1ac infill +20; owner +5; zoning R1-8L +12,ATTOM taxassessor (Santa Clara County),,
2 Santa Clara County,SANTA CLARA COUNTY,,SAN JOSE,583-12-014,8536,0.196,SANTA CLARA,RR,OTHER / UNKNOWN,0,0,0,,,1973-08-01,37.196577,-121.831219,87,<1ac infill +20; owner +5; zoning RR +12,ATTOM taxassessor (Santa Clara County),,
3 Municipal,SAN JOSE CITY,,SAN JOSE,472-12-006,8276,0.190,SANTA CLARA,R1-8,OTHER / UNKNOWN,0,0,0,,,1977-10-18,37.327273,-121.86725,87,<1ac infill +20; owner +5; zoning R1-8 +12,ATTOM taxassessor (Santa Clara County),,
3 Municipal,MT VIEW CITY,,MOUNTAIN VIEW,193-23-005,7580,0.174,SANTA CLARA,R1-75,OTHER / UNKNOWN,0,0,0,,,,37.373216,-122.07812,87,<1ac infill +20; owner +5; zoning R1-75 +12,ATTOM taxassessor (Santa Clara County),,
3 Municipal,CITY OF SAN JOSE,,SAN JOSE,467-11-043,7012,0.161,SANTA CLARA,R2,OTHER / UNKNOWN,0,0,0,,2006-06-22,,37.346709,-121.87144,87,<1ac infill +20; owner +5; zoning R2 +12,ATTOM taxassessor (Santa Clara County),,
4 School / Public Ed,SIDE UNION H S D EAST,,SAN JOSE,484-17-035,6750,0.155,SANTA CLARA,R1,OTHER / UNKNOWN,0,0,0,,,,37.365854,-121.832714,87,<1ac infill +20; owner +5; zoning R1 +12,ATTOM taxassessor (Santa Clara County),,
3 Municipal,MT VIEW CITY,103 ESCUELA AVE,MOUNTAIN VIEW,154-02-037,6161,0.141,SANTA CLARA,R2,INDUSTRIAL,0,0,0,,,,37.400423,-122.091581,87,<1ac infill +20; owner +5; zoning R2 +12,ATTOM taxassessor (Santa Clara County),,
2 Santa Clara County,SANTA CLARA COUNTY,,MOUNTAIN VIEW,153-28-072,6125,0.141,SANTA CLARA,R2,OTHER / UNKNOWN,0,0,0,,,,37.397259,-122.081329,87,<1ac infill +20; owner +5; zoning R2 +12,ATTOM taxassessor (Santa Clara County),,
3 Municipal,SAN JOSE CITY,,SAN JOSE,649-26-026,6000,0.138,SANTA CLARA,R1-8,OTHER / UNKNOWN,0,0,0,,,,37.347382,-121.796125,87,<1ac infill +20; owner +5; zoning R1-8 +12,ATTOM taxassessor (Santa Clara County),,
3 Municipal,SAN JOSE CITY,,SAN JOSE,660-33-023,42253,0.970,SANTA CLARA,A-20,VACANT LAND,0,0,0,,,,37.311414,-121.747622,85,VACANT LAND +25; <1ac infill +20; owner +5; zoning A-20 -15,ATTOM taxassessor (Santa Clara County),,
3 Municipal,SANTA CLARA CITY,888 AGNEW RD,SANTA CLARA,097-08-073,39204,0.900,SANTA CLARA,APD,VACANT LAND,0,0,0,,,,37.394418,-121.950326,85,VACANT LAND +25; <1ac infill +20; owner +5; zoning APD -15,ATTOM taxassessor (Santa Clara County),,
3 Municipal,SAN JOSE CITY (CA),,SAN JOSE,670-35-086,38768,0.890,SANTA CLARA,APD,VACANT LAND,0,0,0,,2003-01-21,,37.315033,-121.815039,85,VACANT LAND +25; <1ac infill +20; owner +5; zoning APD -15,ATTOM taxassessor (Santa Clara County),,
3 Municipal,CITY OF SAN JOSE,,SAN JOSE,455-63-016,37679,0.865,SANTA CLARA,APD,VACANT LAND,0,0,0,,2008-11-03,2008-11-03,37.286947,-121.861493,85,VACANT LAND +25; <1ac infill +20; owner +5; zoning APD -15,ATTOM taxassessor (Santa Clara County),,
3 Municipal,SUNNYVALE CITY,252 GARNER DR,SUNNYVALE,110-12-094,36998,0.849,SANTA CLARA,SU,Residential,0,0,0,,,1976-11-01,37.400158,-122.024897,85,Residential +10; <1ac infill +20; owner +5,ATTOM taxassessor (Santa Clara County),,
4 School / Public Ed,EVERGREEN SCHOOL DISTRICT,3824 SAN FELIPE RD,SAN JOSE,660-23-017,36590,0.840,SANTA CLARA,SJ,Residential,0,0,0,,2000-04-14,,37.309088,-121.780897,85,Residential +10; <1ac infill +20; owner +5,ATTOM taxassessor (Santa Clara County),,
3 Municipal,SAN JOSE CITY,,SAN JOSE,659-47-028,36306,0.833,SANTA CLARA,A-PD,VACANT LAND,0,0,0,,1996-05-07,,37.311933,-121.779747,85,VACANT LAND +25; <1ac infill +20; owner +5; zoning A-PD -15,ATTOM taxassessor (Santa Clara County),,
3 Municipal,CITY OF MOUNTAIN VIEW,917 SAN RAFAEL AVE,MOUNTAIN VIEW,153-18-027,34500,0.792,SANTA CLARA,MM,Residential,0,0,0,,2022-12-09,,37.407136,-122.07224,85,Residential +10; <1ac infill +20; owner +5,ATTOM taxassessor (Santa Clara County),,
3 Municipal,CITY OF SUNNYVALE,936 E DUANE AVE,SUNNYVALE,205-21-002,34200,0.785,SANTA CLARA,MS,Residential,0,0,0,,2018-10-03,2015-05-29,37.388038,-122.004384,85,Residential +10; <1ac infill +20; owner +5,ATTOM taxassessor (Santa Clara County),,
3 Municipal,CITY OF SAN JOSE,,SAN JOSE,659-56-025,32314,0.742,SANTA CLARA,A,VACANT LAND,0,0,0,,2009-08-21,2009-08-21,37.312993,-121.771853,85,VACANT LAND +25; <1ac infill +20; owner +5; zoning A -15,ATTOM taxassessor (Santa Clara County),,
3 Municipal,SAN JOSE CITY (CA),,SAN JOSE,680-32-001,32234,0.740,SANTA CLARA,A,VACANT LAND,146886,0,146886,0.000,1998-07-08,1998-05-13,37.294034,-121.768653,85,VACANT LAND +25; <1ac infill +20; owner +5; zoning A -15,ATTOM taxassessor (Santa Clara County),,
3 Municipal,SAN JOSE CITY,,SAN JOSE,694-02-015,30492,0.700,SANTA CLARA,A-PD,VACANT LAND,0,0,0,,,1978-03-14,37.243183,-121.873895,85,VACANT LAND +25; <1ac infill +20; owner +5; zoning A-PD -15,ATTOM taxassessor (Santa Clara County),,
3 Municipal,SUNNYVALE CITY,,SUNNYVALE,165-23-160,30056,0.690,SANTA CLARA,M1PD,Residential,0,0,0,,,1983-09-16,37.383624,-122.041045,85,Residential +10; <1ac infill +20; owner +5,ATTOM taxassessor (Santa Clara County),,
3 Municipal,CITY OF SAN JOSE,,SAN JOSE,660-52-002,29609,0.680,SANTA CLARA,A,VACANT LAND,0,0,0,,2006-06-02,2006-06-02,37.27973,-121.754858,85,VACANT LAND +25; <1ac infill +20; owner +5; zoning A -15,ATTOM taxassessor (Santa Clara County),,
3 Municipal,SAN JOSE CITY,,SAN JOSE,701-24-019,24571,0.564,SANTA CLARA,A,VACANT LAND,0,0,0,,,1990-03-29,37.215507,-121.838294,85,VACANT LAND +25; <1ac infill +20; owner +5; zoning A -15,ATTOM taxassessor (Santa Clara County),,
3 Municipal,CAMPBELL CITY,125 UNION AVE,CAMPBELL,412-10-007,24000,0.551,SANTA CLARA,P-F,Residential,0,0,0,,,1980-04-11,37.285403,-121.935858,85,Residential +10; <1ac infill +20; owner +5,ATTOM taxassessor (Santa Clara County),,
3 Municipal,SAN JOSE CITY,6027 SAN IGNACIO AVE,SAN JOSE,706-38-054,22777,0.523,SANTA CLARA,OS,VACANT LAND,0,0,0,,,,37.232809,-121.771652,85,VACANT LAND +25; <1ac infill +20; owner +5; zoning OS -15,ATTOM taxassessor (Santa Clara County),,
3 Municipal,SAN JOSE CITY,880 TULLY RD,SAN JOSE,499-23-008,22704,0.521,SANTA CLARA,SJ,Residential,0,0,0,,2001-08-28,2001-08-28,37.31189,-121.840736,85,Residential +10; <1ac infill +20; owner +5,ATTOM taxassessor (Santa Clara County),,
3 Municipal,CITY OF SAN JOSE,,SAN JOSE,455-10-052,21519,0.494,SANTA CLARA,APD,VACANT LAND,0,0,0,,2009-06-10,2009-06-10,37.286065,-121.861433,85,VACANT LAND +25; <1ac infill +20; owner +5; zoning APD -15,ATTOM taxassessor (Santa Clara County),,
3 Municipal,SAN JOSE CITY,,SAN JOSE,455-63-027,18831,0.000,SANTA CLARA,APD,VACANT LAND,0,0,0,,,,37.28574,-121.859047,85,VACANT LAND +25; <1ac infill +20; owner +5; zoning APD -15,ATTOM taxassessor (Santa Clara County),,
2 Santa Clara County,COUNTY OF SANTA CLARA,,SAN JOSE,706-11-002,14240,0.327,SANTA CLARA,A-40A,VACANT LAND,0,0,0,,2009-10-26,2009-10-26,37.218034,-121.757891,85,VACANT LAND +25; <1ac infill +20; owner +5; zoning A-40A -15,ATTOM taxassessor (Santa Clara County),,
2 Santa Clara County,SANTA CLARA COUNTY,,SAN JOSE,462-14-026,11743,0.270,SANTA CLARA,A,VACANT LAND,0,0,0,,,,37.270088,-121.860291,85,VACANT LAND +25; <1ac infill +20; owner +5; zoning A -15,ATTOM taxassessor (Santa Clara County),,
3 Municipal,SAN JOSE CITY,,SAN JOSE,477-66-035,11664,0.268,SANTA CLARA,A,VACANT LAND,0,0,0,,,1980-10-27,37.320976,-121.851999,85,VACANT LAND +25; <1ac infill +20; owner +5; zoning A -15,ATTOM taxassessor (Santa Clara County),,
3 Municipal,CITY OF CUPERTINO,10535 MERRIMAN RD,CUPERTINO,342-16-053,11125,0.255,SANTA CLARA,CU,Residential,360732,447020,807752,1.239,2023-02-07,1988-12-01,37.315406,-122.070301,85,Residential +10; <1ac infill +20; owner +5,ATTOM taxassessor (Santa Clara County),,
3 Municipal,CITY OF SAN JOSE HOUSING,1072 VERMONT ST,SAN JOSE,230-42-078,10000,0.230,SANTA CLARA,CL,Residential,0,0,0,,2009-01-29,2005-12-21,37.34282,-121.924311,85,Residential +10; <1ac infill +20; owner +5,ATTOM taxassessor (Santa Clara County),,
3 Municipal,CITY OF SAN JOSE,,SAN JOSE,249-65-102,9841,0.226,SANTA CLARA,APD,VACANT LAND,0,0,0,,2005-02-04,2005-02-04,37.355534,-121.869948,85,VACANT LAND +25; <1ac infill +20; owner +5; zoning APD -15,ATTOM taxassessor (Santa Clara County),,
3 Municipal,SAN JOSE CITY,,SAN JOSE,696-01-019,9002,0.207,SANTA CLARA,A-PD,VACANT LAND,0,0,0,,,1980-08-15,37.237424,-121.870418,85,VACANT LAND +25; <1ac infill +20; owner +5; zoning A-PD -15,ATTOM taxassessor (Santa Clara County),,
3 Municipal,CITY OF MOUNTAIN VIEW,996 W DANA ST,MOUNTAIN VIEW,158-13-029,8236,0.189,SANTA CLARA,P(19),Residential,0,0,0,,2019-06-10,2019-06-10,37.393495,-122.081625,85,Residential +10; <1ac infill +20; owner +5,ATTOM taxassessor (Santa Clara County),,
3 Municipal,CITY OF MOUNTAIN VIEW,449 FRANKLIN ST,MOUNTAIN VIEW,158-11-059,7528,0.173,SANTA CLARA,P(19),Residential,1612051,8081,1620132,0.005,2014-12-19,,37.391424,-122.082818,85,Residential +10; <1ac infill +20; owner +5,ATTOM taxassessor (Santa Clara County),,
3 Municipal,SAN JOSE CITY RE DIV,,SAN JOSE,462-15-036,6639,0.000,SANTA CLARA,A140,VACANT LAND,0,0,0,,2009-03-27,,37.274988,-121.860705,85,VACANT LAND +25; <1ac infill +20; owner +5; zoning A140 -15,ATTOM taxassessor (Santa Clara County),,
3 Municipal,CITY OF SAN JOSE,1413 SANBORN AVE,SAN JOSE,434-23-134,6553,0.150,SANTA CLARA,CP,Residential,0,0,0,,2020-12-23,,37.314755,-121.875599,85,Residential +10; <1ac infill +20; owner +5,ATTOM taxassessor (Santa Clara County),,
3 Municipal,SUNNYVALE CITY (CA),344 CHARLES ST,SUNNYVALE,165-13-049,6500,0.149,SANTA CLARA,0,Residential,0,0,0,,1999-07-23,1999-07-23,37.374529,-122.035961,85,Residential +10; <1ac infill +20; owner +5,ATTOM taxassessor (Santa Clara County),,
3 Municipal,SANTA CLARA CITY,884 LAFAYETTE ST,SANTA CLARA,269-28-028,6050,0.139,SANTA CLARA,CD,Residential,0,0,0,,,1977-02-11,37.348994,-121.943093,85,Residential +10; <1ac infill +20; owner +5,ATTOM taxassessor (Santa Clara County),,
2 Santa Clara County,COUNTY OF SANTA CLARA,10 KIRK AVE,SAN JOSE,599-39-112,185565,4.260,SANTA CLARA,R1,Commercial,8370475,267850,8638325,0.032,2023-11-27,2023-11-27,37.377023,-121.82121,84,Commercial +5; 1-5ac +12; owner +5; zoning R1 +12,ATTOM taxassessor (Santa Clara County),,
5 State of California,STATE CALIFORNIA,,SAN JOSE,456-26-019,166809,3.829,SANTA CLARA,R1-8,VACANT LAND,0,0,0,,,,37.290555,-121.871035,84,VACANT LAND +25; 1-5ac +12; owner -15; zoning R1-8 +12,ATTOM taxassessor (Santa Clara County),,
3 Municipal,SAN JOSE CITY,,SAN JOSE,259-02-128,163786,3.760,SANTA CLARA,R1,Commercial,0,0,0,,,1975-11-25,37.347025,-121.912826,84,Commercial +5; 1-5ac +12; owner +5; zoning R1 +12,ATTOM taxassessor (Santa Clara County),,
2 Santa Clara County,SANTA CLARA COUNTY,171 W HEDDING ST,SAN JOSE,230-37-034,149410,3.430,SANTA CLARA,R1-8,Commercial,0,0,0,,,1979-12-04,37.352128,-121.907516,84,Commercial +5; 1-5ac +12; owner +5; zoning R1-8 +12,ATTOM taxassessor (Santa Clara County),,
4 School / Public Ed,UNION S D BERRYESSA,2550 GREENGATE DR,SAN JOSE,589-19-041,132397,3.039,SANTA CLARA,R1-8,Commercial,0,0,0,,,1973-03-30,37.394433,-121.865123,84,Commercial +5; 1-5ac +12; owner +5; zoning R1-8 +12,ATTOM taxassessor (Santa Clara County),,
3 Municipal,SUNNYVALE CITY,,SUNNYVALE,211-24-036,122839,2.820,SANTA CLARA,R1,Commercial,0,0,0,,,,37.356671,-122.024253,84,Commercial +5; 1-5ac +12; owner +5; zoning R1 +12,ATTOM taxassessor (Santa Clara County),,
2 Santa Clara County,SANTA CLARA COUNTY,661 GARLAND AVE,SUNNYVALE,211-02-024,118918,2.730,SANTA CLARA,R4PD,COMMERCIAL,0,0,0,,,,37.364543,-122.023226,84,COMMERCIAL +5; 1-5ac +12; owner +5; zoning R4PD +12,ATTOM taxassessor (Santa Clara County),,
4 School / Public Ed,PALO ALTO UNIFIED SCHOOL DISTR,525 SAN ANTONIO RD,PALO ALTO,147-08-047,117756,2.703,SANTA CLARA,R1B8,Commercial,0,0,0,,2011-11-01,2011-11-01,37.414731,-122.104916,84,Commercial +5; 1-5ac +12; owner +5; zoning R1B8 +12,ATTOM taxassessor (Santa Clara County),,
3 Municipal,CITY OF SANTA CLARA CALIFORNIA,611 EL CAMINO REAL,SANTA CLARA,230-06-053,107593,2.470,SANTA CLARA,R-3,COMMERCIAL,4363847,1803320,6167167,0.413,2019-02-14,2011-06-23,37.3551,-121.941102,84,COMMERCIAL +5; 1-5ac +12; owner +5; zoning R-3 +12,ATTOM taxassessor (Santa Clara County),,
2 Santa Clara County,SANTA CLARA COUNTY,,SAN JOSE,282-03-015,81893,1.880,SANTA CLARA,R1-8,COMMERCIAL,0,0,0,,,1988-08-02,37.310057,-121.937031,84,COMMERCIAL +5; 1-5ac +12; owner +5; zoning R1-8 +12,ATTOM taxassessor (Santa Clara County),,
5 State of California,STATE CALIFORNIA,HERMA ST,SAN JOSE,692-15-091,78720,1.807,SANTA CLARA,R1B6,VACANT LAND,0,0,0,,,,37.243681,-121.820865,84,VACANT LAND +25; 1-5ac +12; owner -15; zoning R1B6 +12,ATTOM taxassessor (Santa Clara County),,
2 Santa Clara County,SANTA CLARA COUNTY TRANSIT DIST,,SAN JOSE,458-11-022,72745,1.670,SANTA CLARA,R1,VACANT LAND,0,0,0,,,1989-06-05,37.256152,-121.863935,84,VACANT LAND +25; 1-5ac +12; owner -15; zoning R1 +12,ATTOM taxassessor (Santa Clara County),,
2 Santa Clara County,SANTA CLARA COUNTY LEASE SANTA CLARA CO PUB,2325 ENBORG LN,SAN JOSE,282-03-013,72278,1.659,SANTA CLARA,R1-8,Commercial,0,0,0,,,,37.311324,-121.937809,84,Commercial +5; 1-5ac +12; owner +5; zoning R1-8 +12,ATTOM taxassessor (Santa Clara County),,
2 Santa Clara County,SANTA CLARA COUNTY TRANSIT DIST,2220 EASTRIDGE LOOP,SAN JOSE,491-04-014,71438,1.640,SANTA CLARA,R1B6,VACANT LAND,0,0,0,,,1988-08-02,37.328295,-121.81109,84,VACANT LAND +25; 1-5ac +12; owner -15; zoning R1B6 +12,ATTOM taxassessor (Santa Clara County),,
4 School / Public Ed,SAN JOSE UNIFIED S D,890 E WILLIAM ST,SAN JOSE,472-33-010,64296,1.476,SANTA CLARA,R1-8,Commercial,0,0,0,,,1974-04-22,37.335166,-121.865828,84,Commercial +5; 1-5ac +12; owner +5; zoning R1-8 +12,ATTOM taxassessor (Santa Clara County),,
5 State of California,STATE CALIFORNIA,,SAN JOSE,456-26-016,64176,1.473,SANTA CLARA,R1,VACANT LAND,0,0,0,,,,37.292866,-121.872334,84,VACANT LAND +25; 1-5ac +12; owner -15; zoning R1 +12,ATTOM taxassessor (Santa Clara County),,
2 Santa Clara County,SANTA CLARA VTA,,SAN JOSE,456-26-026,61977,1.423,SANTA CLARA,R1,VACANT LAND,0,0,0,,,,37.2924,-121.873131,84,VACANT LAND +25; 1-5ac +12; owner -15; zoning R1 +12,ATTOM taxassessor (Santa Clara County),,
3 Municipal,SUNNYVALE CITY,620 E MAUDE AVE,SUNNYVALE,205-29-032,56279,1.292,SANTA CLARA,R4/PD,COMMERCIAL,0,0,0,,,,37.384592,-122.016716,84,COMMERCIAL +5; 1-5ac +12; owner +5; zoning R4/PD +12,ATTOM taxassessor (Santa Clara County),,
5 State of California,STATE CALIFORNIA,,SAN JOSE,456-26-043,55100,1.265,SANTA CLARA,R1AB,VACANT LAND,0,0,0,,,,37.287147,-121.86807,84,VACANT LAND +25; 1-5ac +12; owner -15; zoning R1AB +12,ATTOM taxassessor (Santa Clara County),,
3 Municipal,SUNNYVALE CITY,495 N WOLFE RD,SUNNYVALE,205-29-031,44300,1.017,SANTA CLARA,R4/PD,COMMERCIAL,0,0,0,,,,37.38438,-122.016158,84,COMMERCIAL +5; 1-5ac +12; owner +5; zoning R4/PD +12,ATTOM taxassessor (Santa Clara County),,
1 Federal,UNITED STATES POSTAL SERVICE,,SAN JOSE,484-33-136,29900,0.686,SANTA CLARA,R1A,OTHER / UNKNOWN,0,0,0,,,1997-04-15,37.352563,-121.826259,82,<1ac infill +20; zoning R1A +12,ATTOM taxassessor (Santa Clara County),,
2 Santa Clara County,SANTA CLARA VALLEY TRANS AUTHORITY,,SAN JOSE,467-09-078,43521,0.999,SANTA CLARA,,VACANT LAND,0,0,0,,2023-07-11,,37.34912,-121.864777,80,VACANT LAND +25; <1ac infill +20; owner -15,ATTOM taxassessor (Santa Clara County),,
4 School / Public Ed,BERRYESSA UNION SCHOOL DISTRICT,981 RIDDER PARK DR,SAN JOSE,237-03-027,42253,0.970,SANTA CLARA,IP,Commercial,0,0,0,,2022-03-04,2022-03-04,37.381626,-121.900582,80,Commercial +5; <1ac infill +20; owner +5,ATTOM taxassessor (Santa Clara County),,
2 Santa Clara County,COUNTY OF SANTA CLARA,1030 N 4TH ST,SAN JOSE,235-09-020,41906,0.962,SANTA CLARA,CP,Commercial,0,0,0,,2021-04-14,2021-04-14,37.357212,-121.9015,80,Commercial +5; <1ac infill +20; owner +5,ATTOM taxassessor (Santa Clara County),,
2 Santa Clara County,FIRST 5 SANTA CLARA COUNTY,4000 MOORPARK AVE,SAN JOSE,299-38-100,40075,0.920,SANTA CLARA,CO,Commercial,0,0,0,,2005-08-31,2005-08-31,37.315447,-121.972313,80,Commercial +5; <1ac infill +20; owner +5,ATTOM taxassessor (Santa Clara County),,
3 Municipal,CAMPBELL CITY (CA),41 N 2ND ST,CAMPBELL,279-39-072,39990,0.918,SANTA CLARA,C-3,Commercial,0,0,0,,2003-11-05,,37.287614,-121.946655,80,Commercial +5; <1ac infill +20; owner +5,ATTOM taxassessor (Santa Clara County),,
3 Municipal,CITY OF CAMPBELL,653 E CAMPBELL AVE,CAMPBELL,279-46-052,38800,0.891,SANTA CLARA,P-D,Commercial,209085,260857,469942,1.248,2009-01-13,2009-01-13,37.287676,-121.93809,80,Commercial +5; <1ac infill +20; owner +5,ATTOM taxassessor (Santa Clara County),,
3 Municipal,MT VIEW CITY,1616 N SHORELINE BLVD # A,MOUNTAIN VIEW,116-10-086,38130,0.875,SANTA CLARA,P(3),Commercial,0,0,0,,2012-04-20,2012-04-20,37.416983,-122.078702,80,Commercial +5; <1ac infill +20; owner +5,ATTOM taxassessor (Santa Clara County),,
3 Municipal,CITY OF SANTA CLARA,1450 EL CAMINO REAL,SANTA CLARA,269-03-148,35883,0.824,SANTA CLARA,PD,COMMERCIAL,0,0,0,,2019-02-14,,37.352261,-121.952384,80,COMMERCIAL +5; <1ac infill +20; owner +5,ATTOM taxassessor (Santa Clara County),,
3 Municipal,SAN JOSE CITY,329 S 1ST ST,SAN JOSE,264-29-114,34500,0.792,SANTA CLARA,C3,Commercial,0,0,0,,2019-08-13,2019-08-13,37.330627,-121.887247,80,Commercial +5; <1ac infill +20; owner +5,ATTOM taxassessor (Santa Clara County),,
3 Municipal,CITY OF CAMPBELL,1790 S BASCOM AVE,CAMPBELL,288-11-064,31690,0.728,SANTA CLARA,C2S,Commercial,2061542,3138968,5200510,1.523,2022-09-13,2022-09-13,37.29092,-121.931128,80,Commercial +5; <1ac infill +20; owner +5,ATTOM taxassessor (Santa Clara County),,
3 Municipal,CITY OF SANTA CLARA,,SANTA CLARA,216-59-047,31450,0.722,SANTA CLARA,ML,COMMERCIAL,0,0,0,,2019-03-21,,37.375244,-121.995587,80,COMMERCIAL +5; <1ac infill +20; owner +5,ATTOM taxassessor (Santa Clara County),,
3 Municipal,SAN JOSE CITY,,SAN JOSE,591-14-053,29453,0.676,SANTA CLARA,CP,Commercial,0,0,0,,,,37.399217,-121.847174,80,Commercial +5; <1ac infill +20; owner +5,ATTOM taxassessor (Santa Clara County),,
3 Municipal,SAN JOSE CITY,200 E SANTA CLARA ST,SAN JOSE,467-24-117,29249,0.671,SANTA CLARA,SJ,Commercial,0,0,0,,,,37.337671,-121.885957,80,Commercial +5; <1ac infill +20; owner +5,ATTOM taxassessor (Santa Clara County),,
3 Municipal,SAN JOSE CITY (CA),200 E SANTA CLARA ST,SAN JOSE,467-24-001,28800,0.661,SANTA CLARA,C3,Commercial,0,0,0,,2002-07-03,,37.338206,-121.88532,80,Commercial +5; <1ac infill +20; owner +5,ATTOM taxassessor (Santa Clara County),,
3 Municipal,MT VIEW CITY,151 HOPE ST,MOUNTAIN VIEW,158-20-004,28506,0.654,SANTA CLARA,P(19),Commercial,0,0,0,,,,37.393684,-122.077225,80,Commercial +5; <1ac infill +20; owner +5,ATTOM taxassessor (Santa Clara County),,
3 Municipal,PALO ALTO CITY,,PALO ALTO,127-34-071,28161,0.646,SANTA CLARA,PA,Commercial,0,0,0,,,,37.433917,-122.128636,80,Commercial +5; <1ac infill +20; owner +5,ATTOM taxassessor (Santa Clara County),,
3 Municipal,CITY OF CAMPBELL,1589 S BASCOM AVE,CAMPBELL,282-24-013,26242,0.602,SANTA CLARA,C-2,Commercial,1481130,1147451,2628581,0.775,2011-12-28,2011-12-28,37.294707,-121.932219,80,Commercial +5; <1ac infill +20; owner +5,ATTOM taxassessor (Santa Clara County),,
2 Santa Clara County,SANTA CLARA VALLEY TRANS AUTHORITY,,SAN JOSE,467-09-077,25907,0.595,SANTA CLARA,,VACANT LAND,0,0,0,,2023-07-11,,37.349851,-121.865398,80,VACANT LAND +25; <1ac infill +20; owner -15,ATTOM taxassessor (Santa Clara County),,
3 Municipal,SUNNYVALE CITY,,SUNNYVALE,209-10-062,25264,0.580,SANTA CLARA,DSP,Commercial,0,0,0,,,1977-09-02,37.374429,-122.02915,80,Commercial +5; <1ac infill +20; owner +5,ATTOM taxassessor (Santa Clara County),,
2 Santa Clara County,SANTA CLARA VTA,,SAN JOSE,592-01-026,24223,0.556,SANTA CLARA,,VACANT LAND,0,0,0,,,2003-01-31,37.382588,-121.854803,80,VACANT LAND +25; <1ac infill +20; owner -15,ATTOM taxassessor (Santa Clara County),,
3 Municipal,PALO ALTO CITY,HIGH ST,PALO ALTO,120-68-047,24204,0.556,SANTA CLARA,PA,Commercial,0,0,0,,1997-01-22,1997-01-22,37.444501,-122.164221,80,Commercial +5; <1ac infill +20; owner +5,ATTOM taxassessor (Santa Clara County),,
2 Santa Clara County,SANTA CLARA VTA,,SAN JOSE,458-11-030,24124,0.000,SANTA CLARA,,VACANT LAND,0,0,0,,2011-06-29,,37.258125,-121.859742,80,VACANT LAND +25; <1ac infill +20; owner -15,ATTOM taxassessor (Santa Clara County),,
3 Municipal,SAN JOSE CITY,685 N 6TH ST,SAN JOSE,249-39-011,23958,0.550,SANTA CLARA,PD,COMMERCIAL,0,0,0,,,,37.350844,-121.89473,80,COMMERCIAL +5; <1ac infill +20; owner +5,ATTOM taxassessor (Santa Clara County),,
3 Municipal,REDEV AGENCY CITY SAN JOSE,,SAN JOSE,261-32-074,23522,0.540,SANTA CLARA,C3,Commercial,0,0,0,,1999-09-02,1999-09-02,37.331319,-121.907823,80,Commercial +5; <1ac infill +20; owner +5,ATTOM taxassessor (Santa Clara County),,
3 Municipal,SAN JOSE CITY,211 ASBURY ST,SAN JOSE,259-06-052,23086,0.530,SANTA CLARA,CO,Commercial,0,0,0,,,,37.348491,-121.905179,80,Commercial +5; <1ac infill +20; owner +5,ATTOM taxassessor (Santa Clara County),,
2 Santa Clara County,SANTA CLARA COUNTY HOUSING AUTHORIT,1490 N 1ST ST,SAN JOSE,235-02-035,22000,0.505,SANTA CLARA,C2,Commercial,0,0,0,,2022-12-29,2022-12-29,37.363405,-121.910365,80,Commercial +5; <1ac infill +20; owner +5,ATTOM taxassessor (Santa Clara County),,
2 Santa Clara County,SANTA CLARA COUNTY TRANSIT DIST,,MOUNTAIN VIEW,160-55-032,21979,0.505,SANTA CLARA,,VACANT LAND,0,0,0,,,1995-02-28,37.402975,-122.050465,80,VACANT LAND +25; <1ac infill +20; owner -15,ATTOM taxassessor (Santa Clara County),,
2 Santa Clara County,SANTA CLARA COUNTY TRANSIT DIST,,MOUNTAIN VIEW,160-73-046,21968,0.504,SANTA CLARA,,VACANT LAND,0,0,0,,,1995-02-28,37.389972,-122.06056,80,VACANT LAND +25; <1ac infill +20; owner -15,ATTOM taxassessor (Santa Clara County),,
3 Municipal,SAN JOSE CITY (CA),3090 ALUM ROCK AVE,SAN JOSE,484-21-045,21757,0.499,SANTA CLARA,C1,Commercial,0,0,0,,2003-02-14,1995-11-14,37.364964,-121.827855,80,Commercial +5; <1ac infill +20; owner +5,ATTOM taxassessor (Santa Clara County),,
5 State of California,CALIFORNIA STATE,255 BASSETT ST,SAN JOSE,259-23-026,21356,0.490,SANTA CLARA,SJ,VACANT LAND,0,0,0,,,1974-08-09,37.339678,-121.899167,80,VACANT LAND +25; <1ac infill +20; owner -15,ATTOM taxassessor (Santa Clara County),,
5 State of California,STATE CALIFORNIA,,SAN JOSE,259-17-112,21355,0.490,SANTA CLARA,,VACANT LAND,0,0,0,,2001-08-16,2001-08-16,37.346,-121.903885,80,VACANT LAND +25; <1ac infill +20; owner -15,ATTOM taxassessor (Santa Clara County),,
4 School / Public Ed,LOS ALTOS SCHOOL DISTRICT,,MOUNTAIN VIEW,148-22-011,21344,0.490,SANTA CLARA,P,Commercial,0,0,0,,2019-12-12,,37.402883,-122.108415,80,Commercial +5; <1ac infill +20; owner +5,ATTOM taxassessor (Santa Clara County),,
3 Municipal,CITY OF CUPERTINO,10455 TORRE AVE,CUPERTINO,369-40-009,21000,0.482,SANTA CLARA,P(OP),Commercial,0,0,0,,2021-04-16,2021-04-16,37.316444,-122.029676,80,Commercial +5; <1ac infill +20; owner +5,ATTOM taxassessor (Santa Clara County),,
3 Municipal,CITY OF SAN JOSE,417 STOCKTON AVE,SAN JOSE,261-03-056,20618,0.473,SANTA CLARA,M1,COMMERCIAL,0,0,0,,2006-12-07,2006-12-07,37.336385,-121.90943,80,COMMERCIAL +5; <1ac infill +20; owner +5,ATTOM taxassessor (Santa Clara County),,
3 Municipal,SAN JOSE CITY,3707 WILLIAMS RD,SAN JOSE,299-32-074,20370,0.468,SANTA CLARA,CN,Commercial,0,0,0,,2004-05-18,2004-05-18,37.308843,-121.966304,80,Commercial +5; <1ac infill +20; owner +5,ATTOM taxassessor (Santa Clara County),,
5 State of California,CALIFORNIA STATE,,SAN JOSE,230-38-074,20286,0.466,SANTA CLARA,M1H,VACANT LAND,0,0,0,,,1980-06-20,37.350599,-121.911873,80,VACANT LAND +25; <1ac infill +20; owner -15,ATTOM taxassessor (Santa Clara County),,
2 Santa Clara County,COUNTY OF SANTA CLARA,2194 THE ALAMEDA,SAN JOSE,230-16-061,19800,0.455,SANTA CLARA,PD,Commercial,0,0,0,,2020-12-14,2005-03-15,37.344797,-121.931547,80,Commercial +5; <1ac infill +20; owner +5,ATTOM taxassessor (Santa Clara County),,
3 Municipal,CITY OF SUNNYVALE,475 W MC KINLEY AVE,SUNNYVALE,165-13-052,19732,0.453,SANTA CLARA,CD,Commercial,1887579,0,1887579,0.000,2023-09-15,2023-09-15,37.3756,-122.035563,80,Commercial +5; <1ac infill +20; owner +5,ATTOM taxassessor (Santa Clara County),,
2 Santa Clara County,SANTA CLARA COUNTY HOUSING AUTHORIT,1510 N 1ST ST,SAN JOSE,235-02-029,19727,0.453,SANTA CLARA,CG,Commercial,1696692,6379593,8076285,3.760,2024-02-22,2013-11-01,37.363723,-121.910362,80,Commercial +5; <1ac infill +20; owner +5,ATTOM taxassessor (Santa Clara County),,
2 Santa Clara County,COUNTY OF SANTA CLARA,2180 THE ALAMEDA,SAN JOSE,230-16-060,19600,0.450,SANTA CLARA,PD,Commercial,0,0,0,,2020-12-14,2005-03-15,37.344705,-121.931226,80,Commercial +5; <1ac infill +20; owner +5,ATTOM taxassessor (Santa Clara County),,
5 State of California,CALIFORNIA STATE,,SAN JOSE,419-01-078,19408,0.446,SANTA CLARA,,VACANT LAND,0,0,0,,1997-02-10,,37.251396,-121.910979,80,VACANT LAND +25; <1ac infill +20; owner -15,ATTOM taxassessor (Santa Clara County),,
3 Municipal,SAN JOSE CITY,158 E SAINT JOHN ST,SAN JOSE,467-20-018,19000,0.436,SANTA CLARA,CG,COMMERCIAL,0,0,0,,2011-07-13,2011-07-13,37.339071,-121.888034,80,COMMERCIAL +5; <1ac infill +20; owner +5,ATTOM taxassessor (Santa Clara County),,
3 Municipal,CITY OF SAN JOSE,517 W SAINT JOHN ST,SAN JOSE,259-29-091,18960,0.435,SANTA CLARA,C1,Commercial,396292,237489,633781,0.599,2023-08-11,2023-08-11,37.334153,-121.900956,80,Commercial +5; <1ac infill +20; owner +5,ATTOM taxassessor (Santa Clara County),,
3 Municipal,CITY OF CUPERTINO,10495 S DE ANZA BLVD,CUPERTINO,359-17-023,18565,0.426,SANTA CLARA,CG,Commercial,1296085,2032496,3328581,1.568,2019-10-22,2013-10-01,37.315928,-122.032763,80,Commercial +5; <1ac infill +20; owner +5,ATTOM taxassessor (Santa Clara County),,
2 Santa Clara County,SANTA CLARA COUNTY,2051 THE ALAMEDA,SAN JOSE,230-20-025,18500,0.425,SANTA CLARA,CL,Commercial,0,0,0,,,,37.342627,-121.927643,80,Commercial +5; <1ac infill +20; owner +5,ATTOM taxassessor (Santa Clara County),,
3 Municipal,CITY OF CUPERTINO,11025 N DE ANZA BLVD,CUPERTINO,323-36-018,18030,0.414,SANTA CLARA,P(CG),Commercial,1489480,0,1489480,0.000,2022-12-07,2007-02-23,37.337972,-122.032688,80,Commercial +5; <1ac infill +20; owner +5,ATTOM taxassessor (Santa Clara County),,
2 Santa Clara County,COUNTY OF SANTA CLARA,1390 S WINCHESTER BLVD,SAN JOSE,279-25-014,18016,0.414,SANTA CLARA,C,Commercial,0,0,0,,2021-12-01,2021-12-01,37.298723,-121.949483,80,Commercial +5; <1ac infill +20; owner +5,ATTOM taxassessor (Santa Clara County),,
3 Municipal,SAN JOSE CITY,805 WILLOW ST,SAN JOSE,264-55-079,17990,0.413,SANTA CLARA,CN,Commercial,0,0,0,,2002-08-23,2002-08-23,37.311212,-121.896564,80,Commercial +5; <1ac infill +20; owner +5,ATTOM taxassessor (Santa Clara County),,
3 Municipal,SAN JOSE CITY (CA),180 WOZ WAY,SAN JOSE,264-27-087,17979,0.413,SANTA CLARA,SJ,Commercial,0,0,0,,2003-06-26,,37.325962,-121.891542,80,Commercial +5; <1ac infill +20; owner +5,ATTOM taxassessor (Santa Clara County),,
2 Santa Clara County,SANTA CALRA VALLEY TRANS AUTHORITY,,SAN JOSE,434-13-039,17931,0.412,SANTA CLARA,,VACANT LAND,0,0,0,,2021-04-15,,37.31325,-121.886886,80,VACANT LAND +25; <1ac infill +20; owner -15,ATTOM taxassessor (Santa Clara County),,
3 Municipal,SAN JOSE CITY (CA),200 E SANTA CLARA ST,SAN JOSE,467-23-075,16440,0.377,SANTA CLARA,C3,Commercial,0,0,0,,2002-07-03,,37.337637,-121.886671,80,Commercial +5; <1ac infill +20; owner +5,ATTOM taxassessor (Santa Clara County),,
2 Santa Clara County,SANTA CLARA COUNTY,70 W HEDDING ST,SAN JOSE,259-04-013,16305,0.374,SANTA CLARA,LI,Commercial,0,0,0,,,1988-12-23,37.352025,-121.904663,80,Commercial +5; <1ac infill +20; owner +5,ATTOM taxassessor (Santa Clara County),,
4 School / Public Ed,LOS ALTOS SCHOOL DISTRICT,506 SHOWERS DR,MOUNTAIN VIEW,148-22-013,15681,0.360,SANTA CLARA,P,Commercial,0,0,0,,2015-04-03,2015-04-03,37.403036,-122.106621,80,Commercial +5; <1ac infill +20; owner +5,ATTOM taxassessor (Santa Clara County),,
3 Municipal,SAN JOSE CITY,290 N 2ND ST,SAN JOSE,467-01-121,15482,0.355,SANTA CLARA,CG,COMMERCIAL,0,0,0,,,,37.340859,-121.892191,80,COMMERCIAL +5; <1ac infill +20; owner +5,ATTOM taxassessor (Santa Clara County),,
3 Municipal,CITY OF SAN JOSE,601 E SANTA CLARA ST,SAN JOSE,467-15-010,15000,0.344,SANTA CLARA,CG,Commercial,0,0,0,,2022-06-17,2022-06-17,37.342477,-121.877955,80,Commercial +5; <1ac infill +20; owner +5,ATTOM taxassessor (Santa Clara County),,
3 Municipal,SAN JOSE CITY (CA),3090 ALUM ROCK AVE,SAN JOSE,484-21-042,14625,0.336,SANTA CLARA,C2H,Commercial,0,0,0,,2003-03-25,1996-01-19,37.36546,-121.828058,80,Commercial +5; <1ac infill +20; owner +5,ATTOM taxassessor (Santa Clara County),,
5 State of California,CALIFORNIA STATE,,CAMPBELL,403-18-114,14276,0.328,SANTA CLARA,,VACANT LAND,0,0,0,,,,37.265195,-121.978317,80,VACANT LAND +25; <1ac infill +20; owner -15,ATTOM taxassessor (Santa Clara County),,
3 Municipal,CITY OF SAN JOSE,255 N AUTUMN ST,SAN JOSE,259-29-020,13939,0.320,SANTA CLARA,M2,Commercial,0,0,0,,2021-10-18,2021-10-18,37.335378,-121.902295,80,Commercial +5; <1ac infill +20; owner +5,ATTOM taxassessor (Santa Clara County),,
3 Municipal,CITY OF SUNNYVALE,295 S MATHILDA AVE,SUNNYVALE,165-13-064,13900,0.319,SANTA CLARA,CD,Commercial,632869,2076399,2709268,3.281,2023-09-15,2023-09-15,37.375436,-122.035253,80,Commercial +5; <1ac infill +20; owner +5,ATTOM taxassessor (Santa Clara County),,
3 Municipal,SAN JOSE CITY,200 E SANTA CLARA ST,SAN JOSE,467-23-010,13860,0.318,SANTA CLARA,C3,Commercial,0,0,0,,,,37.33717,-121.88661,80,Commercial +5; <1ac infill +20; owner +5,ATTOM taxassessor (Santa Clara County),,
2 Santa Clara County,SANTA CLARA VTA,76 W SAINT JOHN ST,SAN JOSE,259-34-007,13555,0.311,SANTA CLARA,CG,VACANT LAND,0,0,0,,,,37.337004,-121.892394,80,VACANT LAND +25; <1ac infill +20; owner -15,ATTOM taxassessor (Santa Clara County),,
2 Santa Clara County,SANTA CLARA COUNTY TRANSIT DIST,,SANTA CLARA,104-04-130,13530,0.311,SANTA CLARA,ML,VACANT LAND,0,0,0,,,1978-07-19,37.399146,-121.978266,80,VACANT LAND +25; <1ac infill +20; owner -15,ATTOM taxassessor (Santa Clara County),,
3 Municipal,SAN FRANCISCO CITY & COUNTY OF,,MOUNTAIN VIEW,148-16-038,13520,0.310,SANTA CLARA,P40,Commercial,126822,0,126822,0.000,,,37.403869,-122.112543,80,Commercial +5; <1ac infill +20; owner +5,ATTOM taxassessor (Santa Clara County),,
2 Santa Clara County,COUNTY OF SANTA CLARA,852 N 1ST ST,SAN JOSE,249-02-070,13503,0.310,SANTA CLARA,C3,Commercial,0,0,0,,2016-08-09,,37.352594,-121.902013,80,Commercial +5; <1ac infill +20; owner +5,ATTOM taxassessor (Santa Clara County),,
2 Santa Clara County,SANTA CALRA VALLEY TRANS AUTHORITY,,SAN JOSE,434-04-085,13188,0.303,SANTA CLARA,,VACANT LAND,0,0,0,,2021-04-15,,37.314111,-121.887555,80,VACANT LAND +25; <1ac infill +20; owner -15,ATTOM taxassessor (Santa Clara County),,
3 Municipal,SAN JOSE CITY (CA),3090 ALUM ROCK AVE,SAN JOSE,484-21-044,13027,0.299,SANTA CLARA,C1,Commercial,0,0,0,,2003-02-14,1995-11-14,37.365188,-121.827978,80,Commercial +5; <1ac infill +20; owner +5,ATTOM taxassessor (Santa Clara County),,
3 Municipal,CITY OF SAN JOSE,199 RACE ST,SAN JOSE,261-27-093,12503,0.287,SANTA CLARA,C2,Commercial,0,0,0,,2021-07-01,2021-07-01,37.326489,-121.911862,80,Commercial +5; <1ac infill +20; owner +5,ATTOM taxassessor (Santa Clara County),,
3 Municipal,SANTA CLARA CITY OF SPORTS & OPEN S,,SANTA CLARA,097-05-098,12181,0.280,SANTA CLARA,B,Commercial,0,0,0,,,1989-02-09,37.401441,-121.952758,80,Commercial +5; <1ac infill +20; owner +5,ATTOM taxassessor (Santa Clara County),,
2 Santa Clara County,COUNTY OF SANTA CLARA,852 N 1ST ST,SAN JOSE,249-02-069,11948,0.274,SANTA CLARA,C3,Commercial,0,0,0,,2016-08-09,,37.35267,-121.902342,80,Commercial +5; <1ac infill +20; owner +5,ATTOM taxassessor (Santa Clara County),,
3 Municipal,SAN JOSE CITY,,SAN JOSE,458-13-083,11496,0.000,SANTA CLARA,C,COMMERCIAL,0,0,0,,2011-06-29,2011-06-29,37.253856,-121.859152,80,COMMERCIAL +5; <1ac infill +20; owner +5,ATTOM taxassessor (Santa Clara County),,
2 Santa Clara County,SANTA CLARA VTA,,SAN JOSE,462-14-016,11313,0.260,SANTA CLARA,,VACANT LAND,0,0,0,,2009-09-18,2009-09-18,37.27348,-121.861519,80,VACANT LAND +25; <1ac infill +20; owner -15,ATTOM taxassessor (Santa Clara County),,
3 Municipal,CITY OF MOUNTAIN VIEW,253 FRANKLIN ST,MOUNTAIN VIEW,158-13-031,11250,0.258,SANTA CLARA,P(19),Commercial,0,0,0,,2014-06-24,,37.393847,-122.081311,80,Commercial +5; <1ac infill +20; owner +5,ATTOM taxassessor (Santa Clara County),,
2 Santa Clara County,COUNTY OF SANTA CLARA,3071 DRIFTWOOD DR,SAN JOSE,279-25-012,11146,0.256,SANTA CLARA,C1,Commercial,0,0,0,,2020-08-07,,37.298763,-121.948785,80,Commercial +5; <1ac infill +20; owner +5,ATTOM taxassessor (Santa Clara County),,
3 Municipal,SANTA CLARA CITY,1515 EL CAMINO REAL,SANTA CLARA,224-48-014,10855,0.249,SANTA CLARA,SC,Commercial,0,0,0,,,,37.352762,-121.953496,80,Commercial +5; <1ac infill +20; owner +5,ATTOM taxassessor (Santa Clara County),,
3 Municipal,SAN JOSE CITY,3090 ALUM ROCK AVE,SAN JOSE,484-21-014,10168,0.233,SANTA CLARA,C2H,Commercial,0,0,0,,2002-12-05,2002-12-05,37.365332,-121.82833,80,Commercial +5; <1ac infill +20; owner +5,ATTOM taxassessor (Santa Clara County),,
2 Santa Clara County,SANTA CLARA COUNTY,,SAN JOSE,569-02-060,10102,0.232,SANTA CLARA,C3,Commercial,0,0,0,,1994-10-26,,37.254112,-121.876982,80,Commercial +5; <1ac infill +20; owner +5,ATTOM taxassessor (Santa Clara County),,
3 Municipal,CITY OF SAN JOSE,,SAN JOSE,481-18-057,10019,0.230,SANTA CLARA,C3,COMMERCIAL,0,0,0,,2018-05-16,,37.353127,-121.854245,80,COMMERCIAL +5; <1ac infill +20; owner +5,ATTOM taxassessor (Santa Clara County),,
3 Municipal,CITY OF SAN JOSE,200 E SANTA CLARA ST,SAN JOSE,467-24-020,10000,0.230,SANTA CLARA,C3,Commercial,0,0,0,,2006-04-25,2006-04-25,37.338077,-121.885862,80,Commercial +5; <1ac infill +20; owner +5,ATTOM taxassessor (Santa Clara County),,
3 Municipal,PALO ALTO CITY,,PALO ALTO,124-32-033,9900,0.227,SANTA CLARA,C2GS,Commercial,0,0,0,,,1974-12-10,37.427594,-122.144783,80,Commercial +5; <1ac infill +20; owner +5,ATTOM taxassessor (Santa Clara County),,
2 Santa Clara County,SANTA CLARA COUNTY TRANSIT DIST,310 LOGUE AVE,MOUNTAIN VIEW,160-58-018,9572,0.220,SANTA CLARA,ML,VACANT LAND,0,0,0,,1998-04-07,1998-04-07,37.396176,-122.051614,80,VACANT LAND +25; <1ac infill +20; owner -15,ATTOM taxassessor (Santa Clara County),,
3 Municipal,SAN JOSE CITY,,SAN JOSE,259-42-077,9483,0.218,SANTA CLARA,,Commercial,0,0,0,,,,37.332604,-121.888684,80,Commercial +5; <1ac infill +20; owner +5,ATTOM taxassessor (Santa Clara County),,
3 Municipal,CITY OF SAN JOSE,405 W SAINT JOHN ST,SAN JOSE,259-29-072,9088,0.209,SANTA CLARA,LI,Commercial,0,0,0,,2018-03-12,2018-03-12,37.334656,-121.899974,80,Commercial +5; <1ac infill +20; owner +5,ATTOM taxassessor (Santa Clara County),,
5 State of California,STATE OF CALIFORNIA,,CAMPBELL,403-20-033,9080,0.208,SANTA CLARA,CA,VACANT LAND,0,0,0,,1996-12-23,,37.26673,-121.984439,80,VACANT LAND +25; <1ac infill +20; owner -15,ATTOM taxassessor (Santa Clara County),,
2 Santa Clara County,SANTA CLARA VALLEY TRANS AUTHORITY,,SAN JOSE,467-35-108,8984,0.206,SANTA CLARA,LI,VACANT LAND,0,0,0,,2023-07-11,,37.345465,-121.862936,80,VACANT LAND +25; <1ac infill +20; owner -15,ATTOM taxassessor (Santa Clara County),,
3 Municipal,SAN JOSE CITY (CA),200 E SANTA CLARA ST,SAN JOSE,467-23-013,8800,0.202,SANTA CLARA,C3,Commercial,0,0,0,,2002-07-03,,37.337528,-121.88699,80,Commercial +5; <1ac infill +20; owner +5,ATTOM taxassessor (Santa Clara County),,
3 Municipal,SUNNYVALE CITY,780 W OLIVE AVE,SUNNYVALE,165-02-001,8382,0.192,SANTA CLARA,C2P,Commercial,0,0,0,,,1993-03-17,37.370973,-122.040164,80,Commercial +5; <1ac infill +20; owner +5,ATTOM taxassessor (Santa Clara County),,
5 State of California,CALIFORNIA STATE,,CUPERTINO,359-35-033,8305,0.191,SANTA CLARA,C1,VACANT LAND,0,0,0,,,,37.302095,-122.032639,80,VACANT LAND +25; <1ac infill +20; owner -15,ATTOM taxassessor (Santa Clara County),,
3 Municipal,SANTA CLARA CITY,,SANTA CLARA,230-07-056,8257,0.190,SANTA CLARA,SC,Commercial,0,0,0,,,,37.354424,-121.941636,80,Commercial +5; <1ac infill +20; owner +5,ATTOM taxassessor (Santa Clara County),,
5 State of California,CALIFORNIA STATE,,SAN JOSE,569-60-182,8088,0.186,SANTA CLARA,LI,VACANT LAND,0,0,0,,,1987-10-20,37.250853,-121.905541,80,VACANT LAND +25; <1ac infill +20; owner -15,ATTOM taxassessor (Santa Clara County),,
2 Santa Clara County,SANTA CLARA VTA,,SAN JOSE,462-14-018,7919,0.182,SANTA CLARA,,VACANT LAND,0,0,0,,2003-12-04,2003-12-04,37.272074,-121.860978,80,VACANT LAND +25; <1ac infill +20; owner -15,ATTOM taxassessor (Santa Clara County),,
3 Municipal,CITY OF SANTA CLARA,1021 EL CAMINO REAL,SANTA CLARA,224-28-069,7840,0.180,SANTA CLARA,C,Commercial,0,0,0,,2017-05-11,2017-05-11,37.354596,-121.947595,80,Commercial +5; <1ac infill +20; owner +5,ATTOM taxassessor (Santa Clara County),,
3 Municipal,CITY OF SAN JOSE,100 W ALMA AVE,SAN JOSE,434-23-133,7721,0.177,SANTA CLARA,C1,Commercial,0,0,0,,2020-12-23,,37.314893,-121.875741,80,Commercial +5; <1ac infill +20; owner +5,ATTOM taxassessor (Santa Clara County),,
2 Santa Clara County,SANTA CLARA VALLEY TRANS AUTHORITY,,SAN JOSE,467-35-109,7703,0.177,SANTA CLARA,,VACANT LAND,0,0,0,,2023-07-11,,37.345741,-121.862919,80,VACANT LAND +25; <1ac infill +20; owner -15,ATTOM taxassessor (Santa Clara County),,
3 Municipal,SAN JOSE CITY,395 W SANTA CLARA ST,SAN JOSE,259-37-004,7600,0.174,SANTA CLARA,CPD,Commercial,0,0,0,,2002-01-03,2002-01-03,37.332557,-121.898802,80,Commercial +5; <1ac infill +20; owner +5,ATTOM taxassessor (Santa Clara County),,
3 Municipal,SAN JOSE CITY (CA),200 E SANTA CLARA ST,SAN JOSE,467-23-076,7500,0.172,SANTA CLARA,C3,Commercial,0,0,0,,2002-07-03,,37.337815,-121.886414,80,Commercial +5; <1ac infill +20; owner +5,ATTOM taxassessor (Santa Clara County),,
3 Municipal,SAN JOSE CITY,921 S 1ST ST,SAN JOSE,264-37-084,7405,0.170,SANTA CLARA,M1,Commercial,0,0,0,,,,37.322061,-121.880567,80,Commercial +5; <1ac infill +20; owner +5,ATTOM taxassessor (Santa Clara County),,
2 Santa Clara County,COUNTY OF SANTA CLARA,,SAN JOSE,249-02-017,6900,0.158,SANTA CLARA,C3,Commercial,0,0,0,,2016-08-09,,37.353037,-121.902092,80,Commercial +5; <1ac infill +20; owner +5,ATTOM taxassessor (Santa Clara County),,
2 Santa Clara County,COUNTY OF SANTA CLARA,,SAN JOSE,249-02-019,6900,0.158,SANTA CLARA,C3,Commercial,0,0,0,,2016-08-09,,37.352801,-121.901915,80,Commercial +5; <1ac infill +20; owner +5,ATTOM taxassessor (Santa Clara County),,
2 Santa Clara County,COUNTY OF SANTA CLARA,,SAN JOSE,249-02-018,6900,0.158,SANTA CLARA,C3,Commercial,0,0,0,,2016-08-09,,37.352919,-121.902004,80,Commercial +5; <1ac infill +20; owner +5,ATTOM taxassessor (Santa Clara County),,
3 Municipal,SUNNYVALE CITY,101 W OLIVE AVE,SUNNYVALE,209-26-010,6892,0.158,SANTA CLARA,SU,Commercial,0,0,0,,,,37.371034,-122.032396,80,Commercial +5; <1ac infill +20; owner +5,ATTOM taxassessor (Santa Clara County),,
2 Santa Clara County,SANTA CLARA COUNTY TRANSIT DIST,,MOUNTAIN VIEW,160-52-022,6640,0.152,SANTA CLARA,,VACANT LAND,0,0,0,,,1997-11-14,37.393079,-122.057107,80,VACANT LAND +25; <1ac infill +20; owner -15,ATTOM taxassessor (Santa Clara County),,
3 Municipal,SAN JOSE CITY,921 S 1ST ST,SAN JOSE,264-37-077,6534,0.150,SANTA CLARA,M1,Commercial,0,0,0,,1996-07-31,,37.321774,-121.880163,80,Commercial +5; <1ac infill +20; owner +5,ATTOM taxassessor (Santa Clara County),,
3 Municipal,CITY OF SAN JOSE,961 E SANTA CLARA ST,SAN JOSE,467-12-006,6000,0.138,SANTA CLARA,CG,Commercial,0,0,0,,2006-03-23,2006-03-23,37.345457,-121.871711,80,Commercial +5; <1ac infill +20; owner +5,ATTOM taxassessor (Santa Clara County),,
3 Municipal,SAN JOSE CITY,COPCO LN,SAN JOSE,692-16-037,214050,4.914,SANTA CLARA,R1-8,OTHER / UNKNOWN,0,0,0,,2001-01-12,2001-01-12,37.247505,-121.818556,79,1-5ac +12; owner +5; zoning R1-8 +12,ATTOM taxassessor (Santa Clara County),,
4 School / Public Ed,MCKINLEY S D FRANKLIN,,SAN JOSE,499-23-004,205769,4.724,SANTA CLARA,R1-8,OTHER / UNKNOWN,0,0,0,,,1973-03-07,37.308441,-121.837385,79,1-5ac +12; owner +5; zoning R1-8 +12,ATTOM taxassessor (Santa Clara County),,
3 Municipal,MT VIEW CITY,,MOUNTAIN VIEW,202-39-042,186181,4.274,SANTA CLARA,R1-10,OTHER / UNKNOWN,0,0,0,,,1969-11-19,37.357527,-122.061832,79,1-5ac +12; owner +5; zoning R1-10 +12,ATTOM taxassessor (Santa Clara County),,
3 Municipal,SAN JOSE CITY,,SAN JOSE,689-53-001,183834,4.220,SANTA CLARA,R1-8,OTHER / UNKNOWN,0,0,0,,,,37.240493,-121.817998,79,1-5ac +12; owner +5; zoning R1-8 +12,ATTOM taxassessor (Santa Clara County),,
3 Municipal,SAN JOSE CITY,,SAN JOSE,701-07-017,173941,3.993,SANTA CLARA,R1-5,OTHER / UNKNOWN,0,0,0,,,,37.220817,-121.850915,79,1-5ac +12; owner +5; zoning R1-5 +12,ATTOM taxassessor (Santa Clara County),,
3 Municipal,SAN JOSE CITY,,SAN JOSE,494-15-033,165881,3.808,SANTA CLARA,R1-8,OTHER / UNKNOWN,0,0,0,,,,37.281731,-121.818309,79,1-5ac +12; owner +5; zoning R1-8 +12,ATTOM taxassessor (Santa Clara County),,
3 Municipal,SAN JOSE CITY,,SAN JOSE,612-46-003,151153,3.470,SANTA CLARA,R1-8,OTHER / UNKNOWN,0,0,0,,,,37.391738,-121.813436,79,1-5ac +12; owner +5; zoning R1-8 +12,ATTOM taxassessor (Santa Clara County),,
2 Santa Clara County,SANTA CLARA COUNTY,,SAN JOSE,494-16-012,142160,3.264,SANTA CLARA,R1-8,OTHER / UNKNOWN,0,0,0,,,,37.27898,-121.812692,79,1-5ac +12; owner +5; zoning R1-8 +12,ATTOM taxassessor (Santa Clara County),,
4 School / Public Ed,UNION H S D FREMONT,,CUPERTINO,375-06-001,140727,3.231,SANTA CLARA,R1-10,OTHER / UNKNOWN,0,0,0,,,1987-08-20,37.317135,-122.009026,79,1-5ac +12; owner +5; zoning R1-10 +12,ATTOM taxassessor (Santa Clara County),,
3 Municipal,CITY OF SAN JOSE-PUBLIC WORKS,,SAN JOSE,455-61-003,135907,3.120,SANTA CLARA,R1-8,INDUSTRIAL,0,0,0,,2009-12-07,2009-12-07,37.282143,-121.853288,79,1-5ac +12; owner +5; zoning R1-8 +12,ATTOM taxassessor (Santa Clara County),,
3 Municipal,MT VIEW CITY,,MOUNTAIN VIEW,116-14-077,120680,2.770,SANTA CLARA,RMH,OTHER / UNKNOWN,0,0,0,,,,37.415307,-122.068787,79,1-5ac +12; owner +5; zoning RMH +12,ATTOM taxassessor (Santa Clara County),,
3 Municipal,SAN JOSE CITY,,SAN JOSE,687-35-002,118677,2.724,SANTA CLARA,R1-8,OTHER / UNKNOWN,0,0,0,,,,37.240289,-121.835572,79,1-5ac +12; owner +5; zoning R1-8 +12,ATTOM taxassessor (Santa Clara County),,
3 Municipal,SAN JOSE CITY,,SAN JOSE,462-65-003,117378,2.695,SANTA CLARA,R1,INDUSTRIAL,0,0,0,,1994-06-29,,37.278411,-121.855369,79,1-5ac +12; owner +5; zoning R1 +12,ATTOM taxassessor (Santa Clara County),,
3 Municipal,MT VIEW CITY,,MOUNTAIN VIEW,202-38-043,109371,2.511,SANTA CLARA,R1-10,OTHER / UNKNOWN,0,0,0,,,1969-11-19,37.356705,-122.062025,79,1-5ac +12; owner +5; zoning R1-10 +12,ATTOM taxassessor (Santa Clara County),,
3 Municipal,SAN JOSE CITY,,SAN JOSE,497-48-001,102366,2.350,SANTA CLARA,R1B2,OTHER / UNKNOWN,0,0,0,,,1976-11-26,37.298775,-121.83259,79,1-5ac +12; owner +5; zoning R1B2 +12,ATTOM taxassessor (Santa Clara County),,
4 School / Public Ed,PLEASANT S D MT,BLUE MOUNTAIN DR,SAN JOSE,647-23-003,94399,2.167,SANTA CLARA,R1-8,OTHER / UNKNOWN,0,0,0,,,,37.352585,-121.800148,79,1-5ac +12; owner +5; zoning R1-8 +12,ATTOM taxassessor (Santa Clara County),,
4 School / Public Ed,S D EVERGREEN,,SAN JOSE,673-10-043,92347,2.120,SANTA CLARA,R1-8,OTHER / UNKNOWN,0,0,0,,,,37.319492,-121.799583,79,1-5ac +12; owner +5; zoning R1-8 +12,ATTOM taxassessor (Santa Clara County),,
3 Municipal,SAN JOSE CITY,WILCOX WAY,SAN JOSE,439-52-018,89141,2.046,SANTA CLARA,R1-8,OTHER / UNKNOWN,0,0,0,,,,37.294093,-121.89994,79,1-5ac +12; owner +5; zoning R1-8 +12,ATTOM taxassessor (Santa Clara County),,
4 School / Public Ed,GROVE S D OAK,,SAN JOSE,494-15-004,83893,1.926,SANTA CLARA,R1-8,OTHER / UNKNOWN,0,0,0,,,,37.281184,-121.81834,79,1-5ac +12; owner +5; zoning R1-8 +12,ATTOM taxassessor (Santa Clara County),,
3 Municipal,SAN JOSE CITY,,SAN JOSE,462-36-035,83255,1.911,SANTA CLARA,R1-8P,OTHER / UNKNOWN,0,0,0,,,,37.268951,-121.844729,79,1-5ac +12; owner +5; zoning R1-8P +12,ATTOM taxassessor (Santa Clara County),,
1 Federal,UNITED STATES POSTAL SVC,1769 HILLSDALE AVE,SAN JOSE,447-10-079,82981,1.905,SANTA CLARA,R1B6,Commercial,0,0,0,,1995-10-26,,37.265317,-121.915206,79,Commercial +5; 1-5ac +12; zoning R1B6 +12,ATTOM taxassessor (Santa Clara County),,
3 Municipal,CITY OF SAN JOSE,3257 PAYNE AVE,SAN JOSE,299-03-117,82764,1.900,SANTA CLARA,R2,OTHER / UNKNOWN,0,0,0,,2017-07-18,2017-07-18,37.301975,-121.955629,79,1-5ac +12; owner +5; zoning R2 +12,ATTOM taxassessor (Santa Clara County),,
2 Santa Clara County,SANTA CLARA COUNTY,90 W YOUNGER AVE,SAN JOSE,230-37-039,82328,1.890,SANTA CLARA,R1-8,INDUSTRIAL,0,0,0,,,,37.354236,-121.906062,79,1-5ac +12; owner +5; zoning R1-8 +12,ATTOM taxassessor (Santa Clara County),,
3 Municipal,SAN JOSE CITY,,SAN JOSE,244-09-023,62950,1.445,SANTA CLARA,R1-8,OTHER / UNKNOWN,0,0,0,,,,37.393843,-121.878907,79,1-5ac +12; owner +5; zoning R1-8 +12,ATTOM taxassessor (Santa Clara County),,
3 Municipal,SAN JOSE CITY,1301 LEEWARD DR,SAN JOSE,486-35-059,60984,1.400,SANTA CLARA,R1-8,OTHER / UNKNOWN,0,0,0,,,1976-12-23,37.34568,-121.828342,79,1-5ac +12; owner +5; zoning R1-8 +12,ATTOM taxassessor (Santa Clara County),,
4 School / Public Ed,S D EVERGREEN,,SAN JOSE,673-10-044,54450,1.250,SANTA CLARA,R1-8,OTHER / UNKNOWN,0,0,0,,,,37.318706,-121.798648,79,1-5ac +12; owner +5; zoning R1-8 +12,ATTOM taxassessor (Santa Clara County),,
3 Municipal,SAN JOSE CITY,,SAN JOSE,595-15-072,49752,1.142,SANTA CLARA,R1-8,OTHER / UNKNOWN,0,0,0,,,1983-12-16,37.396868,-121.826782,79,1-5ac +12; owner +5; zoning R1-8 +12,ATTOM taxassessor (Santa Clara County),,
3 Municipal,MT VIEW CITY,CAMILLE CT,MOUNTAIN VIEW,193-04-008,45100,1.035,SANTA CLARA,R3-1*,OTHER / UNKNOWN,0,0,0,,,,37.381861,-122.078014,79,1-5ac +12; owner +5; zoning R3-1* +12,ATTOM taxassessor (Santa Clara County),,
3 Municipal,SAN JOSE CITY,,SAN JOSE,481-29-038,44285,1.017,SANTA CLARA,R1-8,OTHER / UNKNOWN,0,0,0,,,,37.347818,-121.844923,79,1-5ac +12; owner +5; zoning R1-8 +12,ATTOM taxassessor (Santa Clara County),,
3 Municipal,SAN JOSE CITY,,SAN JOSE,595-04-027,43929,1.009,SANTA CLARA,R1-8,OTHER / UNKNOWN,0,0,0,,,,37.400797,-121.838859,79,1-5ac +12; owner +5; zoning R1-8 +12,ATTOM taxassessor (Santa Clara County),,
3 Municipal,SAN JOSE CITY,,SAN JOSE,659-03-029,203252,4.666,SANTA CLARA,A,VACANT LAND,0,0,0,,,1982-09-28,37.314408,-121.763977,77,VACANT LAND +25; 1-5ac +12; owner +5; zoning A -15,ATTOM taxassessor (Santa Clara County),,
3 Municipal,CITY OF SUNNYVALE,,SUNNYVALE,110-26-049,183594,4.215,SANTA CLARA,,Residential,0,0,0,,2024-02-01,,37.415037,-122.019736,77,Residential +10; 1-5ac +12; owner +5,ATTOM taxassessor (Santa Clara County),,
2 Santa Clara County,SANTA CLARA COUNTY,6603 SAN IGNACIO AVE,SAN JOSE,704-11-015,168577,3.870,SANTA CLARA,HS-1A,Residential,0,0,0,,,,37.225561,-121.792327,77,Residential +10; 1-5ac +12; owner +5,ATTOM taxassessor (Santa Clara County),,
3 Municipal,SAN JOSE CITY,,SAN JOSE,660-19-023,154202,3.540,SANTA CLARA,APD,VACANT LAND,0,0,0,,,,37.303332,-121.74452,77,VACANT LAND +25; 1-5ac +12; owner +5; zoning APD -15,ATTOM taxassessor (Santa Clara County),,
3 Municipal,CITY OF SAN JOSE,,SAN JOSE,660-72-019,144037,3.307,SANTA CLARA,OS,VACANT LAND,0,0,0,,2005-04-27,2005-04-27,37.285985,-121.762555,77,VACANT LAND +25; 1-5ac +12; owner +5; zoning OS -15,ATTOM taxassessor (Santa Clara County),,
3 Municipal,SAN JOSE CITY,,SAN JOSE,097-15-025,141134,3.240,SANTA CLARA,A(PD),VACANT LAND,0,0,0,,,1984-06-22,37.401584,-121.918127,77,VACANT LAND +25; 1-5ac +12; owner +5; zoning A(PD) -15,ATTOM taxassessor (Santa Clara County),,
2 Santa Clara County,SANTA CLARA COUNTY,,SAN JOSE,704-11-016,139392,3.200,SANTA CLARA,HS-1A,Residential,0,0,0,,,,37.226522,-121.791345,77,Residential +10; 1-5ac +12; owner +5,ATTOM taxassessor (Santa Clara County),,
3 Municipal,SAN JOSE CITY,,SAN JOSE,659-03-011,137214,3.150,SANTA CLARA,A,VACANT LAND,0,0,0,,,1982-06-11,37.313471,-121.763292,77,VACANT LAND +25; 1-5ac +12; owner +5; zoning A -15,ATTOM taxassessor (Santa Clara County),,
3 Municipal,CITY OF SAN JOSE,,SAN JOSE,708-27-002,135471,3.110,SANTA CLARA,A1250,VACANT LAND,0,0,0,,2019-11-21,2016-03-09,37.210395,-121.734033,77,VACANT LAND +25; 1-5ac +12; owner +5; zoning A1250 -15,ATTOM taxassessor (Santa Clara County),,
3 Municipal,SAN JOSE CITY,,SAN JOSE,494-26-019,134164,3.080,SANTA CLARA,A,VACANT LAND,0,0,0,,,,37.294825,-121.820345,77,VACANT LAND +25; 1-5ac +12; owner +5; zoning A -15,ATTOM taxassessor (Santa Clara County),,
3 Municipal,SAN JOSE CITY,VINCI PARK WAY,SAN JOSE,245-40-034,130244,2.990,SANTA CLARA,APD,VACANT LAND,0,0,0,,,1974-02-28,37.380922,-121.872181,77,VACANT LAND +25; 1-5ac +12; owner +5; zoning APD -15,ATTOM taxassessor (Santa Clara County),,
3 Municipal,SANTA CLARA CITY,,SAN JOSE,015-31-071,109335,2.510,SANTA CLARA,A(PD),VACANT LAND,13330,0,13330,0.000,,,37.426332,-121.932501,77,VACANT LAND +25; 1-5ac +12; owner +5; zoning A(PD) -15,ATTOM taxassessor (Santa Clara County),,
3 Municipal,SAN JOSE CITY (CA),,SAN JOSE,659-06-080,102588,2.355,SANTA CLARA,A,VACANT LAND,0,0,0,,2002-03-12,,37.319732,-121.774606,77,VACANT LAND +25; 1-5ac +12; owner +5; zoning A -15,ATTOM taxassessor (Santa Clara County),,
3 Municipal,CITY OF SAN JOSE PUBLIC WORKS,,SAN JOSE,264-11-109,98010,2.250,SANTA CLARA,APD,VACANT LAND,0,0,0,,2006-12-13,2006-12-13,37.320746,-121.903647,77,VACANT LAND +25; 1-5ac +12; owner +5; zoning APD -15,ATTOM taxassessor (Santa Clara County),,
4 School / Public Ed,EVERGREEN SCHOOL DISTRICT,3888 SAN FELIPE RD,SAN JOSE,660-23-015,98010,2.250,SANTA CLARA,SJ,Residential,0,0,0,,2007-08-27,2007-08-27,37.308034,-121.77902,77,Residential +10; 1-5ac +12; owner +5,ATTOM taxassessor (Santa Clara County),,
3 Municipal,SAN JOSE CITY,CHEMIN DE RIVIERE,SAN JOSE,659-52-024,93218,2.140,SANTA CLARA,A,VACANT LAND,0,0,0,,,,37.323872,-121.768001,77,VACANT LAND +25; 1-5ac +12; owner +5; zoning A -15,ATTOM taxassessor (Santa Clara County),,
2 Santa Clara County,COUNTY OF SANTA CLARA,,SAN JOSE,706-11-004,87120,2.000,SANTA CLARA,A-40A,VACANT LAND,0,0,0,,2009-10-26,2009-10-26,37.226181,-121.752321,77,VACANT LAND +25; 1-5ac +12; owner +5; zoning A-40A -15,ATTOM taxassessor (Santa Clara County),,
3 Municipal,SAN JOSE CITY,,SAN JOSE,497-42-005,83200,1.910,SANTA CLARA,A,VACANT LAND,0,0,0,,,1978-06-07,37.304466,-121.839037,77,VACANT LAND +25; 1-5ac +12; owner +5; zoning A -15,ATTOM taxassessor (Santa Clara County),,
3 Municipal,SAN JOSE CITY,,SAN JOSE,567-73-070,80168,1.840,SANTA CLARA,APB,VACANT LAND,0,0,0,,1996-12-31,1996-12-31,37.237486,-121.893265,77,VACANT LAND +25; 1-5ac +12; owner +5; zoning APB -15,ATTOM taxassessor (Santa Clara County),,
3 Municipal,SAN JOSE CITY,,SAN JOSE,595-20-080,76230,1.750,SANTA CLARA,A,VACANT LAND,0,0,0,,,1983-11-09,37.397512,-121.820884,77,VACANT LAND +25; 1-5ac +12; owner +5; zoning A -15,ATTOM taxassessor (Santa Clara County),,
3 Municipal,SAN JOSE CITY,,SAN JOSE,660-55-001,74572,1.712,SANTA CLARA,A,VACANT LAND,0,0,0,,,1996-05-08,37.269039,-121.738292,77,VACANT LAND +25; 1-5ac +12; owner +5; zoning A -15,ATTOM taxassessor (Santa Clara County),,
2 Santa Clara County,SANTA CLARA COUNTY,,SAN JOSE,704-11-013,74052,1.700,SANTA CLARA,A1-1A,VACANT LAND,0,0,0,,1995-12-20,1995-12-20,37.226949,-121.791466,77,VACANT LAND +25; 1-5ac +12; owner +5; zoning A1-1A -15,ATTOM taxassessor (Santa Clara County),,
3 Municipal,SAN JOSE CITY,,SAN JOSE,660-08-014,64055,1.471,SANTA CLARA,A125,VACANT LAND,0,0,0,,,,37.287914,-121.763631,77,VACANT LAND +25; 1-5ac +12; owner +5; zoning A125 -15,ATTOM taxassessor (Santa Clara County),,
3 Municipal,SAN JOSE CITY,,SAN JOSE,230-29-116,57600,1.322,SANTA CLARA,APD,VACANT LAND,0,0,0,,2003-06-25,2003-06-25,37.362539,-121.915046,77,VACANT LAND +25; 1-5ac +12; owner +5; zoning APD -15,ATTOM taxassessor (Santa Clara County),,
2 Santa Clara County,SANTA CLARA COUNTY,343 CHYNOWETH AVE,SAN JOSE,464-06-022,56628,1.300,SANTA CLARA,AW,VACANT LAND,0,0,0,,,,37.25935,-121.835521,77,VACANT LAND +25; 1-5ac +12; owner +5; zoning AW -15,ATTOM taxassessor (Santa Clara County),,
3 Municipal,SAN JOSE CITY,,SAN JOSE,660-19-025,56628,1.300,SANTA CLARA,APD,VACANT LAND,0,0,0,,,,37.303502,-121.745251,77,VACANT LAND +25; 1-5ac +12; owner +5; zoning APD -15,ATTOM taxassessor (Santa Clara County),,
3 Municipal,SAN JOSE CITY,,SAN JOSE,567-73-069,53745,1.234,SANTA CLARA,APB,VACANT LAND,0,0,0,,1996-12-31,1996-12-31,37.237883,-121.893768,77,VACANT LAND +25; 1-5ac +12; owner +5; zoning APB -15,ATTOM taxassessor (Santa Clara County),,
3 Municipal,SAN JOSE CITY,,SAN JOSE,684-34-047,52272,1.200,SANTA CLARA,A,VACANT LAND,0,0,0,,,1982-06-07,37.266368,-121.804992,77,VACANT LAND +25; 1-5ac +12; owner +5; zoning A -15,ATTOM taxassessor (Santa Clara County),,
4 School / Public Ed,SAN JOSE UNIFIED S D,W CAPITOL EXPY,SAN JOSE,459-05-038,50094,1.150,SANTA CLARA,A-PD,VACANT LAND,0,0,0,,,1972-11-20,37.275933,-121.866477,77,VACANT LAND +25; 1-5ac +12; owner +5; zoning A-PD -15,ATTOM taxassessor (Santa Clara County),,
2 Santa Clara County,SANTA CLARA COUNTY,,SAN JOSE,701-20-037,46609,1.070,SANTA CLARA,A1-1A,VACANT LAND,0,0,0,,,,37.203644,-121.829873,77,VACANT LAND +25; 1-5ac +12; owner +5; zoning A1-1A -15,ATTOM taxassessor (Santa Clara County),,
3 Municipal,SAN JOSE CITY (CA),,SAN JOSE,097-07-008,45738,1.050,SANTA CLARA,A(PD),VACANT LAND,0,0,0,,2000-03-08,,37.414108,-121.937712,77,VACANT LAND +25; 1-5ac +12; owner +5; zoning A(PD) -15,ATTOM taxassessor (Santa Clara County),,
3 Municipal,CITY OF SAN JOSE,4152 ORCHARD WAY,SAN JOSE,097-52-042,44649,1.025,SANTA CLARA,A(PD),VACANT LAND,0,0,0,,2017-10-23,,37.412981,-121.95691,77,VACANT LAND +25; 1-5ac +12; owner +5; zoning A(PD) -15,ATTOM taxassessor (Santa Clara County),,
2 Santa Clara County,SANTA CLARA COUNTY (CA),,CUPERTINO,342-57-048,43603,1.001,SANTA CLARA,A140,VACANT LAND,0,0,0,,2003-09-26,2003-09-26,37.333358,-122.087435,77,VACANT LAND +25; 1-5ac +12; owner +5; zoning A140 -15,ATTOM taxassessor (Santa Clara County),,
3 Municipal,CITY OF SAN JOSE,,SAN JOSE,237-35-029,43588,1.001,SANTA CLARA,A(PD),VACANT LAND,0,0,0,,2015-12-31,2015-12-31,37.378575,-121.896277,77,VACANT LAND +25; 1-5ac +12; owner +5; zoning A(PD) -15,ATTOM taxassessor (Santa Clara County),,
5 State of California,STATE CALIFORNIA,,SAN JOSE,569-25-054,27498,0.631,SANTA CLARA,R110,Residential,0,0,0,,,1992-03-02,37.250735,-121.905128,77,Residential +10; <1ac infill +20; owner -15; zoning R110 +12,ATTOM taxassessor (Santa Clara County),,
2 Santa Clara County,SANTA CLARA VTA,2390 CANOAS GARDEN AVE,SAN JOSE,456-26-031,18799,0.432,SANTA CLARA,R1-8,Residential,0,0,0,,,,37.290859,-121.872159,77,Residential +10; <1ac infill +20; owner -15; zoning R1-8 +12,ATTOM taxassessor (Santa Clara County),,
5 State of California,CALIFORNIA STATE,4797 CAMDEN AVE,SAN JOSE,419-18-107,15969,0.367,SANTA CLARA,R1-8,Residential,0,0,0,,1996-08-16,1996-08-16,37.251072,-121.912224,77,Residential +10; <1ac infill +20; owner -15; zoning R1-8 +12,ATTOM taxassessor (Santa Clara County),,
5 State of California,CALIFORNIA STATE,,SAN JOSE,421-08-096,8708,0.200,SANTA CLARA,R1-8,Residential,0,0,0,,,1972-12-05,37.250469,-121.931715,77,Residential +10; <1ac infill +20; owner -15; zoning R1-8 +12,ATTOM taxassessor (Santa Clara County),,
2 Santa Clara County,SANTA CLARA COUNTY TRANSIT DIST,,SAN JOSE,456-26-030,8062,0.185,SANTA CLARA,R1-8,Residential,0,0,0,,2009-04-16,2009-04-16,37.291241,-121.872293,77,Residential +10; <1ac infill +20; owner -15; zoning R1-8 +12,ATTOM taxassessor (Santa Clara County),,
4 School / Public Ed,MORGAN HILL UNIFIED SCH DIST,,SAN JOSE,725-01-025,841196,19.311,SANTA CLARA,PUD,VACANT LAND,0,0,0,,,2000-11-21,37.161648,-121.670159,75,VACANT LAND +25; 5-20ac -5; owner +5,ATTOM taxassessor (Santa Clara County),,
3 Municipal,CITY OF SANTA CLARA,5001 GREAT AMERICA PKWY,SANTA CLARA,104-55-016,815558,18.723,SANTA CLARA,SC,VACANT LAND,0,0,0,,2021-02-18,,37.405339,-121.975991,75,VACANT LAND +25; 5-20ac -5; owner +5,ATTOM taxassessor (Santa Clara County),,
4 School / Public Ed,SAN JOSE EVERGREEN CMNTY COLLEGE DI,4750 SAN FELIPE RD,SAN JOSE,660-21-022,770576,17.690,SANTA CLARA,04,VACANT LAND,0,0,0,,2023-09-08,,37.300995,-121.76946,75,VACANT LAND +25; 5-20ac -5; owner +5,ATTOM taxassessor (Santa Clara County),,
4 School / Public Ed,S D EVERGREEN,,SAN JOSE,676-05-014,704365,16.170,SANTA CLARA,SJ,VACANT LAND,0,0,0,,,1973-12-24,37.306598,-121.8012,75,VACANT LAND +25; 5-20ac -5; owner +5,ATTOM taxassessor (Santa Clara County),,
3 Municipal,SAN JOSE CITY,2250 AIRPORT BLVD,SAN JOSE,230-01-058,701751,16.110,SANTA CLARA,41,VACANT LAND,0,0,0,,,,37.372802,-121.9296,75,VACANT LAND +25; 5-20ac -5; owner +5,ATTOM taxassessor (Santa Clara County),,
2 Santa Clara County,SANTA CLARA COUNTY,,SAN JOSE,254-19-032,658627,15.120,SANTA CLARA,SJ,VACANT LAND,0,0,0,,,1977-08-31,37.374209,-121.860659,75,VACANT LAND +25; 5-20ac -5; owner +5,ATTOM taxassessor (Santa Clara County),,
2 Santa Clara County,SANTA CLARA COUNTY,441 TULLY RD,SAN JOSE,477-21-089,612114,14.052,SANTA CLARA,SJ,VACANT LAND,0,0,0,,,,37.305227,-121.853729,75,VACANT LAND +25; 5-20ac -5; owner +5,ATTOM taxassessor (Santa Clara County),,
3 Municipal,CITY OF SAN JOSE,,SAN JOSE,456-28-006,610753,0.000,SANTA CLARA,,VACANT LAND,0,0,0,,2008-04-18,2008-04-18,37.294053,-121.862496,75,VACANT LAND +25; 5-20ac -5; owner +5,ATTOM taxassessor (Santa Clara County),,
3 Municipal,SAN JOSE CITY,,SAN JOSE,694-01-038,578912,13.290,SANTA CLARA,SJ,VACANT LAND,0,0,0,,,1977-01-24,37.240737,-121.873455,75,VACANT LAND +25; 5-20ac -5; owner +5,ATTOM taxassessor (Santa Clara County),,
3 Municipal,SAN JOSE CITY,1896 SENTER RD,SAN JOSE,477-20-161,565844,12.990,SANTA CLARA,ML8,VACANT LAND,0,0,0,,2004-08-27,2004-08-27,37.317055,-121.852897,75,VACANT LAND +25; 5-20ac -5; owner +5,ATTOM taxassessor (Santa Clara County),,
3 Municipal,SUNNYVALE CITY,,SUNNYVALE,323-26-013,471707,10.829,SANTA CLARA,SU,VACANT LAND,0,0,0,,,1975-08-08,37.343204,-122.042343,75,VACANT LAND +25; 5-20ac -5; owner +5,ATTOM taxassessor (Santa Clara County),,
3 Municipal,SAN JOSE CITY,,SAN JOSE,706-07-008,463478,10.640,SANTA CLARA,M1PD,VACANT LAND,0,0,0,,,,37.250984,-121.800179,75,VACANT LAND +25; 5-20ac -5; owner +5,ATTOM taxassessor (Santa Clara County),,
3 Municipal,CITY OF SAN JOSE,6087 GREAT OAKS PKWY # PY,SAN JOSE,706-08-026,448343,10.293,SANTA CLARA,IP,VACANT LAND,0,0,0,,2005-12-02,2005-12-02,37.245498,-121.788795,75,VACANT LAND +25; 5-20ac -5; owner +5,ATTOM taxassessor (Santa Clara County),,
3 Municipal,SAN JOSE CITY,,SAN JOSE,684-06-019,438129,10.058,SANTA CLARA,SJ,VACANT LAND,0,0,0,,,1975-07-11,37.272846,-121.824134,75,VACANT LAND +25; 5-20ac -5; owner +5,ATTOM taxassessor (Santa Clara County),,
4 School / Public Ed,GROVE S D OAK,,SAN JOSE,685-09-001,399445,9.170,SANTA CLARA,SJ,VACANT LAND,0,0,0,,,1976-09-02,37.262668,-121.827219,75,VACANT LAND +25; 5-20ac -5; owner +5,ATTOM taxassessor (Santa Clara County),,
3 Municipal,SUNNYVALE CITY,SANTA ANA CT,SUNNYVALE,205-34-012,384347,8.823,SANTA CLARA,MI,VACANT LAND,0,0,0,,,1973-12-17,37.378614,-122.009057,75,VACANT LAND +25; 5-20ac -5; owner +5,ATTOM taxassessor (Santa Clara County),,
2 Santa Clara County,SANTA CLARA COUNTY,1993 MCKEE RD,SAN JOSE,254-08-056,366721,8.419,SANTA CLARA,SJ,VACANT LAND,0,0,0,,,1988-08-12,37.365852,-121.853065,75,VACANT LAND +25; 5-20ac -5; owner +5,ATTOM taxassessor (Santa Clara County),,
3 Municipal,SAN JOSE CITY,,SAN JOSE,378-09-003,356655,8.188,SANTA CLARA,,VACANT LAND,0,0,0,,,1993-07-30,37.302661,-121.998204,75,VACANT LAND +25; 5-20ac -5; owner +5,ATTOM taxassessor (Santa Clara County),,
4 School / Public Ed,SAN JOSE UNIFIED S D,760 HILLSDALE AVE,SAN JOSE,459-05-036,348480,8.000,SANTA CLARA,SJ,VACANT LAND,0,0,0,,,1972-11-20,37.277639,-121.866718,75,VACANT LAND +25; 5-20ac -5; owner +5,ATTOM taxassessor (Santa Clara County),,
2 Santa Clara County,COUNTY OF SANTA CLARA,,SAN JOSE,679-01-018,344995,7.920,SANTA CLARA,IPC,VACANT LAND,0,0,0,,2018-11-09,2012-12-26,37.265126,-121.791201,75,VACANT LAND +25; 5-20ac -5; owner +5,ATTOM taxassessor (Santa Clara County),,
3 Municipal,PALO ALTO CITY,,PALO ALTO,147-08-052,342902,7.872,SANTA CLARA,,VACANT LAND,0,0,0,,,,37.417687,-122.109097,75,VACANT LAND +25; 5-20ac -5; owner +5,ATTOM taxassessor (Santa Clara County),,
4 School / Public Ed,SANTA CLARA UNIFIED SCH DIST,,SANTA CLARA,097-08-093,338106,7.762,SANTA CLARA,PD,VACANT LAND,0,0,0,,2005-12-19,,37.39823,-121.946893,75,VACANT LAND +25; 5-20ac -5; owner +5,ATTOM taxassessor (Santa Clara County),,
3 Municipal,SAN JOSE CITY (CA),180 WOZ WAY,SAN JOSE,264-27-088,326218,7.489,SANTA CLARA,SJ,VACANT LAND,0,0,0,,2003-06-26,,37.327476,-121.892239,75,VACANT LAND +25; 5-20ac -5; owner +5,ATTOM taxassessor (Santa Clara County),,
3 Municipal,MT VIEW CITY,,MOUNTAIN VIEW,116-21-054,309292,7.100,SANTA CLARA,P(34),VACANT LAND,0,0,0,,,,37.421383,-122.079532,75,VACANT LAND +25; 5-20ac -5; owner +5,ATTOM taxassessor (Santa Clara County),,
3 Municipal,SAN JOSE CITY,,SAN JOSE,259-03-136,257004,5.900,SANTA CLARA,SJ,VACANT LAND,0,0,0,,,1978-09-26,37.347219,-121.910229,75,VACANT LAND +25; 5-20ac -5; owner +5,ATTOM taxassessor (Santa Clara County),,
3 Municipal,SAN JOSE CITY,,SAN JOSE,472-01-024,253955,5.830,SANTA CLARA,M1,VACANT LAND,0,0,0,,,1974-09-20,37.334842,-121.863607,75,VACANT LAND +25; 5-20ac -5; owner +5,ATTOM taxassessor (Santa Clara County),,
3 Municipal,SAN JOSE CITY,,SAN JOSE,472-11-081,249639,0.000,SANTA CLARA,,VACANT LAND,0,0,0,,,,37.328547,-121.865847,75,VACANT LAND +25; 5-20ac -5; owner +5,ATTOM taxassessor (Santa Clara County),,
3 Municipal,SAN JOSE CITY,,SAN JOSE,660-63-003,244510,5.613,SANTA CLARA,,VACANT LAND,0,0,0,,,,37.304367,-121.762838,75,VACANT LAND +25; 5-20ac -5; owner +5,ATTOM taxassessor (Santa Clara County),,
3 Municipal,SAN JOSE CITY,5600 COTTLE RD,SAN JOSE,706-07-018,234788,5.390,SANTA CLARA,I,VACANT LAND,0,0,0,,,,37.245321,-121.797214,75,VACANT LAND +25; 5-20ac -5; owner +5,ATTOM taxassessor (Santa Clara County),,
3 Municipal,SAN JOSE CITY,300 EMORY ST,SAN JOSE,259-07-113,225000,5.165,SANTA CLARA,LI,VACANT LAND,0,0,0,,,1978-03-23,37.346048,-121.90923,75,VACANT LAND +25; 5-20ac -5; owner +5,ATTOM taxassessor (Santa Clara County),,
3 Municipal,CITY OF SAN JOSE,2090 EVANS LN,SAN JOSE,456-09-016,218115,5.007,SANTA CLARA,ML,VACANT LAND,0,0,0,,2014-05-14,,37.296297,-121.875594,75,VACANT LAND +25; 5-20ac -5; owner +5,ATTOM taxassessor (Santa Clara County),,
3 Municipal,SANTA CLARA CITY,,SANTA CLARA,269-16-080,43379,0.996,SANTA CLARA,SC,OTHER / UNKNOWN,0,0,0,,,,37.352292,-121.942307,75,<1ac infill +20; owner +5,ATTOM taxassessor (Santa Clara County),,
3 Municipal,MT VIEW CITY,,MOUNTAIN VIEW,148-36-009,43123,0.990,SANTA CLARA,PF,OTHER / UNKNOWN,0,0,0,,,1986-08-21,37.400609,-122.104118,75,<1ac infill +20; owner +5,ATTOM taxassessor (Santa Clara County),,
3 Municipal,SAN JOSE CITY,,SAN JOSE,458-05-102,42689,0.980,SANTA CLARA,SJ,OTHER / UNKNOWN,0,0,0,,,1975-05-21,37.262586,-121.86553,75,<1ac infill +20; owner +5,ATTOM taxassessor (Santa Clara County),,
2 Santa Clara County,SANTA CLARA COUNTY,,SAN JOSE,491-15-031,41864,0.961,SANTA CLARA,IP,OTHER / UNKNOWN,0,0,0,,,1966-02-27,37.338614,-121.820628,75,<1ac infill +20; owner +5,ATTOM taxassessor (Santa Clara County),,
3 Municipal,SANTA CLARA CITY,,SANTA CLARA,104-41-037,41855,0.961,SANTA CLARA,SC,OTHER / UNKNOWN,0,0,0,,,1976-05-18,37.390991,-121.968859,75,<1ac infill +20; owner +5,ATTOM taxassessor (Santa Clara County),,
4 School / Public Ed,GROVE S D OAK,,SAN JOSE,462-34-038,41730,0.958,SANTA CLARA,SJ,OTHER / UNKNOWN,0,0,0,,,,37.270184,-121.84368,75,<1ac infill +20; owner +5,ATTOM taxassessor (Santa Clara County),,
3 Municipal,PALO ALTO CITY,,PALO ALTO,351-05-021,41714,0.958,SANTA CLARA,PA,OTHER / UNKNOWN,0,0,0,,,,37.339782,-122.177779,75,<1ac infill +20; owner +5,ATTOM taxassessor (Santa Clara County),,
2 Santa Clara County,SANTA CLARA COUNTY,,SAN JOSE,725-10-009,40946,0.940,SANTA CLARA,SJ,OTHER / UNKNOWN,0,0,0,,,1981-09-15,37.191154,-121.708308,75,<1ac infill +20; owner +5,ATTOM taxassessor (Santa Clara County),,
3 Municipal,PALO ALTO CITY,,PALO ALTO,124-33-059,40714,0.935,SANTA CLARA,PA,OTHER / UNKNOWN,0,0,0,,,,37.426588,-122.143548,75,<1ac infill +20; owner +5,ATTOM taxassessor (Santa Clara County),,
4 School / Public Ed,SIDE UNION H S D EAST,,SAN JOSE,491-17-001,40569,0.931,SANTA CLARA,SJ,OTHER / UNKNOWN,0,0,0,,,,37.334072,-121.828481,75,<1ac infill +20; owner +5,ATTOM taxassessor (Santa Clara County),,
3 Municipal,SAN JOSE CITY,,SAN JOSE,097-33-110,40228,0.924,SANTA CLARA,IP,INDUSTRIAL,0,0,0,,,,37.404677,-121.92884,75,<1ac infill +20; owner +5,ATTOM taxassessor (Santa Clara County),,
3 Municipal,SAN JOSE CITY,,SAN JOSE,282-44-030,39892,0.916,SANTA CLARA,SJ,OTHER / UNKNOWN,0,0,0,,,,37.314511,-121.923064,75,<1ac infill +20; owner +5,ATTOM taxassessor (Santa Clara County),,
3 Municipal,CITY OF SAN JOSE,806 W HOME ST,SAN JOSE,264-11-112,39775,0.913,SANTA CLARA,HI,INDUSTRIAL,0,0,0,,2011-10-26,2011-10-26,37.319835,-121.903718,75,<1ac infill +20; owner +5,ATTOM taxassessor (Santa Clara County),,
4 School / Public Ed,PALO ALTO UNIFIED SCHOOL DIST,,PALO ALTO,167-05-031,39693,0.911,SANTA CLARA,PA,OTHER / UNKNOWN,0,0,0,,2002-12-10,,37.40356,-122.127241,75,<1ac infill +20; owner +5,ATTOM taxassessor (Santa Clara County),,
3 Municipal,SANTA CLARA CITY,,SANTA CLARA,104-01-104,39361,0.904,SANTA CLARA,M1,INDUSTRIAL,0,0,0,,,,37.416403,-121.974352,75,<1ac infill +20; owner +5,ATTOM taxassessor (Santa Clara County),,
3 Municipal,SAN JOSE CITY,,SAN JOSE,692-15-095,39264,0.901,SANTA CLARA,LI,OTHER / UNKNOWN,0,0,0,,,,37.245345,-121.817702,75,<1ac infill +20; owner +5,ATTOM taxassessor (Santa Clara County),,
2 Santa Clara County,SANTA CLARA COUNTY,,PALO ALTO,127-31-031,39163,0.899,SANTA CLARA,PA,OTHER / UNKNOWN,0,0,0,,,,37.436788,-122.131634,75,<1ac infill +20; owner +5,ATTOM taxassessor (Santa Clara County),,
3 Municipal,CITY OF MOUNTAIN VIEW,2254 WYANDOTTE ST,MOUNTAIN VIEW,147-06-054,38456,0.883,SANTA CLARA,MM-40,INDUSTRIAL,0,0,0,,2015-02-10,2015-02-10,37.417003,-122.095415,75,<1ac infill +20; owner +5,ATTOM taxassessor (Santa Clara County),,
3 Municipal,SAN JOSE CITY,,SAN JOSE,458-11-018,37887,0.870,SANTA CLARA,,OTHER / UNKNOWN,0,0,0,,,,37.258487,-121.86356,75,<1ac infill +20; owner +5,ATTOM taxassessor (Santa Clara County),,
4 School / Public Ed,S D SUNNYVALE,,SUNNYVALE,110-20-012,37622,0.864,SANTA CLARA,SU,OTHER / UNKNOWN,0,0,0,,,,37.396414,-122.00153,75,<1ac infill +20; owner +5,ATTOM taxassessor (Santa Clara County),,
3 Municipal,SAN JOSE CITY,,SAN JOSE,429-17-036,37408,0.859,SANTA CLARA,SJ,OTHER / UNKNOWN,0,0,0,,,,37.303749,-121.898563,75,<1ac infill +20; owner +5,ATTOM taxassessor (Santa Clara County),,
3 Municipal,CITY OF MOUNTAIN VIEW,909 SAN RAFAEL AVE,MOUNTAIN VIEW,153-18-012,37400,0.859,SANTA CLARA,MM,INDUSTRIAL,0,0,0,,2022-12-22,2022-12-22,37.406847,-122.072235,75,<1ac infill +20; owner +5,ATTOM taxassessor (Santa Clara County),,
3 Municipal,MT VIEW CITY,,MOUNTAIN VIEW,158-10-044,36519,0.838,SANTA CLARA,,OTHER / UNKNOWN,0,0,0,,,1972-12-11,37.390755,-122.085872,75,<1ac infill +20; owner +5,ATTOM taxassessor (Santa Clara County),,
3 Municipal,SAN JOSE CITY,,SAN JOSE,673-19-103,35719,0.820,SANTA CLARA,,OTHER / UNKNOWN,0,0,0,,,1974-11-15,37.316036,-121.803793,75,<1ac infill +20; owner +5,ATTOM taxassessor (Santa Clara County),,
2 Santa Clara County,SANTA CLARA COUNTY,,CAMPBELL,412-09-047,35710,0.820,SANTA CLARA,PF/OS,OTHER / UNKNOWN,0,0,0,,,,37.28668,-121.939153,75,<1ac infill +20; owner +5,ATTOM taxassessor (Santa Clara County),,
3 Municipal,PALO ALTO CITY,,PALO ALTO,003-45-087,35608,0.817,SANTA CLARA,PA,OTHER / UNKNOWN,0,0,0,,,,37.444849,-122.140208,75,<1ac infill +20; owner +5,ATTOM taxassessor (Santa Clara County),,
3 Municipal,SAN JOSE CITY PUBLIC WORKS,804 W SAN FERNANDO ST,SAN JOSE,261-36-076,35410,0.813,SANTA CLARA,M1H,INDUSTRIAL,0,0,0,,2001-12-20,2001-12-20,37.328658,-121.905427,75,<1ac infill +20; owner +5,ATTOM taxassessor (Santa Clara County),,
3 Municipal,MT VIEW CITY,650 S SHORELINE BLVD,MOUNTAIN VIEW,154-30-066,34839,0.800,SANTA CLARA,MV,OTHER / UNKNOWN,0,0,0,,,,37.390106,-122.087277,75,<1ac infill +20; owner +5,ATTOM taxassessor (Santa Clara County),,
3 Municipal,MOUNTAIN VIEW CITY (CA),123 E EVELYN AVE,MOUNTAIN VIEW,160-64-018,34540,0.793,SANTA CLARA,MM,INDUSTRIAL,1161576,6037923,7199499,5.198,2002-04-16,1989-10-05,37.389129,-122.065233,75,<1ac infill +20; owner +5,ATTOM taxassessor (Santa Clara County),,
3 Municipal,MT VIEW CITY,947 VILLA ST,MOUNTAIN VIEW,158-13-021,34528,0.793,SANTA CLARA,MV,OTHER / UNKNOWN,0,0,0,,,,37.394219,-122.081077,75,<1ac infill +20; owner +5,ATTOM taxassessor (Santa Clara County),,
3 Municipal,SUNNYVALE CITY,108 S MARY AVE,SUNNYVALE,165-20-015,34476,0.791,SANTA CLARA,M1,INDUSTRIAL,0,0,0,,,1978-10-16,37.38211,-122.04463,75,<1ac infill +20; owner +5,ATTOM taxassessor (Santa Clara County),,
2 Santa Clara County,SANTA CLARA COUNTY,,SAN JOSE,456-26-001,34286,0.787,SANTA CLARA,SJ,OTHER / UNKNOWN,0,0,0,,,,37.294117,-121.872796,75,<1ac infill +20; owner +5,ATTOM taxassessor (Santa Clara County),,
3 Municipal,SAN JOSE CITY,5880 SILVER CREEK VALLEY RD,SAN JOSE,678-15-013,33976,0.780,SANTA CLARA,PUB,OTHER / UNKNOWN,0,0,0,,,1984-12-27,37.265334,-121.782227,75,<1ac infill +20; owner +5,ATTOM taxassessor (Santa Clara County),,
3 Municipal,MT VIEW CITY,ANDSBURY AVE,MOUNTAIN VIEW,158-42-021,33418,0.767,SANTA CLARA,PF,OTHER / UNKNOWN,0,0,0,,,1973-08-08,37.394819,-122.073404,75,<1ac infill +20; owner +5,ATTOM taxassessor (Santa Clara County),,
3 Municipal,SAN JOSE CITY,1617 AIRPORT BLVD,SAN JOSE,230-46-024,33332,0.765,SANTA CLARA,SJ,OTHER / UNKNOWN,0,0,0,,,,37.362927,-121.920009,75,<1ac infill +20; owner +5,ATTOM taxassessor (Santa Clara County),,
3 Municipal,SUNNYVALE CITY,,SUNNYVALE,213-46-015,33154,0.761,SANTA CLARA,SU,OTHER / UNKNOWN,0,0,0,,,,37.352465,-122.0133,75,<1ac infill +20; owner +5,ATTOM taxassessor (Santa Clara County),,
2 Santa Clara County,SANTA CLARA COUNTY,,SAN JOSE,491-12-067,33106,0.760,SANTA CLARA,SJ,OTHER / UNKNOWN,0,0,0,,,,37.332236,-121.822185,75,<1ac infill +20; owner +5,ATTOM taxassessor (Santa Clara County),,
3 Municipal,SAN JOSE CITY,,SAN JOSE,264-44-082,33042,0.759,SANTA CLARA,SJ,OTHER / UNKNOWN,0,0,0,,,1977-05-20,37.316844,-121.902222,75,<1ac infill +20; owner +5,ATTOM taxassessor (Santa Clara County),,
3 Municipal,MT VIEW CITY,,SUNNYVALE,198-42-037,33019,0.758,SANTA CLARA,SU,OTHER / UNKNOWN,0,0,0,,,1969-11-19,37.365045,-122.06238,75,<1ac infill +20; owner +5,ATTOM taxassessor (Santa Clara County),,
3 Municipal,PALO ALTO CITY,,PALO ALTO,124-33-007,32644,0.749,SANTA CLARA,PA,OTHER / UNKNOWN,0,0,0,,,,37.425388,-122.144532,75,<1ac infill +20; owner +5,ATTOM taxassessor (Santa Clara County),,
3 Municipal,PALO ALTO CITY,,PALO ALTO,120-27-053,32503,0.746,SANTA CLARA,PA,OTHER / UNKNOWN,0,0,0,,,,37.443849,-122.159145,75,<1ac infill +20; owner +5,ATTOM taxassessor (Santa Clara County),,
3 Municipal,PALO ALTO CITY,,PALO ALTO,132-26-052,32383,0.743,SANTA CLARA,PF,OTHER / UNKNOWN,0,0,0,,,,37.424053,-122.13431,75,<1ac infill +20; owner +5,ATTOM taxassessor (Santa Clara County),,
3 Municipal,CITY OF CUPERTINO,,SAN JOSE,375-22-001,31850,0.731,SANTA CLARA,SJ,OTHER / UNKNOWN,0,0,0,,2020-09-24,,37.31263,-121.996182,75,<1ac infill +20; owner +5,ATTOM taxassessor (Santa Clara County),,
3 Municipal,PALO ALTO CITY,,PALO ALTO,120-15-098,31799,0.730,SANTA CLARA,PA,OTHER / UNKNOWN,0,0,0,,,1973-01-26,37.447215,-122.161677,75,<1ac infill +20; owner +5,ATTOM taxassessor (Santa Clara County),,
2 Santa Clara County,SANTA CLARA COUNTY,,SAN JOSE,678-07-006,31798,0.730,SANTA CLARA,IP,OTHER / UNKNOWN,0,0,0,,,,37.251494,-121.780958,75,<1ac infill +20; owner +5,ATTOM taxassessor (Santa Clara County),,
3 Municipal,CITY OF SUNNYVALE,725 KIFER RD,SUNNYVALE,205-44-005,31798,0.730,SANTA CLARA,MS,INDUSTRIAL,0,0,0,,2019-11-26,2003-04-17,37.375977,-122.015298,75,<1ac infill +20; owner +5,ATTOM taxassessor (Santa Clara County),,
2 Santa Clara County,SANTA CLARA COUNTY,,SAN JOSE,491-15-022,31707,0.728,SANTA CLARA,IP,OTHER / UNKNOWN,0,0,0,,,1965-12-03,37.337965,-121.82,75,<1ac infill +20; owner +5,ATTOM taxassessor (Santa Clara County),,
3 Municipal,SAN JOSE CITY,,SAN JOSE,497-38-011,31633,0.726,SANTA CLARA,SJ,OTHER / UNKNOWN,0,0,0,,,1979-09-21,37.306479,-121.848907,75,<1ac infill +20; owner +5,ATTOM taxassessor (Santa Clara County),,
2 Santa Clara County,SANTA CLARA COUNTY,,SAN JOSE,678-07-015,31363,0.720,SANTA CLARA,SJ,OTHER / UNKNOWN,0,0,0,,,,37.255197,-121.789202,75,<1ac infill +20; owner +5,ATTOM taxassessor (Santa Clara County),,
3 Municipal,SANTA CLARA CITY,,SANTA CLARA,220-01-022,31295,0.718,SANTA CLARA,SC,OTHER / UNKNOWN,0,0,0,,,,37.353806,-121.985883,75,<1ac infill +20; owner +5,ATTOM taxassessor (Santa Clara County),,
3 Municipal,CITY OF SANTA CLARA,,SANTA CLARA,101-15-049,30674,0.704,SANTA CLARA,SC,OTHER / UNKNOWN,0,0,0,,2019-02-14,,37.388348,-121.943556,75,<1ac infill +20; owner +5,ATTOM taxassessor (Santa Clara County),,
3 Municipal,PALO ALTO CITY,,PALO ALTO,120-15-073,30492,0.700,SANTA CLARA,PA,OTHER / UNKNOWN,0,0,0,,,1976-05-04,37.447367,-122.158846,75,<1ac infill +20; owner +5,ATTOM taxassessor (Santa Clara County),,
2 Santa Clara County,SANTA CLARA COUNTY,,SAN JOSE,491-15-021,29675,0.681,SANTA CLARA,IP,OTHER / UNKNOWN,0,0,0,,,1965-12-03,37.338905,-121.821955,75,<1ac infill +20; owner +5,ATTOM taxassessor (Santa Clara County),,
3 Municipal,SANTA CLARA CITY,,SANTA CLARA,104-34-052,29621,0.680,SANTA CLARA,SC,OTHER / UNKNOWN,0,0,0,,,1966-08-23,37.391349,-121.967669,75,<1ac infill +20; owner +5,ATTOM taxassessor (Santa Clara County),,
3 Municipal,PALO ALTO CITY,375 HAMILTON AVE,PALO ALTO,120-15-086,29620,0.680,SANTA CLARA,PA,OTHER / UNKNOWN,0,0,0,,,,37.446165,-122.159788,75,<1ac infill +20; owner +5,ATTOM taxassessor (Santa Clara County),,
3 Municipal,SAN JOSE CITY,,SAN JOSE,678-39-089,29400,0.675,SANTA CLARA,SJ,OTHER / UNKNOWN,0,0,0,,,1979-12-28,37.269483,-121.797815,75,<1ac infill +20; owner +5,ATTOM taxassessor (Santa Clara County),,
3 Municipal,SAN JOSE CITY,,SAN JOSE,462-36-036,29144,0.669,SANTA CLARA,SJ,OTHER / UNKNOWN,0,0,0,,,,37.268249,-121.84418,75,<1ac infill +20; owner +5,ATTOM taxassessor (Santa Clara County),,
3 Municipal,SANTA CLARA CITY,,SANTA CLARA,104-42-008,29045,0.667,SANTA CLARA,SC,OTHER / UNKNOWN,0,0,0,,,1985-10-02,37.399198,-121.977488,75,<1ac infill +20; owner +5,ATTOM taxassessor (Santa Clara County),,
2 Santa Clara County,SANTA CLARA COUNTY,,SAN JOSE,491-13-009,28604,0.657,SANTA CLARA,IP,OTHER / UNKNOWN,0,0,0,,,,37.337329,-121.817631,75,<1ac infill +20; owner +5,ATTOM taxassessor (Santa Clara County),,
3 Municipal,CUPERTINO CITY,10309 MARY AVE,CUPERTINO,326-27-030,28600,0.657,SANTA CLARA,CU,OTHER / UNKNOWN,0,0,0,,,,37.327617,-122.050787,75,<1ac infill +20; owner +5,ATTOM taxassessor (Santa Clara County),,
3 Municipal,SAN JOSE CITY,,SAN JOSE,477-12-044,28527,0.655,SANTA CLARA,SJ,OTHER / UNKNOWN,0,0,0,,,1979-02-23,37.321857,-121.853023,75,<1ac infill +20; owner +5,ATTOM taxassessor (Santa Clara County),,
3 Municipal,PALO ALTO CITY,275 CAMBRIDGE AVE,PALO ALTO,124-28-051,28467,0.654,SANTA CLARA,PA,OTHER / UNKNOWN,0,0,0,,,,37.428319,-122.144186,75,<1ac infill +20; owner +5,ATTOM taxassessor (Santa Clara County),,
3 Municipal,SAN JOSE CITY,,SAN JOSE,230-46-017,26994,0.620,SANTA CLARA,SJ,OTHER / UNKNOWN,0,0,0,,,,37.355203,-121.914027,75,<1ac infill +20; owner +5,ATTOM taxassessor (Santa Clara County),,
3 Municipal,SAN JOSE CITY,,SAN JOSE,237-06-010,26590,0.610,SANTA CLARA,SJ,OTHER / UNKNOWN,0,0,0,,,,37.365851,-121.899264,75,<1ac infill +20; owner +5,ATTOM taxassessor (Santa Clara County),,
3 Municipal,SAN JOSE CITY,,SAN JOSE,381-19-016,26521,0.609,SANTA CLARA,SJ,OTHER / UNKNOWN,0,0,0,,,,37.305791,-121.994376,75,<1ac infill +20; owner +5,ATTOM taxassessor (Santa Clara County),,
2 Santa Clara County,SANTA CLARA COUNTY,,SAN JOSE,491-15-034,26512,0.609,SANTA CLARA,IP,OTHER / UNKNOWN,0,0,0,,,1965-12-03,37.338824,-121.821186,75,<1ac infill +20; owner +5,ATTOM taxassessor (Santa Clara County),,
3 Municipal,SANTA CLARA CITY,,SANTA CLARA,269-22-107,26061,0.598,SANTA CLARA,SC,OTHER / UNKNOWN,0,0,0,,,,37.348784,-121.94739,75,<1ac infill +20; owner +5,ATTOM taxassessor (Santa Clara County),,
3 Municipal,PALO ALTO CITY,,PALO ALTO,120-26-005,25905,0.595,SANTA CLARA,PA,OTHER / UNKNOWN,0,0,0,,,,37.445442,-122.163528,75,<1ac infill +20; owner +5,ATTOM taxassessor (Santa Clara County),,
2 Santa Clara County,COUNTY OF SANTA CLARA,,SAN JOSE,491-01-032,25884,0.594,SANTA CLARA,SJ,OTHER / UNKNOWN,0,0,0,,2021-08-26,,37.337803,-121.816708,75,<1ac infill +20; owner +5,ATTOM taxassessor (Santa Clara County),,
3 Municipal,SAN JOSE CITY,,SAN JOSE,497-42-008,25812,0.593,SANTA CLARA,SJ,OTHER / UNKNOWN,0,0,0,,,,37.305884,-121.839556,75,<1ac infill +20; owner +5,ATTOM taxassessor (Santa Clara County),,
2 Santa Clara County,SANTA CLARA COUNTY,,PALO ALTO,127-30-075,25796,0.592,SANTA CLARA,PA,OTHER / UNKNOWN,0,0,0,,,,37.439518,-122.128924,75,<1ac infill +20; owner +5,ATTOM taxassessor (Santa Clara County),,
3 Municipal,PALO ALTO CITY,,PALO ALTO,120-25-061,25425,0.584,SANTA CLARA,PA,OTHER / UNKNOWN,0,0,0,,,,37.445216,-122.165982,75,<1ac infill +20; owner +5,ATTOM taxassessor (Santa Clara County),,
3 Municipal,PALO ALTO CITY,,PALO ALTO,120-26-088,25425,0.584,SANTA CLARA,PA,OTHER / UNKNOWN,0,0,0,,,,37.443416,-122.163057,75,<1ac infill +20; owner +5,ATTOM taxassessor (Santa Clara County),,
3 Municipal,SAN JOSE CITY,,SAN JOSE,567-53-014,25299,0.581,SANTA CLARA,SJ,OTHER / UNKNOWN,0,0,0,,,,37.243601,-121.875405,75,<1ac infill +20; owner +5,ATTOM taxassessor (Santa Clara County),,
3 Municipal,SAN JOSE CITY,,SAN JOSE,687-21-073,25021,0.574,SANTA CLARA,C,OTHER / UNKNOWN,0,0,0,,,,37.242895,-121.84889,75,<1ac infill +20; owner +5,ATTOM taxassessor (Santa Clara County),,
3 Municipal,CAMPBELL CITY,,CAMPBELL,412-09-046,24969,0.573,SANTA CLARA,PF/OS,OTHER / UNKNOWN,0,0,0,,,,37.285997,-121.939297,75,<1ac infill +20; owner +5,ATTOM taxassessor (Santa Clara County),,
3 Municipal,MT VIEW CITY,1600 N SHORELINE BLVD,MOUNTAIN VIEW,116-10-070,24829,0.570,SANTA CLARA,P(3),INDUSTRIAL,0,0,0,,2011-04-27,2011-04-27,37.416696,-122.078711,75,<1ac infill +20; owner +5,ATTOM taxassessor (Santa Clara County),,
3 Municipal,SAN JOSE CITY,304 N 6TH ST,SAN JOSE,249-48-045,24724,0.568,SANTA CLARA,SJ,OTHER / UNKNOWN,0,0,0,,,,37.343455,-121.88832,75,<1ac infill +20; owner +5,ATTOM taxassessor (Santa Clara County),,
3 Municipal,SAN JOSE CITY,,SAN JOSE,679-17-024,24562,0.564,SANTA CLARA,,OTHER / UNKNOWN,0,0,0,,,,37.294189,-121.787911,75,<1ac infill +20; owner +5,ATTOM taxassessor (Santa Clara County),,
2 Santa Clara County,SANTA CLARA COUNTY,,SAN JOSE,708-17-035,24404,0.560,SANTA CLARA,SJ,OTHER / UNKNOWN,0,0,0,,,,37.220281,-121.771107,75,<1ac infill +20; owner +5,ATTOM taxassessor (Santa Clara County),,
3 Municipal,SAN JOSE CITY,,SAN JOSE,259-33-078,23858,0.548,SANTA CLARA,CG,OTHER / UNKNOWN,0,0,0,,,1977-09-12,37.338719,-121.895011,75,<1ac infill +20; owner +5,ATTOM taxassessor (Santa Clara County),,
3 Municipal,SAN JOSE CITY,,SAN JOSE,230-21-055,23801,0.546,SANTA CLARA,SJ,OTHER / UNKNOWN,0,0,0,,,,37.3442,-121.925232,75,<1ac infill +20; owner +5,ATTOM taxassessor (Santa Clara County),,
3 Municipal,CITY OF SAN JOSE,699 W SAN CARLOS ST,SAN JOSE,261-38-049,23640,0.543,SANTA CLARA,MH,INDUSTRIAL,7646945,0,7646945,0.000,2023-12-21,2023-12-21,37.324245,-121.903875,75,<1ac infill +20; owner +5,ATTOM taxassessor (Santa Clara County),,
3 Municipal,SUNNYVALE CITY,1282 LAWRENCE STATION RD,SUNNYVALE,104-33-002,23546,0.541,SANTA CLARA,SU,OTHER / UNKNOWN,0,0,0,,,,37.407633,-121.995444,75,<1ac infill +20; owner +5,ATTOM taxassessor (Santa Clara County),,
3 Municipal,SAN JOSE CITY,,SAN JOSE,472-16-001,23522,0.540,SANTA CLARA,SJ,OTHER / UNKNOWN,0,0,0,,,1972-12-21,37.323143,-121.878387,75,<1ac infill +20; owner +5,ATTOM taxassessor (Santa Clara County),,
3 Municipal,SAN JOSE CITY,751 N SAN PEDRO ST,SAN JOSE,259-06-056,23435,0.538,SANTA CLARA,SJ,OTHER / UNKNOWN,0,0,0,,,,37.348088,-121.903324,75,<1ac infill +20; owner +5,ATTOM taxassessor (Santa Clara County),,
3 Municipal,SAN JOSE CITY,,SAN JOSE,706-03-020,23251,0.534,SANTA CLARA,SJ,OTHER / UNKNOWN,0,0,0,,,1983-11-23,37.239132,-121.78972,75,<1ac infill +20; owner +5,ATTOM taxassessor (Santa Clara County),,
2 Santa Clara County,SANTA CLARA COUNTY,124 DELMAS AVE,SAN JOSE,259-45-095,22651,0.520,SANTA CLARA,SJ,OTHER / UNKNOWN,0,0,0,,,,37.329737,-121.897057,75,<1ac infill +20; owner +5,ATTOM taxassessor (Santa Clara County),,
3 Municipal,PALO ALTO CITY,,PALO ALTO,120-26-027,22500,0.517,SANTA CLARA,PA,OTHER / UNKNOWN,0,0,0,,,,37.444707,-122.163613,75,<1ac infill +20; owner +5,ATTOM taxassessor (Santa Clara County),,
3 Municipal,SAN JOSE CITY,1699 S KING RD,SAN JOSE,481-39-026,22419,0.515,SANTA CLARA,SJ,OTHER / UNKNOWN,0,0,0,,,,37.339979,-121.843711,75,<1ac infill +20; owner +5,ATTOM taxassessor (Santa Clara County),,
3 Municipal,SUNNYVALE CITY,,SUNNYVALE,213-25-001,22352,0.513,SANTA CLARA,SU,OTHER / UNKNOWN,0,0,0,,,,37.356489,-122.013741,75,<1ac infill +20; owner +5,ATTOM taxassessor (Santa Clara County),,
3 Municipal,PALO ALTO CITY,,PALO ALTO,148-06-019,22216,0.510,SANTA CLARA,PA,OTHER / UNKNOWN,0,0,0,,,1974-05-29,37.408142,-122.116673,75,<1ac infill +20; owner +5,ATTOM taxassessor (Santa Clara County),,
2 Santa Clara County,SANTA CLARA COUNTY,,SAN JOSE,455-13-034,22212,0.510,SANTA CLARA,SJ,OTHER / UNKNOWN,0,0,0,,,,37.285453,-121.882436,75,<1ac infill +20; owner +5,ATTOM taxassessor (Santa Clara County),,
3 Municipal,PALO ALTO CITY,,PALO ALTO,124-15-044,22129,0.508,SANTA CLARA,PA,OTHER / UNKNOWN,0,0,0,,,1983-05-31,37.438422,-122.155248,75,<1ac infill +20; owner +5,ATTOM taxassessor (Santa Clara County),,
3 Municipal,SAN JOSE CITY,350 W JULIAN ST,SAN JOSE,259-30-103,21962,0.504,SANTA CLARA,LI,OTHER / UNKNOWN,0,0,0,,2001-05-08,2001-05-08,37.335765,-121.898862,75,<1ac infill +20; owner +5,ATTOM taxassessor (Santa Clara County),,
3 Municipal,SAN JOSE CITY,,SAN JOSE,429-14-020,21292,0.489,SANTA CLARA,SJ,OTHER / UNKNOWN,0,0,0,,,,37.301476,-121.903661,75,<1ac infill +20; owner +5,ATTOM taxassessor (Santa Clara County),,
3 Municipal,SAN JOSE CITY,,SAN JOSE,230-32-110,21214,0.487,SANTA CLARA,SJ,OTHER / UNKNOWN,0,0,0,,,,37.359179,-121.915486,75,<1ac infill +20; owner +5,ATTOM taxassessor (Santa Clara County),,
3 Municipal,SANTA CLARA CITY,,SANTA CLARA,101-11-008,21121,0.485,SANTA CLARA,SC,OTHER / UNKNOWN,0,0,0,,,1973-06-06,37.38183,-121.949954,75,<1ac infill +20; owner +5,ATTOM taxassessor (Santa Clara County),,
3 Municipal,SAN JOSE CITY,,SAN JOSE,259-04-019,21015,0.482,SANTA CLARA,SJ,OTHER / UNKNOWN,0,0,0,,,1986-08-13,37.348238,-121.905517,75,<1ac infill +20; owner +5,ATTOM taxassessor (Santa Clara County),,
3 Municipal,SAN JOSE CITY,,SAN JOSE,678-39-090,21000,0.482,SANTA CLARA,SJ,OTHER / UNKNOWN,0,0,0,,,1979-12-28,37.269438,-121.797349,75,<1ac infill +20; owner +5,ATTOM taxassessor (Santa Clara County),,
3 Municipal,PALO ALTO CITY,,PALO ALTO,120-14-088,20908,0.480,SANTA CLARA,PA,OTHER / UNKNOWN,0,0,0,,,,37.447761,-122.162537,75,<1ac infill +20; owner +5,ATTOM taxassessor (Santa Clara County),,
3 Municipal,SAN JOSE CITY,,SAN JOSE,595-10-066,20473,0.470,SANTA CLARA,SJ,OTHER / UNKNOWN,0,0,0,,,1983-11-08,37.408098,-121.845179,75,<1ac infill +20; owner +5,ATTOM taxassessor (Santa Clara County),,
3 Municipal,SAN JOSE CITY,,SAN JOSE,264-41-074,20453,0.470,SANTA CLARA,SJ,OTHER / UNKNOWN,0,0,0,,,,37.319531,-121.897228,75,<1ac infill +20; owner +5,ATTOM taxassessor (Santa Clara County),,
3 Municipal,SAN JOSE CITY,,SAN JOSE,665-53-003,20400,0.468,SANTA CLARA,SJ,OTHER / UNKNOWN,0,0,0,,,1979-04-13,37.290304,-121.763896,75,<1ac infill +20; owner +5,ATTOM taxassessor (Santa Clara County),,
3 Municipal,SUNNYVALE CITY,,SUNNYVALE,205-46-031,19987,0.459,SANTA CLARA,SU,OTHER / UNKNOWN,0,0,0,,,,37.378214,-122.019374,75,<1ac infill +20; owner +5,ATTOM taxassessor (Santa Clara County),,
2 Santa Clara County,SANTA CLARA COUNTY,,SAN JOSE,237-05-020,19739,0.453,SANTA CLARA,SJ,OTHER / UNKNOWN,0,0,0,,,,37.38065,-121.900666,75,<1ac infill +20; owner +5,ATTOM taxassessor (Santa Clara County),,
3 Municipal,SAN JOSE CITY,,SAN JOSE,264-11-102,19672,0.452,SANTA CLARA,M1,INDUSTRIAL,0,0,0,,2002-02-11,2002-02-11,37.319351,-121.903238,75,<1ac infill +20; owner +5,ATTOM taxassessor (Santa Clara County),,
3 Municipal,CITY OF SAN JOSE,438 COLEMAN AVE,SAN JOSE,259-15-055,19605,0.450,SANTA CLARA,M1,INDUSTRIAL,0,0,0,,2007-03-28,2007-03-28,37.341474,-121.903005,75,<1ac infill +20; owner +5,ATTOM taxassessor (Santa Clara County),,
3 Municipal,SUNNYVALE CITY,TICONDEROGA DR,SUNNYVALE,202-24-020,19602,0.450,SANTA CLARA,SU,OTHER / UNKNOWN,0,0,0,,,,37.355442,-122.050834,75,<1ac infill +20; owner +5,ATTOM taxassessor (Santa Clara County),,
4 School / Public Ed,SAN JOSE UNIFIED SCH DISTRICT,,SAN JOSE,456-10-002,19544,0.449,SANTA CLARA,SJ,OTHER / UNKNOWN,0,0,0,,2017-06-13,,37.300961,-121.87554,75,<1ac infill +20; owner +5,ATTOM taxassessor (Santa Clara County),,
2 Santa Clara County,SANTA CLARA COUNTY,,CAMPBELL,412-09-048,19496,0.448,SANTA CLARA,PF/OS,OTHER / UNKNOWN,0,0,0,,,,37.286683,-121.938732,75,<1ac infill +20; owner +5,ATTOM taxassessor (Santa Clara County),,
3 Municipal,PALO ALTO CITY,424 LYTTON AVE,PALO ALTO,120-15-100,19446,0.446,SANTA CLARA,PA,OTHER / UNKNOWN,0,0,0,,,,37.448129,-122.16092,75,<1ac infill +20; owner +5,ATTOM taxassessor (Santa Clara County),,
3 Municipal,SAN JOSE CITY,,SAN JOSE,264-21-005,19398,0.445,SANTA CLARA,SJ,OTHER / UNKNOWN,0,0,0,,,,37.325085,-121.895418,75,<1ac infill +20; owner +5,ATTOM taxassessor (Santa Clara County),,
3 Municipal,MT VIEW CITY,,MOUNTAIN VIEW,189-05-102,19247,0.442,SANTA CLARA,PF,OTHER / UNKNOWN,0,0,0,,,,37.374997,-122.089616,75,<1ac infill +20; owner +5,ATTOM taxassessor (Santa Clara County),,
3 Municipal,SAN JOSE CITY,375 MCKENDRIE ST,SAN JOSE,230-38-065,19047,0.437,SANTA CLARA,SJ,OTHER / UNKNOWN,0,0,0,,,,37.349685,-121.913263,75,<1ac infill +20; owner +5,ATTOM taxassessor (Santa Clara County),,
3 Municipal,SAN JOSE CITY,,SAN JOSE,442-23-086,18778,0.431,SANTA CLARA,SJ,INDUSTRIAL,0,0,0,,,,37.275929,-121.919491,75,<1ac infill +20; owner +5,ATTOM taxassessor (Santa Clara County),,
3 Municipal,REDEVELOPMENT AGENCY SAN JOSE,70 N 4TH ST,SAN JOSE,467-20-017,18630,0.428,SANTA CLARA,CG,INDUSTRIAL,0,0,0,,2001-06-22,1995-08-18,37.338746,-121.887791,75,<1ac infill +20; owner +5,ATTOM taxassessor (Santa Clara County),,
3 Municipal,SAN JOSE CITY,,SAN JOSE,586-01-018,18625,0.428,SANTA CLARA,SJ,OTHER / UNKNOWN,0,0,0,,,,37.409399,-121.86241,75,<1ac infill +20; owner +5,ATTOM taxassessor (Santa Clara County),,
3 Municipal,SAN JOSE CITY,,SAN JOSE,599-24-022,18614,0.427,SANTA CLARA,SJ,OTHER / UNKNOWN,0,0,0,,,,37.395022,-121.828579,75,<1ac infill +20; owner +5,ATTOM taxassessor (Santa Clara County),,
3 Municipal,SAN JOSE CITY,,SAN JOSE,254-19-047,18600,0.000,SANTA CLARA,SJ,OTHER / UNKNOWN,0,0,0,,,,37.370079,-121.870779,75,<1ac infill +20; owner +5,ATTOM taxassessor (Santa Clara County),,
2 Santa Clara County,SANTA CLARA COUNTY,,PALO ALTO,132-17-048,18490,0.424,SANTA CLARA,PA,OTHER / UNKNOWN,0,0,0,,,,37.429652,-122.138801,75,<1ac infill +20; owner +5,ATTOM taxassessor (Santa Clara County),,
3 Municipal,CITY OF SAN JOSE,525 W SAINT JOHN ST,SAN JOSE,259-29-001,18295,0.420,SANTA CLARA,HI,INDUSTRIAL,0,0,0,,2017-12-07,2017-12-07,37.333976,-121.901413,75,<1ac infill +20; owner +5,ATTOM taxassessor (Santa Clara County),,
2 Santa Clara County,SANTA CLARA COUNTY,,SAN JOSE,491-12-063,18252,0.419,SANTA CLARA,SJ,OTHER / UNKNOWN,0,0,0,,,,37.333833,-121.823012,75,<1ac infill +20; owner +5,ATTOM taxassessor (Santa Clara County),,
2 Santa Clara County,SANTA CLARA COUNTY,,PALO ALTO,132-01-085,18149,0.417,SANTA CLARA,PA,OTHER / UNKNOWN,0,0,0,,,,37.435525,-122.132927,75,<1ac infill +20; owner +5,ATTOM taxassessor (Santa Clara County),,
3 Municipal,CAMPBELL CITY,,CAMPBELL,412-07-001,18128,0.416,SANTA CLARA,P-D,OTHER / UNKNOWN,0,0,0,,,1978-09-25,37.286071,-121.944187,75,<1ac infill +20; owner +5,ATTOM taxassessor (Santa Clara County),,
3 Municipal,SAN JOSE CITY,245 WOZ WAY,SAN JOSE,264-28-154,18104,0.416,SANTA CLARA,SJ,OTHER / UNKNOWN,0,0,0,,,,37.326936,-121.889306,75,<1ac infill +20; owner +5,ATTOM taxassessor (Santa Clara County),,
3 Municipal,SANTA CLARA CITY,,SANTA CLARA,269-22-097,18089,0.415,SANTA CLARA,SC,OTHER / UNKNOWN,0,0,0,,,,37.348556,-121.947949,75,<1ac infill +20; owner +5,ATTOM taxassessor (Santa Clara County),,
3 Municipal,SAN JOSE CITY,,SAN JOSE,264-42-041,17968,0.412,SANTA CLARA,SJ,OTHER / UNKNOWN,0,0,0,,,1975-06-06,37.318059,-121.901686,75,<1ac infill +20; owner +5,ATTOM taxassessor (Santa Clara County),,
2 Santa Clara County,SANTA CLARA COUNTY,,SAN JOSE,678-93-023,17852,0.410,SANTA CLARA,,OTHER / UNKNOWN,0,0,0,,,,37.256892,-121.791702,75,<1ac infill +20; owner +5,ATTOM taxassessor (Santa Clara County),,
2 Santa Clara County,SANTA CLARA COUNTY,,SAN JOSE,679-03-002,17813,0.409,SANTA CLARA,SJ,OTHER / UNKNOWN,0,0,0,,,,37.257472,-121.79243,75,<1ac infill +20; owner +5,ATTOM taxassessor (Santa Clara County),,
3 Municipal,SAN JOSE CITY,,SAN JOSE,259-31-065,17600,0.404,SANTA CLARA,SJ,OTHER / UNKNOWN,0,0,0,,,1982-08-04,37.336454,-121.896328,75,<1ac infill +20; owner +5,ATTOM taxassessor (Santa Clara County),,
3 Municipal,CITY OF SAN JOSE,447 W SAINT JOHN ST,SAN JOSE,259-29-032,17424,0.400,SANTA CLARA,LI,INDUSTRIAL,0,0,0,,2018-03-12,2018-03-12,37.334486,-121.900262,75,<1ac infill +20; owner +5,ATTOM taxassessor (Santa Clara County),,
3 Municipal,SAN JOSE CITY,,SAN JOSE,101-04-002,17424,0.400,SANTA CLARA,IP,OTHER / UNKNOWN,0,0,0,,,1991-01-30,37.374828,-121.928127,75,<1ac infill +20; owner +5,ATTOM taxassessor (Santa Clara County),,
3 Municipal,CUPERTINO CITY,,CUPERTINO,357-13-035,16988,0.390,SANTA CLARA,CU,OTHER / UNKNOWN,0,0,0,,,,37.315282,-122.06115,75,<1ac infill +20; owner +5,ATTOM taxassessor (Santa Clara County),,
3 Municipal,CAMPBELL CITY,46 S 1ST ST,CAMPBELL,412-07-022,16726,0.384,SANTA CLARA,C-3,OTHER / UNKNOWN,0,0,0,,,,37.286414,-121.944262,75,<1ac infill +20; owner +5,ATTOM taxassessor (Santa Clara County),,
3 Municipal,SAN JOSE CITY,,SAN JOSE,264-51-090,16655,0.382,SANTA CLARA,SJ,OTHER / UNKNOWN,0,0,0,,,,37.314564,-121.8977,75,<1ac infill +20; owner +5,ATTOM taxassessor (Santa Clara County),,
3 Municipal,SAN JOSE CITY,901 PLAZA DR,SAN JOSE,264-52-064,16561,0.380,SANTA CLARA,SJ,OTHER / UNKNOWN,0,0,0,,2017-12-13,2017-12-13,37.315592,-121.903061,75,<1ac infill +20; owner +5,ATTOM taxassessor (Santa Clara County),,
2 Santa Clara County,SANTA CLARA COUNTY,ANTON CT,PALO ALTO,132-07-061,16279,0.374,SANTA CLARA,PA,OTHER / UNKNOWN,0,0,0,,,,37.433143,-122.135334,75,<1ac infill +20; owner +5,ATTOM taxassessor (Santa Clara County),,
3 Municipal,PALO ALTO CITY,CHESTNUT AVE,PALO ALTO,132-33-037,16126,0.370,SANTA CLARA,PF,OTHER / UNKNOWN,0,0,0,,,,37.42139,-122.134589,75,<1ac infill +20; owner +5,ATTOM taxassessor (Santa Clara County),,
3 Municipal,PALO ALTO CITY,,PALO ALTO,120-26-087,16000,0.367,SANTA CLARA,PA,OTHER / UNKNOWN,0,0,0,,,,37.443815,-122.162544,75,<1ac infill +20; owner +5,ATTOM taxassessor (Santa Clara County),,
2 Santa Clara County,SANTA CLARA COUNTY,,SUNNYVALE,161-32-005,15990,0.367,SANTA CLARA,SU,OTHER / UNKNOWN,0,0,0,,,,37.385541,-122.050996,75,<1ac infill +20; owner +5,ATTOM taxassessor (Santa Clara County),,
2 Santa Clara County,SANTA CLARA COUNTY,,SANTA CLARA,224-14-086,15906,0.365,SANTA CLARA,SC,OTHER / UNKNOWN,0,0,0,,,,37.35281,-121.968112,75,<1ac infill +20; owner +5,ATTOM taxassessor (Santa Clara County),,
3 Municipal,MT VIEW CITY,205 VIEW ST,MOUNTAIN VIEW,158-22-020,15643,0.359,SANTA CLARA,P(19),OTHER / UNKNOWN,0,0,0,,2017-08-22,2017-08-22,37.392484,-122.077985,75,<1ac infill +20; owner +5,ATTOM taxassessor (Santa Clara County),,
2 Santa Clara County,SANTA CLARA COUNTY,,SAN JOSE,678-93-022,15627,0.359,SANTA CLARA,,OTHER / UNKNOWN,0,0,0,,,,37.256902,-121.79083,75,<1ac infill +20; owner +5,ATTOM taxassessor (Santa Clara County),,
4 School / Public Ed,S D SUNNYVALE,,SUNNYVALE,202-14-009,15438,0.354,SANTA CLARA,SU,OTHER / UNKNOWN,0,0,0,,,,37.355405,-122.043552,75,<1ac infill +20; owner +5,ATTOM taxassessor (Santa Clara County),,
3 Municipal,SAN JOSE CITY,460 PARK AVE,SAN JOSE,259-46-097,15349,0.352,SANTA CLARA,SJ,OTHER / UNKNOWN,0,0,0,,,,37.327703,-121.897899,75,<1ac infill +20; owner +5,ATTOM taxassessor (Santa Clara County),,
3 Municipal,SAN JOSE CITY,,SAN JOSE,259-44-075,15268,0.351,SANTA CLARA,CG,OTHER / UNKNOWN,0,0,0,,,1974-10-09,37.330132,-121.894035,75,<1ac infill +20; owner +5,ATTOM taxassessor (Santa Clara County),,
3 Municipal,SAN JOSE CITY,,SAN JOSE,434-11-034,15246,0.350,SANTA CLARA,SJ,OTHER / UNKNOWN,0,0,0,,,1983-05-19,37.313609,-121.878803,75,<1ac infill +20; owner +5,ATTOM taxassessor (Santa Clara County),,
3 Municipal,CITY OF SAN JOSE,240 N MONTGOMERY ST,SAN JOSE,259-29-103,15180,0.348,SANTA CLARA,"HI,RM",INDUSTRIAL,0,0,0,,2021-10-18,2021-10-18,37.334994,-121.902424,75,<1ac infill +20; owner +5,ATTOM taxassessor (Santa Clara County),,
3 Municipal,SAN JOSE CITY,1527 AIRPORT BLVD,SAN JOSE,230-46-022,15063,0.346,SANTA CLARA,SJ,OTHER / UNKNOWN,0,0,0,,,,37.358815,-121.917198,75,<1ac infill +20; owner +5,ATTOM taxassessor (Santa Clara County),,
3 Municipal,PALO ALTO CITY,,PALO ALTO,120-26-076,15000,0.344,SANTA CLARA,PA,OTHER / UNKNOWN,0,0,0,,,,37.444506,-122.162057,75,<1ac infill +20; owner +5,ATTOM taxassessor (Santa Clara County),,
3 Municipal,SAN JOSE CITY,,SAN JOSE,230-38-079,14998,0.344,SANTA CLARA,SJ,OTHER / UNKNOWN,0,0,0,,,,37.349858,-121.914232,75,<1ac infill +20; owner +5,ATTOM taxassessor (Santa Clara County),,
3 Municipal,CITY OF MOUNTAIN VIEW,98 E EVELYN AVE,MOUNTAIN VIEW,158-37-009,14175,0.325,SANTA CLARA,MV,OTHER / UNKNOWN,0,0,0,,1995-12-29,,37.391592,-122.069326,75,<1ac infill +20; owner +5,ATTOM taxassessor (Santa Clara County),,
3 Municipal,SANTA CLARA CITY,,SANTA CLARA,101-08-009,13941,0.320,SANTA CLARA,SC,OTHER / UNKNOWN,0,0,0,,,,37.387417,-121.947887,75,<1ac infill +20; owner +5,ATTOM taxassessor (Santa Clara County),,
3 Municipal,SAN JOSE CITY,,SAN JOSE,259-04-024,13733,0.315,SANTA CLARA,,OTHER / UNKNOWN,0,0,0,,,,37.351658,-121.902436,75,<1ac infill +20; owner +5,ATTOM taxassessor (Santa Clara County),,
3 Municipal,SAN JOSE CITY,,SAN JOSE,575-02-011,13652,0.313,SANTA CLARA,SJ,OTHER / UNKNOWN,0,0,0,,2015-03-27,2015-03-27,37.221723,-121.907134,75,<1ac infill +20; owner +5,ATTOM taxassessor (Santa Clara County),,
3 Municipal,SAN JOSE CITY,,SAN JOSE,381-42-062,13584,0.312,SANTA CLARA,SJ,OTHER / UNKNOWN,0,0,0,,,,37.30937,-121.992453,75,<1ac infill +20; owner +5,ATTOM taxassessor (Santa Clara County),,
2 Santa Clara County,SANTA CLARA COUNTY,ROBERT FOWLER WAY,SAN JOSE,491-15-039,13504,0.310,SANTA CLARA,IP,OTHER / UNKNOWN,0,0,0,,,1965-12-03,37.337847,-121.821041,75,<1ac infill +20; owner +5,ATTOM taxassessor (Santa Clara County),,
3 Municipal,SAN JOSE CITY,,SAN JOSE,684-40-018,13472,0.309,SANTA CLARA,,OTHER / UNKNOWN,0,0,0,,,,37.257272,-121.801602,75,<1ac infill +20; owner +5,ATTOM taxassessor (Santa Clara County),,
3 Municipal,SANTA CLARA CITY,,SANTA CLARA,220-30-012,13453,0.309,SANTA CLARA,SC,OTHER / UNKNOWN,0,0,0,,,,37.358164,-121.977905,75,<1ac infill +20; owner +5,ATTOM taxassessor (Santa Clara County),,
3 Municipal,SUNNYVALE CITY,,SUNNYVALE,202-39-041,13428,0.308,SANTA CLARA,SU,OTHER / UNKNOWN,0,0,0,,,,37.357403,-122.060859,75,<1ac infill +20; owner +5,ATTOM taxassessor (Santa Clara County),,
3 Municipal,SAN JOSE CITY,,SAN JOSE,259-05-078,13403,0.308,SANTA CLARA,,OTHER / UNKNOWN,0,0,0,,,,37.349395,-121.903548,75,<1ac infill +20; owner +5,ATTOM taxassessor (Santa Clara County),,
2 Santa Clara County,SANTA CLARA COUNTY,,PALO ALTO,127-03-133,13358,0.307,SANTA CLARA,PA,OTHER / UNKNOWN,0,0,0,,,,37.44187,-122.126635,75,<1ac infill +20; owner +5,ATTOM taxassessor (Santa Clara County),,
3 Municipal,SAN JOSE CITY,,SAN JOSE,230-37-020,13134,0.302,SANTA CLARA,SJ,OTHER / UNKNOWN,0,0,0,,,,37.35185,-121.90942,75,<1ac infill +20; owner +5,ATTOM taxassessor (Santa Clara County),,
2 Santa Clara County,SANTA CLARA COUNTY,,SAN JOSE,456-25-002,12875,0.000,SANTA CLARA,,OTHER / UNKNOWN,0,0,0,,,,37.291056,-121.877045,75,<1ac infill +20; owner +5,ATTOM taxassessor (Santa Clara County),,
2 Santa Clara County,SANTA CLARA COUNTY,,CUPERTINO,326-01-034,12865,0.295,SANTA CLARA,CU,OTHER / UNKNOWN,0,0,0,,,,37.33517,-122.064173,75,<1ac infill +20; owner +5,ATTOM taxassessor (Santa Clara County),,
3 Municipal,CITY OF SANTA CLARA,1750 GRANT ST,SANTA CLARA,224-02-022,12750,0.293,SANTA CLARA,MH,INDUSTRIAL,0,0,0,,2016-12-21,2016-12-21,37.358304,-121.944519,75,<1ac infill +20; owner +5,ATTOM taxassessor (Santa Clara County),,
3 Municipal,SUNNYVALE CITY,MC KINLEY AVE,SUNNYVALE,209-10-060,12632,0.290,SANTA CLARA,SU,OTHER / UNKNOWN,0,0,0,,,1977-10-13,37.374069,-122.02909,75,<1ac infill +20; owner +5,ATTOM taxassessor (Santa Clara County),,
3 Municipal,SAN JOSE CITY,,SAN JOSE,678-39-091,12500,0.287,SANTA CLARA,SJ,OTHER / UNKNOWN,0,0,0,,,1979-12-28,37.267903,-121.796478,75,<1ac infill +20; owner +5,ATTOM taxassessor (Santa Clara County),,
3 Municipal,SAN JOSE CITY,,SAN JOSE,259-45-001,12434,0.285,SANTA CLARA,SJ,OTHER / UNKNOWN,0,0,0,,,,37.329853,-121.895026,75,<1ac infill +20; owner +5,ATTOM taxassessor (Santa Clara County),,
2 Santa Clara County,SANTA CLARA COUNTY,,SAN JOSE,701-17-017,12430,0.285,SANTA CLARA,SJ,OTHER / UNKNOWN,0,0,0,,,,37.204059,-121.840825,75,<1ac infill +20; owner +5,ATTOM taxassessor (Santa Clara County),,
3 Municipal,SUNNYVALE CITY,234 GARNER DR,SUNNYVALE,110-12-086,12150,0.279,SANTA CLARA,SU,OTHER / UNKNOWN,0,0,0,,,,37.399992,-122.02439,75,<1ac infill +20; owner +5,ATTOM taxassessor (Santa Clara County),,
3 Municipal,SAN JOSE CITY,,SAN JOSE,261-10-009,11511,0.264,SANTA CLARA,SJ,OTHER / UNKNOWN,0,0,0,,,1985-08-23,37.341279,-121.916677,75,<1ac infill +20; owner +5,ATTOM taxassessor (Santa Clara County),,
3 Municipal,SAN JOSE CITY,,SAN JOSE,484-17-039,11432,0.262,SANTA CLARA,SJ,OTHER / UNKNOWN,0,0,0,,,1980-06-18,37.36504,-121.831634,75,<1ac infill +20; owner +5,ATTOM taxassessor (Santa Clara County),,
3 Municipal,SAN JOSE CITY,SINGLETREE ST,SAN JOSE,567-28-015,11403,0.262,SANTA CLARA,SJ,OTHER / UNKNOWN,0,0,0,,,,37.23416,-121.901238,75,<1ac infill +20; owner +5,ATTOM taxassessor (Santa Clara County),,
3 Municipal,PALO ALTO CITY,,PALO ALTO,120-17-088,11300,0.259,SANTA CLARA,PA,OTHER / UNKNOWN,0,0,0,,,1973-06-08,37.443313,-122.15549,75,<1ac infill +20; owner +5,ATTOM taxassessor (Santa Clara County),,
3 Municipal,CITY OF SANTA CLARA,,SANTA CLARA,104-43-025,11272,0.259,SANTA CLARA,SC,OTHER / UNKNOWN,0,0,0,,2021-02-18,,37.405344,-121.973545,75,<1ac infill +20; owner +5,ATTOM taxassessor (Santa Clara County),,
3 Municipal,SAN JOSE CITY,,SAN JOSE,259-20-064,11248,0.258,SANTA CLARA,,OTHER / UNKNOWN,0,0,0,,,,37.340887,-121.896732,75,<1ac infill +20; owner +5,ATTOM taxassessor (Santa Clara County),,
3 Municipal,PALO ALTO CITY,642 GILMAN ST,PALO ALTO,120-16-095,11200,0.257,SANTA CLARA,PA,OTHER / UNKNOWN,0,0,0,,,,37.445142,-122.159296,75,<1ac infill +20; owner +5,ATTOM taxassessor (Santa Clara County),,
3 Municipal,PALO ALTO CITY,,PALO ALTO,124-32-004,11184,0.257,SANTA CLARA,PA,OTHER / UNKNOWN,0,0,0,,,,37.427668,-122.1454,75,<1ac infill +20; owner +5,ATTOM taxassessor (Santa Clara County),,
3 Municipal,SANTA CLARA CITY,,SANTA CLARA,230-03-103,11171,0.256,SANTA CLARA,SC,OTHER / UNKNOWN,0,0,0,,,,37.366749,-121.941061,75,<1ac infill +20; owner +5,ATTOM taxassessor (Santa Clara County),,
3 Municipal,SAN JOSE CITY,,SAN JOSE,237-07-001,10946,0.251,SANTA CLARA,HI,OTHER / UNKNOWN,0,0,0,,,1988-03-21,37.365414,-121.896205,75,<1ac infill +20; owner +5,ATTOM taxassessor (Santa Clara County),,
3 Municipal,SANTA CLARA CITY,,SANTA CLARA,216-06-074,10890,0.250,SANTA CLARA,SC,OTHER / UNKNOWN,0,0,0,,,,37.357051,-121.973561,75,<1ac infill +20; owner +5,ATTOM taxassessor (Santa Clara County),,
3 Municipal,PALO ALTO CITY,250 UNIVERSITY AVE,PALO ALTO,120-26-104,10849,0.249,SANTA CLARA,PA,OTHER / UNKNOWN,0,0,0,,,,37.445249,-122.161646,75,<1ac infill +20; owner +5,ATTOM taxassessor (Santa Clara County),,
3 Municipal,SANTA CLARA CITY,,SANTA CLARA,224-49-004,10684,0.245,SANTA CLARA,SC,OTHER / UNKNOWN,0,0,0,,,,37.355774,-121.955717,75,<1ac infill +20; owner +5,ATTOM taxassessor (Santa Clara County),,
5 State of California,STATE OF CA,201 N 1ST ST,SAN JOSE,259-33-057,10626,0.244,SANTA CLARA,CG,Commercial,0,0,0,,2011-07-07,2011-07-07,37.339125,-121.893174,75,Commercial +5; <1ac infill +20,ATTOM taxassessor (Santa Clara County),,
3 Municipal,CITY OF SAN JOSE,,SAN JOSE,259-29-067,10500,0.241,SANTA CLARA,M2,INDUSTRIAL,0,0,0,,2016-05-23,2010-06-02,37.336439,-121.901342,75,<1ac infill +20; owner +5,ATTOM taxassessor (Santa Clara County),,
4 School / Public Ed,ROCK UNION S D ALUM,,SAN JOSE,601-17-002,10454,0.240,SANTA CLARA,SJ,OTHER / UNKNOWN,0,0,0,,,,37.371816,-121.815726,75,<1ac infill +20; owner +5,ATTOM taxassessor (Santa Clara County),,
3 Municipal,SAN JOSE CITY,,SAN JOSE,259-29-095,10439,0.240,SANTA CLARA,,OTHER / UNKNOWN,0,0,0,,,1975-02-06,37.33626,-121.900692,75,<1ac infill +20; owner +5,ATTOM taxassessor (Santa Clara County),,
3 Municipal,SAN JOSE CITY,,SAN JOSE,230-41-011,10256,0.235,SANTA CLARA,SJ,OTHER / UNKNOWN,0,0,0,,,,37.343152,-121.920189,75,<1ac infill +20; owner +5,ATTOM taxassessor (Santa Clara County),,
3 Municipal,CUPERTINO CITY,10981 FRANCO CT,CUPERTINO,326-09-071,10080,0.000,SANTA CLARA,CU,OTHER / UNKNOWN,0,0,0,,,,37.337006,-122.037076,75,<1ac infill +20; owner +5,ATTOM taxassessor (Santa Clara County),,
3 Municipal,CAMPBELL CITY,,CAMPBELL,404-24-044,10019,0.230,SANTA CLARA,PF/OS,OTHER / UNKNOWN,0,0,0,,,,37.280542,-121.962841,75,<1ac infill +20; owner +5,ATTOM taxassessor (Santa Clara County),,
2 Santa Clara County,SANTA CLARA COUNTY,,PALO ALTO,137-10-128,10019,0.230,SANTA CLARA,PA,OTHER / UNKNOWN,0,0,0,,,1965-11-23,37.416536,-122.136688,75,<1ac infill +20; owner +5,ATTOM taxassessor (Santa Clara County),,
3 Municipal,CUPERTINO CITY,10450 MADERA DR,CUPERTINO,326-45-015,10000,0.230,SANTA CLARA,CU,OTHER / UNKNOWN,0,0,0,,,,37.329571,-122.057821,75,<1ac infill +20; owner +5,ATTOM taxassessor (Santa Clara County),,
3 Municipal,SAN JOSE CITY,,SAN JOSE,692-27-074,9994,0.229,SANTA CLARA,,OTHER / UNKNOWN,0,0,0,,2011-06-29,2011-06-29,37.247403,-121.83077,75,<1ac infill +20; owner +5,ATTOM taxassessor (Santa Clara County),,
3 Municipal,SAN JOSE CITY,,SAN JOSE,439-48-043,9986,0.229,SANTA CLARA,LI,OTHER / UNKNOWN,0,0,0,,,1973-04-10,37.282745,-121.882464,75,<1ac infill +20; owner +5,ATTOM taxassessor (Santa Clara County),,
3 Municipal,SANTA CLARA CITY,,SANTA CLARA,269-18-043,9905,0.227,SANTA CLARA,SC,OTHER / UNKNOWN,0,0,0,,,,37.34437,-121.953928,75,<1ac infill +20; owner +5,ATTOM taxassessor (Santa Clara County),,
2 Santa Clara County,SANTA CLARA COUNTY,,SAN JOSE,259-04-012,9894,0.227,SANTA CLARA,LI,OTHER / UNKNOWN,0,0,0,,,1988-12-23,37.351973,-121.904949,75,<1ac infill +20; owner +5,ATTOM taxassessor (Santa Clara County),,
2 Santa Clara County,SANTA CLARA COUNTY,,SAN JOSE,484-33-147,9836,0.226,SANTA CLARA,SJ,OTHER / UNKNOWN,0,0,0,,,,37.353922,-121.828178,75,<1ac infill +20; owner +5,ATTOM taxassessor (Santa Clara County),,
2 Santa Clara County,SANTA CLARA COUNTY,,PALO ALTO,127-03-104,9680,0.222,SANTA CLARA,PA,OTHER / UNKNOWN,0,0,0,,,,37.442805,-122.125673,75,<1ac infill +20; owner +5,ATTOM taxassessor (Santa Clara County),,
3 Municipal,SAN JOSE CITY,VIA VALIENTE,SAN JOSE,701-53-034,9583,0.220,SANTA CLARA,SJ,OTHER / UNKNOWN,0,0,0,,,1973-01-15,37.209971,-121.846389,75,<1ac infill +20; owner +5,ATTOM taxassessor (Santa Clara County),,
4 School / Public Ed,SAN JOSE COMMUNITY COLLEGE,,SAN JOSE,676-37-014,9583,0.220,SANTA CLARA,SJ,OTHER / UNKNOWN,0,0,0,,,1974-12-16,37.30175,-121.774378,75,<1ac infill +20; owner +5,ATTOM taxassessor (Santa Clara County),,
3 Municipal,CITY OF PALO ALTO,200 UNIVERSITY AVE,PALO ALTO,120-26-099,9263,0.213,SANTA CLARA,PA,OTHER / UNKNOWN,0,0,0,,2009-12-18,,37.444702,-122.162411,75,<1ac infill +20; owner +5,ATTOM taxassessor (Santa Clara County),,
3 Municipal,SAN JOSE CITY,,SAN JOSE,264-57-014,9136,0.210,SANTA CLARA,SJ,OTHER / UNKNOWN,0,0,0,,,,37.310481,-121.906696,75,<1ac infill +20; owner +5,ATTOM taxassessor (Santa Clara County),,
3 Municipal,SUNNYVALE CITY,,SUNNYVALE,205-29-022,9103,0.209,SANTA CLARA,SU,OTHER / UNKNOWN,0,0,0,,,,37.385465,-122.016167,75,<1ac infill +20; owner +5,ATTOM taxassessor (Santa Clara County),,
3 Municipal,SAN JOSE CITY,,SAN JOSE,586-20-023,8956,0.206,SANTA CLARA,SJ,OTHER / UNKNOWN,0,0,0,,,,37.409519,-121.861102,75,<1ac infill +20; owner +5,ATTOM taxassessor (Santa Clara County),,
3 Municipal,SANTA CLARA CITY,,SANTA CLARA,290-19-101,8878,0.204,SANTA CLARA,SC,OTHER / UNKNOWN,0,0,0,,,,37.348562,-121.986485,75,<1ac infill +20; owner +5,ATTOM taxassessor (Santa Clara County),,
3 Municipal,PALO ALTO CITY,,PALO ALTO,124-28-008,8841,0.203,SANTA CLARA,CC,OTHER / UNKNOWN,0,0,0,,,,37.428667,-122.144579,75,<1ac infill +20; owner +5,ATTOM taxassessor (Santa Clara County),,
3 Municipal,SAN JOSE CITY,,SAN JOSE,259-22-062,8824,0.203,SANTA CLARA,,OTHER / UNKNOWN,0,0,0,,,,37.341919,-121.901886,75,<1ac infill +20; owner +5,ATTOM taxassessor (Santa Clara County),,
3 Municipal,SUNNYVALE CITY,,SUNNYVALE,110-09-052,8800,0.202,SANTA CLARA,SU,OTHER / UNKNOWN,0,0,0,,,,37.403182,-122.024084,75,<1ac infill +20; owner +5,ATTOM taxassessor (Santa Clara County),,
3 Municipal,SAN JOSE CITY,,SAN JOSE,467-58-001,8712,0.200,SANTA CLARA,SJ,OTHER / UNKNOWN,0,0,0,,,1980-09-08,37.346414,-121.868275,75,<1ac infill +20; owner +5,ATTOM taxassessor (Santa Clara County),,
3 Municipal,SAN JOSE CITY,,SAN JOSE,670-21-001,8712,0.200,SANTA CLARA,SJ,OTHER / UNKNOWN,0,0,0,,,,37.316816,-121.82019,75,<1ac infill +20; owner +5,ATTOM taxassessor (Santa Clara County),,
3 Municipal,SAN JOSE CITY,,SAN JOSE,595-31-026,8712,0.200,SANTA CLARA,SJ,OTHER / UNKNOWN,0,0,0,,,,37.392816,-121.83414,75,<1ac infill +20; owner +5,ATTOM taxassessor (Santa Clara County),,
3 Municipal,SAN JOSE CITY,,SAN JOSE,284-33-074,8615,0.198,SANTA CLARA,,OTHER / UNKNOWN,0,0,0,,,,37.30168,-121.918977,75,<1ac infill +20; owner +5,ATTOM taxassessor (Santa Clara County),,
3 Municipal,SUNNYVALE CITY,WOLFE RD,SUNNYVALE,309-51-001,8610,0.198,SANTA CLARA,SU,OTHER / UNKNOWN,0,0,0,,,,37.338562,-122.014607,75,<1ac infill +20; owner +5,ATTOM taxassessor (Santa Clara County),,
3 Municipal,SAN JOSE CITY,,SAN JOSE,494-62-023,8482,0.195,SANTA CLARA,LI,OTHER / UNKNOWN,0,0,0,,,1978-12-06,37.290334,-121.81798,75,<1ac infill +20; owner +5,ATTOM taxassessor (Santa Clara County),,
3 Municipal,PALO ALTO CITY,201 ALMA ST,PALO ALTO,120-25-060,8475,0.195,SANTA CLARA,PA,OTHER / UNKNOWN,0,0,0,,,1984-05-15,37.445925,-122.167386,75,<1ac infill +20; owner +5,ATTOM taxassessor (Santa Clara County),,
3 Municipal,PALO ALTO CITY,,PALO ALTO,008-03-079,8380,0.192,SANTA CLARA,PA,OTHER / UNKNOWN,0,0,0,,,1969-07-17,37.447648,-122.118015,75,<1ac infill +20; owner +5,ATTOM taxassessor (Santa Clara County),,
3 Municipal,SAN JOSE CITY,,SAN JOSE,264-41-066,8342,0.192,SANTA CLARA,SJ,OTHER / UNKNOWN,0,0,0,,,,37.318285,-121.897303,75,<1ac infill +20; owner +5,ATTOM taxassessor (Santa Clara County),,
2 Santa Clara County,SANTA CLARA COUNTY,,SAN JOSE,484-41-144,8340,0.191,SANTA CLARA,SJ,OTHER / UNKNOWN,0,0,0,,,,37.355412,-121.840092,75,<1ac infill +20; owner +5,ATTOM taxassessor (Santa Clara County),,
3 Municipal,SAN JOSE CITY,,SAN JOSE,486-10-017,8276,0.190,SANTA CLARA,SJ,OTHER / UNKNOWN,0,0,0,,,,37.337929,-121.845517,75,<1ac infill +20; owner +5,ATTOM taxassessor (Santa Clara County),,
3 Municipal,PALO ALTO CITY,,PALO ALTO,008-02-034,8209,0.188,SANTA CLARA,PA,OTHER / UNKNOWN,0,0,0,,,,37.45051,-122.118744,75,<1ac infill +20; owner +5,ATTOM taxassessor (Santa Clara County),,
3 Municipal,SAN JOSE CITY,,SAN JOSE,264-53-017,8206,0.188,SANTA CLARA,SJ,OTHER / UNKNOWN,0,0,0,,,,37.312823,-121.903843,75,<1ac infill +20; owner +5,ATTOM taxassessor (Santa Clara County),,
2 Santa Clara County,SANTA CLARA COUNTY,TASSO ST,PALO ALTO,132-07-001,8206,0.188,SANTA CLARA,PA,OTHER / UNKNOWN,0,0,0,,,,37.433481,-122.134947,75,<1ac infill +20; owner +5,ATTOM taxassessor (Santa Clara County),,
3 Municipal,SAN JOSE CITY,,SAN JOSE,237-06-026,8126,0.187,SANTA CLARA,HI,OTHER / UNKNOWN,0,0,0,,,1985-08-22,37.365373,-121.896475,75,<1ac infill +20; owner +5,ATTOM taxassessor (Santa Clara County),,
4 School / Public Ed,PALO ALTO UNIFIED S D,658 GEORGIA AVE,PALO ALTO,137-28-040,7929,0.182,SANTA CLARA,PA,OTHER / UNKNOWN,0,0,0,,,,37.404197,-122.132575,75,<1ac infill +20; owner +5,ATTOM taxassessor (Santa Clara County),,
3 Municipal,SANTA CLARA CITY,,SANTA CLARA,220-22-028,7923,0.182,SANTA CLARA,SC,OTHER / UNKNOWN,0,0,0,,,,37.363108,-121.986464,75,<1ac infill +20; owner +5,ATTOM taxassessor (Santa Clara County),,
3 Municipal,SANTA CLARA CITY,,SANTA CLARA,097-18-002,7913,0.182,SANTA CLARA,SC,OTHER / UNKNOWN,0,0,0,,,,37.4,-121.956323,75,<1ac infill +20; owner +5,ATTOM taxassessor (Santa Clara County),,
2 Santa Clara County,SANTA CLARA COUNTY,,PALO ALTO,127-02-128,7909,0.182,SANTA CLARA,PA,OTHER / UNKNOWN,0,0,0,,,,37.443578,-122.124935,75,<1ac infill +20; owner +5,ATTOM taxassessor (Santa Clara County),,
2 Santa Clara County,SANTA CLARA COUNTY,,SAN JOSE,282-05-074,7892,0.181,SANTA CLARA,N,OTHER / UNKNOWN,0,0,0,,,1973-07-03,37.310616,-121.932259,75,<1ac infill +20; owner +5,ATTOM taxassessor (Santa Clara County),,
3 Municipal,SAN JOSE CITY (CA),,SAN JOSE,259-36-069,7875,0.181,SANTA CLARA,LI,OTHER / UNKNOWN,0,0,0,,2003-06-26,,37.33337,-121.897549,75,<1ac infill +20; owner +5,ATTOM taxassessor (Santa Clara County),,
3 Municipal,SANTA CLARA CITY,,SANTA CLARA,101-25-001,7841,0.180,SANTA CLARA,SC,OTHER / UNKNOWN,0,0,0,,,1974-03-01,37.392781,-121.946546,75,<1ac infill +20; owner +5,ATTOM taxassessor (Santa Clara County),,
3 Municipal,SUNNYVALE CITY,,SUNNYVALE,323-21-038,7700,0.177,SANTA CLARA,SU,OTHER / UNKNOWN,0,0,0,,,,37.337787,-122.047595,75,<1ac infill +20; owner +5,ATTOM taxassessor (Santa Clara County),,
3 Municipal,SAN JOSE CITY,,SAN JOSE,259-33-089,7622,0.175,SANTA CLARA,,OTHER / UNKNOWN,0,0,0,,,,37.339546,-121.895474,75,<1ac infill +20; owner +5,ATTOM taxassessor (Santa Clara County),,
3 Municipal,SAN JOSE CITY,,SAN JOSE,264-29-103,7585,0.174,SANTA CLARA,SJ,OTHER / UNKNOWN,0,0,0,,,1976-09-13,37.328838,-121.890418,75,<1ac infill +20; owner +5,ATTOM taxassessor (Santa Clara County),,
3 Municipal,SAN JOSE CITY,BELMONT WAY,SAN JOSE,434-14-069,7560,0.174,SANTA CLARA,SJ,OTHER / UNKNOWN,0,0,0,,,1978-06-08,37.309713,-121.886407,75,<1ac infill +20; owner +5,ATTOM taxassessor (Santa Clara County),,
3 Municipal,SUNNYVALE CITY,CRANBERRY AVE,SUNNYVALE,202-36-011,7520,0.173,SANTA CLARA,SU,OTHER / UNKNOWN,0,0,0,,,,37.355326,-122.059133,75,<1ac infill +20; owner +5,ATTOM taxassessor (Santa Clara County),,
2 Santa Clara County,SANTA CLARA COUNTY,W YOUNGER AVE,SAN JOSE,230-37-040,7474,0.172,SANTA CLARA,SJ,OTHER / UNKNOWN,0,0,0,,,,37.354738,-121.904968,75,<1ac infill +20; owner +5,ATTOM taxassessor (Santa Clara County),,
3 Municipal,SAN JOSE CITY,,SAN JOSE,472-32-014,7405,0.170,SANTA CLARA,SJ,OTHER / UNKNOWN,0,0,0,,,,37.332923,-121.864569,75,<1ac infill +20; owner +5,ATTOM taxassessor (Santa Clara County),,
3 Municipal,SUNNYVALE CITY,SCHROEDER ST,SUNNYVALE,204-42-020,7309,0.168,SANTA CLARA,SU,OTHER / UNKNOWN,0,0,0,,,,37.383475,-122.025856,75,<1ac infill +20; owner +5,ATTOM taxassessor (Santa Clara County),,
2 Santa Clara County,SANTA CLARA COUNTY,10250 S CAPITOL AVE,SAN JOSE,484-29-001,7296,0.167,SANTA CLARA,SJ,OTHER / UNKNOWN,0,0,0,,,,37.354361,-121.828825,75,<1ac infill +20; owner +5,ATTOM taxassessor (Santa Clara County),,
2 Santa Clara County,SANTA CLARA COUNTY,,SAN JOSE,259-22-018,7200,0.165,SANTA CLARA,SJ,OTHER / UNKNOWN,0,0,0,,,,37.342627,-121.899551,75,<1ac infill +20; owner +5,ATTOM taxassessor (Santa Clara County),,
3 Municipal,SAN JOSE CITY,194 S MARKET ST,SAN JOSE,259-42-036,7092,0.163,SANTA CLARA,SJ,OTHER / UNKNOWN,0,0,0,,,1975-04-11,37.331806,-121.889327,75,<1ac infill +20; owner +5,ATTOM taxassessor (Santa Clara County),,
3 Municipal,SAN JOSE CITY,,SAN JOSE,264-42-108,7039,0.162,SANTA CLARA,SJ,OTHER / UNKNOWN,0,0,0,,,,37.318829,-121.901548,75,<1ac infill +20; owner +5,ATTOM taxassessor (Santa Clara County),,
3 Municipal,SAN JOSE CITY,,SAN JOSE,467-21-035,7038,0.162,SANTA CLARA,CG,OTHER / UNKNOWN,0,0,0,,,,37.337489,-121.889678,75,<1ac infill +20; owner +5,ATTOM taxassessor (Santa Clara County),,
2 Santa Clara County,SANTA CLARA COUNTY CORRECTIONA,1930 OTOOLE WAY,SAN JOSE,237-32-062,7026,0.161,SANTA CLARA,IP,INDUSTRIAL,252494,479748,732242,1.900,2007-08-17,2007-08-17,37.384759,-121.906422,75,<1ac infill +20; owner +5,ATTOM taxassessor (Santa Clara County),,
3 Municipal,CITY OF SAN JOSE,435 W JULIAN ST,SAN JOSE,259-25-002,7000,0.161,SANTA CLARA,HI,INDUSTRIAL,0,0,0,,2016-05-23,2010-06-23,37.336932,-121.901865,75,<1ac infill +20; owner +5,ATTOM taxassessor (Santa Clara County),,
3 Municipal,SAN JOSE CITY,,SAN JOSE,259-06-069,6826,0.000,SANTA CLARA,,OTHER / UNKNOWN,0,0,0,,,,37.347328,-121.904475,75,<1ac infill +20; owner +5,ATTOM taxassessor (Santa Clara County),,
3 Municipal,CUPERTINO CITY,,CUPERTINO,326-49-040,6750,0.155,SANTA CLARA,CU,OTHER / UNKNOWN,0,0,0,,,,37.331914,-122.060063,75,<1ac infill +20; owner +5,ATTOM taxassessor (Santa Clara County),,
3 Municipal,SUNNYVALE CITY,,SUNNYVALE,205-46-057,6737,0.155,SANTA CLARA,SU,OTHER / UNKNOWN,0,0,0,,,,37.377499,-122.019202,75,<1ac infill +20; owner +5,ATTOM taxassessor (Santa Clara County),,
2 Santa Clara County,SANTA CLARA COUNTY (CA),,MOUNTAIN VIEW,160-52-019,6589,0.151,SANTA CLARA,ML,INDUSTRIAL,0,0,0,,1997-06-05,,37.394844,-122.052595,75,<1ac infill +20; owner +5,ATTOM taxassessor (Santa Clara County),,
3 Municipal,SANTA CLARA CITY,,SANTA CLARA,216-26-001,6534,0.150,SANTA CLARA,SC,OTHER / UNKNOWN,0,0,0,,,,37.370109,-121.987494,75,<1ac infill +20; owner +5,ATTOM taxassessor (Santa Clara County),,
3 Municipal,SAN JOSE CITY,,SAN JOSE,467-38-093,6534,0.150,SANTA CLARA,SJ,OTHER / UNKNOWN,0,0,0,,,1973-09-06,37.340805,-121.870627,75,<1ac infill +20; owner +5,ATTOM taxassessor (Santa Clara County),,
2 Santa Clara County,SANTA CLARA COUNTY,,CAMPBELL,403-32-062,6534,0.150,SANTA CLARA,CA,OTHER / UNKNOWN,0,0,0,,,,37.287665,-121.994259,75,<1ac infill +20; owner +5,ATTOM taxassessor (Santa Clara County),,
3 Municipal,SANTA CLARA CITY,,SANTA CLARA,230-05-005,6521,0.150,SANTA CLARA,SC,OTHER / UNKNOWN,0,0,0,,,,37.357119,-121.934805,75,<1ac infill +20; owner +5,ATTOM taxassessor (Santa Clara County),,
2 Santa Clara County,SANTA CLARA COUNTY,,PALO ALTO,132-12-001,6281,0.144,SANTA CLARA,PA,OTHER / UNKNOWN,0,0,0,,,,37.431444,-122.137105,75,<1ac infill +20; owner +5,ATTOM taxassessor (Santa Clara County),,
3 Municipal,SAN JOSE CITY,VIA CINCO DE MAYO,SAN JOSE,589-01-039,6202,0.142,SANTA CLARA,SJ,OTHER / UNKNOWN,0,0,0,,2000-08-22,2000-08-22,37.401753,-121.87911,75,<1ac infill +20; owner +5,ATTOM taxassessor (Santa Clara County),,
3 Municipal,SUNNYVALE CITY,EVELYN AVE,SUNNYVALE,209-04-060,6166,0.142,SANTA CLARA,SU,OTHER / UNKNOWN,0,0,0,,,,37.375238,-122.024708,75,<1ac infill +20; owner +5,ATTOM taxassessor (Santa Clara County),,
2 Santa Clara County,SANTA CLARA COUNTY,,SAN JOSE,678-05-047,6153,0.141,SANTA CLARA,IP,OTHER / UNKNOWN,0,0,0,,,,37.254473,-121.779072,75,<1ac infill +20; owner +5,ATTOM taxassessor (Santa Clara County),,
3 Municipal,PALO ALTO CITY,,PALO ALTO,120-01-001,6135,0.141,SANTA CLARA,PA,OTHER / UNKNOWN,0,0,0,,,1982-07-01,37.453627,-122.162284,75,<1ac infill +20; owner +5,ATTOM taxassessor (Santa Clara County),,
2 Santa Clara County,SANTA CLARA COUNTY,,SAN JOSE,462-02-025,6132,0.000,SANTA CLARA,LI,OTHER / UNKNOWN,0,0,0,,,,37.267193,-121.858254,75,<1ac infill +20; owner +5,ATTOM taxassessor (Santa Clara County),,
3 Municipal,SUNNYVALE CITY,,SUNNYVALE,205-47-001,6024,0.138,SANTA CLARA,SU,OTHER / UNKNOWN,0,0,0,,,,37.376723,-122.019155,75,<1ac infill +20; owner +5,ATTOM taxassessor (Santa Clara County),,
3 Municipal,SAN JOSE CITY,,SAN JOSE,583-69-001,727365,16.698,SANTA CLARA,R1,Residential,0,0,0,,,,37.2015,-121.845433,72,Residential +10; 5-20ac -5; owner +5; zoning R1 +12,ATTOM taxassessor (Santa Clara County),,
3 Municipal,SAN JOSE CITY,,SAN JOSE,414-25-018,448490,10.296,SANTA CLARA,R1,Residential,0,0,0,,,1990-02-12,37.263968,-121.933089,72,Residential +10; 5-20ac -5; owner +5; zoning R1 +12,ATTOM taxassessor (Santa Clara County),,
4 School / Public Ed,GROVE S D OAK,5000 LYNG DR,SAN JOSE,684-19-028,441565,10.137,SANTA CLARA,R1-8,Residential,0,0,0,,,,37.271336,-121.805466,72,Residential +10; 5-20ac -5; owner +5; zoning R1-8 +12,ATTOM taxassessor (Santa Clara County),,
3 Municipal,SAN JOSE CITY,,SAN JOSE,706-44-006,250404,5.749,SANTA CLARA,R1,Residential,0,0,0,,,,37.237897,-121.794511,72,Residential +10; 5-20ac -5; owner +5; zoning R1 +12,ATTOM taxassessor (Santa Clara County),,
3 Municipal,CUPERTINO CITY (CA),22120 STEVENS CREEK BLVD,CUPERTINO,357-09-053,223898,5.140,SANTA CLARA,R1,Residential,0,0,0,,1999-07-01,,37.321656,-122.060992,72,Residential +10; 5-20ac -5; owner +5; zoning R1 +12,ATTOM taxassessor (Santa Clara County),,
4 School / Public Ed,LOS ALTOS SCHOOL DISTRICT,2535 CALIFORNIA ST,MOUNTAIN VIEW,148-22-010,213444,4.900,SANTA CLARA,P,Commercial,0,0,0,,2019-12-12,,37.403736,-122.108581,72,Commercial +5; 1-5ac +12; owner +5,ATTOM taxassessor (Santa Clara County),,
3 Municipal,SANTA CLARA CITY,601 EL CAMINO REAL,SANTA CLARA,230-06-052,209454,4.808,SANTA CLARA,SC,Commercial,0,0,0,,1998-09-24,1998-09-24,37.354108,-121.939028,72,Commercial +5; 1-5ac +12; owner +5,ATTOM taxassessor (Santa Clara County),,
4 School / Public Ed,LOS ALTOS SCHOOL DISTRICT,350 SHOWERS DR,MOUNTAIN VIEW,148-22-012,203860,4.680,SANTA CLARA,P,Commercial,0,0,0,,2019-12-12,,37.403189,-122.10744,72,Commercial +5; 1-5ac +12; owner +5,ATTOM taxassessor (Santa Clara County),,
4 School / Public Ed,PALO ALTO UNIFIED S D,3450 LOUIS RD,PALO ALTO,127-46-050,198429,4.555,SANTA CLARA,PA,Commercial,0,0,0,,,,37.43071,-122.1142,72,Commercial +5; 1-5ac +12; owner +5,ATTOM taxassessor (Santa Clara County),,
4 School / Public Ed,SANTA CLARA UNIFIED S D,471 MONROE ST,SANTA CLARA,269-42-011,197762,4.540,SANTA CLARA,SC,Commercial,0,0,0,,,,37.343225,-121.944292,72,Commercial +5; 1-5ac +12; owner +5,ATTOM taxassessor (Santa Clara County),,
3 Municipal,CITY OF CAMPBELL,1700 DELL AVE,CAMPBELL,424-33-123,194249,4.459,SANTA CLARA,C-M,Commercial,11484241,4534584,16018825,0.395,2022-01-25,2022-01-25,37.26167,-121.956981,72,Commercial +5; 1-5ac +12; owner +5,ATTOM taxassessor (Santa Clara County),,
5 State of California,STATE CALIFORNIA,,SAN JOSE,569-26-005,191105,4.387,SANTA CLARA,,VACANT LAND,0,0,0,,,1990-06-29,37.25069,-121.89732,72,VACANT LAND +25; 1-5ac +12; owner -15,ATTOM taxassessor (Santa Clara County),,
3 Municipal,SAN JOSE CITY (CA),525 W SANTA CLARA ST,SAN JOSE,259-28-043,178940,4.108,SANTA CLARA,SJ,Commercial,0,0,0,,2003-06-26,,37.332801,-121.902102,72,Commercial +5; 1-5ac +12; owner +5,ATTOM taxassessor (Santa Clara County),,
2 Santa Clara County,SANTA CLARA VTA,,SAN JOSE,458-11-034,178804,0.000,SANTA CLARA,,VACANT LAND,0,0,0,,,,37.256466,-121.85977,72,VACANT LAND +25; 1-5ac +12; owner -15,ATTOM taxassessor (Santa Clara County),,
3 Municipal,SANTA CLARA CITY,2250 ROYAL DR,SANTA CLARA,224-18-002,174611,4.009,SANTA CLARA,SC,Commercial,0,0,0,,,,37.356722,-121.964199,72,Commercial +5; 1-5ac +12; owner +5,ATTOM taxassessor (Santa Clara County),,
5 State of California,STATE CALIFORNIA,,SAN JOSE,706-07-019,174240,4.000,SANTA CLARA,M1,VACANT LAND,0,0,0,,2016-07-22,2016-07-22,37.243698,-121.802683,72,VACANT LAND +25; 1-5ac +12; owner -15,ATTOM taxassessor (Santa Clara County),,
4 School / Public Ed,REGENTS OF UNIVERSITY,3175 BOWERS AVE,SANTA CLARA,216-46-002,174240,4.000,SANTA CLARA,ML,Commercial,0,0,0,,2006-07-17,2006-07-17,37.379906,-121.976682,72,Commercial +5; 1-5ac +12; owner +5,ATTOM taxassessor (Santa Clara County),,
3 Municipal,SAN JOSE CITY,14630 NOBLE AVE,SAN JOSE,595-31-001,171663,3.941,SANTA CLARA,SJ,Commercial,0,0,0,,,,37.393598,-121.837172,72,Commercial +5; 1-5ac +12; owner +5,ATTOM taxassessor (Santa Clara County),,
3 Municipal,SUNNYVALE CITY,505 W OLIVE AVE,SUNNYVALE,165-04-020,163350,3.750,SANTA CLARA,O,Commercial,0,0,0,,,,37.372485,-122.038123,72,Commercial +5; 1-5ac +12; owner +5,ATTOM taxassessor (Santa Clara County),,
4 School / Public Ed,CAMPBELL UNION HIGH SCHOOL DISTRICT,51 E CAMPBELL AVE,CAMPBELL,279-38-075,158122,3.630,SANTA CLARA,P-D,Commercial,0,0,0,,2021-07-16,2021-07-16,37.287748,-121.948807,72,Commercial +5; 1-5ac +12; owner +5,ATTOM taxassessor (Santa Clara County),,
2 Santa Clara County,SANTA CLARA COUNTY,750 CURTNER AVE,SAN JOSE,456-25-001,155071,0.000,SANTA CLARA,SJ,Commercial,0,0,0,,,,37.291756,-121.877004,72,Commercial +5; 1-5ac +12; owner +5,ATTOM taxassessor (Santa Clara County),,
3 Municipal,SAN JOSE CITY,485 ASBURY ST,SAN JOSE,259-08-102,153321,3.520,SANTA CLARA,SJ,Commercial,0,0,0,,,1977-11-10,37.344199,-121.911833,72,Commercial +5; 1-5ac +12; owner +5,ATTOM taxassessor (Santa Clara County),,
3 Municipal,SAN JOSE CITY,1700 ALUM ROCK AVE,SAN JOSE,481-18-060,151588,3.480,SANTA CLARA,C3,COMMERCIAL,0,0,0,,,,37.352768,-121.854181,72,COMMERCIAL +5; 1-5ac +12; owner +5,ATTOM taxassessor (Santa Clara County),,
4 School / Public Ed,UNIFIED S D SAN JOSE,855 LENZEN AVE,SAN JOSE,261-04-048,144459,3.316,SANTA CLARA,M1,Commercial,0,0,0,,2000-03-17,2000-03-17,37.335814,-121.911478,72,Commercial +5; 1-5ac +12; owner +5,ATTOM taxassessor (Santa Clara County),,
5 State of California,CALIFORNIA STATE,,SANTA CLARA,290-01-123,140699,3.230,SANTA CLARA,PD,VACANT LAND,0,0,0,,,1973-04-19,37.349851,-121.993904,72,VACANT LAND +25; 1-5ac +12; owner -15,ATTOM taxassessor (Santa Clara County),,
3 Municipal,SAN JOSE CITY,702 GUADALUPE PKWY # PY,SAN JOSE,259-06-054,140263,3.220,SANTA CLARA,SJ,Commercial,0,0,0,,,,37.34832,-121.904112,72,Commercial +5; 1-5ac +12; owner +5,ATTOM taxassessor (Santa Clara County),,
3 Municipal,SAN JOSE CITY,19911 MCKEAN RD,SAN JOSE,742-08-060,133580,3.067,SANTA CLARA,PUB,Commercial,0,0,0,,,1992-05-06,37.199283,-121.82456,72,Commercial +5; 1-5ac +12; owner +5,ATTOM taxassessor (Santa Clara County),,
2 Santa Clara County,COUNTY OF SANTA CLARA,1870 SENTER RD,SAN JOSE,477-20-133,132422,3.040,SANTA CLARA,M4,Commercial,0,0,0,,2021-08-06,2021-08-06,37.316341,-121.855419,72,Commercial +5; 1-5ac +12; owner +5,ATTOM taxassessor (Santa Clara County),,
3 Municipal,SAN JOSE CITY (CA),525 W SANTA CLARA ST,SAN JOSE,259-37-060,131836,3.027,SANTA CLARA,M4,Commercial,0,0,0,,2003-06-26,,37.332966,-121.900866,72,Commercial +5; 1-5ac +12; owner +5,ATTOM taxassessor (Santa Clara County),,
2 Santa Clara County,COUNTY OF SANTA CLARA,1055 BLOSSOM HILL RD,SAN JOSE,458-15-022,129740,2.978,SANTA CLARA,CP,Commercial,4476940,10479612,14956552,2.341,2009-12-30,2009-12-30,37.251489,-121.873824,72,Commercial +5; 1-5ac +12; owner +5,ATTOM taxassessor (Santa Clara County),,
2 Santa Clara County,SANTA CLARA VTA,,SAN JOSE,462-14-017,114676,2.633,SANTA CLARA,,VACANT LAND,0,0,0,,2003-12-04,2003-12-04,37.273349,-121.86187,72,VACANT LAND +25; 1-5ac +12; owner -15,ATTOM taxassessor (Santa Clara County),,
2 Santa Clara County,SANTA CLARA COUNTY,2450 SENTER RD,SAN JOSE,497-41-100,111513,2.560,SANTA CLARA,PQP,COMMERCIAL,0,0,0,,2003-12-04,2003-12-04,37.306978,-121.845583,72,COMMERCIAL +5; 1-5ac +12; owner +5,ATTOM taxassessor (Santa Clara County),,
2 Santa Clara County,SANTA CLARA VTA,,SAN JOSE,462-14-019,110949,2.547,SANTA CLARA,,VACANT LAND,0,0,0,,2003-12-04,2003-12-04,37.272083,-121.861386,72,VACANT LAND +25; 1-5ac +12; owner -15,ATTOM taxassessor (Santa Clara County),,
4 School / Public Ed,S D MORELAND,4711 CAMPBELL AVE,SAN JOSE,307-13-002,108214,2.484,SANTA CLARA,SJ,Commercial,0,0,0,,,,37.28905,-121.985571,72,Commercial +5; 1-5ac +12; owner +5,ATTOM taxassessor (Santa Clara County),,
3 Municipal,SANTA CLARA CITY,2330 MONROE ST,SANTA CLARA,224-37-068,107767,2.474,SANTA CLARA,PD,COMMERCIAL,0,0,0,,2019-02-14,2019-02-14,37.362496,-121.966561,72,COMMERCIAL +5; 1-5ac +12; owner +5,ATTOM taxassessor (Santa Clara County),,
3 Municipal,SAN JOSE CITY,1701 AIRPORT BLVD,SAN JOSE,230-46-065,104604,2.401,SANTA CLARA,SJ,Commercial,0,0,0,,,,37.358399,-121.923006,72,Commercial +5; 1-5ac +12; owner +5,ATTOM taxassessor (Santa Clara County),,
3 Municipal,SUNNYVALE CITY,,SUNNYVALE,165-02-005,102000,2.342,SANTA CLARA,SU,Commercial,0,0,0,,,1975-05-14,37.369898,-122.037628,72,Commercial +5; 1-5ac +12; owner +5,ATTOM taxassessor (Santa Clara County),,
3 Municipal,PALO ALTO CITY (CA),300 HOMER AVE,PALO ALTO,120-17-093,100000,2.296,SANTA CLARA,PC,Commercial,0,0,0,,2000-07-19,,37.443894,-122.156912,72,Commercial +5; 1-5ac +12; owner +5,ATTOM taxassessor (Santa Clara County),,
2 Santa Clara County,COUNTY OF SANTA CLARA,93 N 17TH ST,SAN JOSE,467-14-082,99752,2.290,SANTA CLARA,C3,Commercial,0,0,0,,2010-01-27,2010-01-27,37.344454,-121.875469,72,Commercial +5; 1-5ac +12; owner +5,ATTOM taxassessor (Santa Clara County),,
3 Municipal,SAN JOSE CITY,45 N MARKET ST,SAN JOSE,259-34-039,97574,2.240,SANTA CLARA,CG,Commercial,0,0,0,,2007-10-02,2007-10-02,37.336481,-121.893396,72,Commercial +5; 1-5ac +12; owner +5,ATTOM taxassessor (Santa Clara County),,
1 Federal,UNITED STATES AMER,,MOUNTAIN VIEW,015-36-023,87120,2.000,SANTA CLARA,F,VACANT LAND,0,0,0,,,2003-03-06,37.452265,-122.082762,72,VACANT LAND +25; 1-5ac +12; zoning F -15,ATTOM taxassessor (Santa Clara County),,
3 Municipal,REDEV AGENCY CITY SUNNYVALE,330 S MURPHY AVE,SUNNYVALE,209-35-014,85125,1.954,SANTA CLARA,C3,Commercial,39,39,78,1.000,,2007-10-01,37.373263,-122.031074,72,Commercial +5; 1-5ac +12; owner +5,ATTOM taxassessor (Santa Clara County),,
3 Municipal,SAN JOSE CITY (CA),1450 BLOSSOM HILL RD,SAN JOSE,567-71-058,85050,1.953,SANTA CLARA,SJ,Commercial,0,0,0,,1997-07-02,,37.240185,-121.892488,72,Commercial +5; 1-5ac +12; owner +5,ATTOM taxassessor (Santa Clara County),,
2 Santa Clara County,SANTA CLARA COUNTY,101 SKYPORT DR,SAN JOSE,230-29-017,84070,1.930,SANTA CLARA,M1,Commercial,0,0,0,,1996-10-02,,37.366609,-121.915429,72,Commercial +5; 1-5ac +12; owner +5,ATTOM taxassessor (Santa Clara County),,
4 School / Public Ed,UNION SCHOOL DISTRICT,5175 UNION AVE,SAN JOSE,421-20-028,81108,1.862,SANTA CLARA,,Commercial,0,0,0,,,,37.244027,-121.93179,72,Commercial +5; 1-5ac +12; owner +5,ATTOM taxassessor (Santa Clara County),,
2 Santa Clara County,COUNTY OF SANTA CLARA,2450 S BASCOM AVE,CAMPBELL,412-20-048,81021,1.860,SANTA CLARA,C1,Commercial,0,0,0,,2015-04-27,2015-04-27,37.2786,-121.93123,72,Commercial +5; 1-5ac +12; owner +5,ATTOM taxassessor (Santa Clara County),,
2 Santa Clara County,COUNTY OF SANTA CLARA,,SAN JOSE,282-43-015,80901,1.857,SANTA CLARA,C,Commercial,0,0,0,,2014-02-05,,37.31425,-121.931147,72,Commercial +5; 1-5ac +12; owner +5,ATTOM taxassessor (Santa Clara County),,
5 State of California,CALIFORNIA STATE,,SAN JOSE,706-01-066,80586,1.850,SANTA CLARA,IP,VACANT LAND,0,0,0,,,1982-04-16,37.229614,-121.778017,72,VACANT LAND +25; 1-5ac +12; owner -15,ATTOM taxassessor (Santa Clara County),,
3 Municipal,SAN JOSE CITY,1455 AIRPORT BLVD,SAN JOSE,230-46-046,77101,1.770,SANTA CLARA,SJ,Commercial,0,0,0,,,,37.359128,-121.917863,72,Commercial +5; 1-5ac +12; owner +5,ATTOM taxassessor (Santa Clara County),,
2 Santa Clara County,SANTA CLARA VALLEY TRANS AUTHORITY,,SAN JOSE,254-17-082,76342,1.753,SANTA CLARA,SJ,VACANT LAND,0,0,0,,2023-07-11,,37.366151,-121.873947,72,VACANT LAND +25; 1-5ac +12; owner -15,ATTOM taxassessor (Santa Clara County),,
4 School / Public Ed,SAN JOSE STATE UNIVERSITY FOUN,1393 S 7TH ST,SAN JOSE,477-06-003,75794,1.740,SANTA CLARA,M1H,Commercial,0,0,0,,1999-06-17,1993-09-21,37.318637,-121.86957,72,Commercial +5; 1-5ac +12; owner +5,ATTOM taxassessor (Santa Clara County),,
2 Santa Clara County,SANTA CLARA COUNTY,101 JOSE FIGUERES AVE,SAN JOSE,481-07-037,75358,1.730,SANTA CLARA,M1H,Commercial,0,0,0,,,1988-12-19,37.358479,-121.848579,72,Commercial +5; 1-5ac +12; owner +5,ATTOM taxassessor (Santa Clara County),,
3 Municipal,MT VIEW CITY,210 SAN ANTONIO CIR,MOUNTAIN VIEW,148-15-012,73529,1.688,SANTA CLARA,P(8),COMMERCIAL,0,0,0,,,1974-07-08,37.407809,-122.110268,72,COMMERCIAL +5; 1-5ac +12; owner +5,ATTOM taxassessor (Santa Clara County),,
3 Municipal,SAN JOSE CITY (CA),525 W SANTA CLARA ST,SAN JOSE,259-28-044,72745,1.670,SANTA CLARA,SJ,Commercial,0,0,0,,2003-06-26,,37.33276,-121.903104,72,Commercial +5; 1-5ac +12; owner +5,ATTOM taxassessor (Santa Clara County),,
3 Municipal,CITY OF MOUNTAIN VIEW,1325 PEAR AVE,MOUNTAIN VIEW,116-14-134,72444,1.663,SANTA CLARA,MM4,COMMERCIAL,3283797,9284971,12568768,2.828,2008-10-17,2008-10-17,37.414896,-122.076079,72,COMMERCIAL +5; 1-5ac +12; owner +5,ATTOM taxassessor (Santa Clara County),,
3 Municipal,CITY OF SUNNYVALE,200 W EVELYN AVE,SUNNYVALE,209-07-025,70567,1.620,SANTA CLARA,SU,Commercial,0,0,0,,2018-06-29,,37.377805,-122.031618,72,Commercial +5; 1-5ac +12; owner +5,ATTOM taxassessor (Santa Clara County),,
2 Santa Clara County,SANTA CLARA COUNTY,705 CAPITOL EXPRESSWAY AUTO MALL,SAN JOSE,459-05-030,67882,1.558,SANTA CLARA,C,Commercial,0,0,0,,1998-12-23,1998-12-23,37.275284,-121.864381,72,Commercial +5; 1-5ac +12; owner +5,ATTOM taxassessor (Santa Clara County),,
3 Municipal,SAN JOSE CITY,,SAN JOSE,481-18-059,67518,1.550,SANTA CLARA,C3,COMMERCIAL,0,0,0,,,,37.351878,-121.85406,72,COMMERCIAL +5; 1-5ac +12; owner +5,ATTOM taxassessor (Santa Clara County),,
3 Municipal,SAN JOSE CITY,1488 N 1ST ST,SAN JOSE,235-02-034,65981,1.515,SANTA CLARA,C2,Commercial,0,0,0,,2020-10-30,2020-10-30,37.364553,-121.910247,72,Commercial +5; 1-5ac +12; owner +5,ATTOM taxassessor (Santa Clara County),,
2 Santa Clara County,COUNTY OF SANTA CLARA,10591 N DE ANZA BLVD,CUPERTINO,326-10-054,65776,1.510,SANTA CLARA,PCMR4,Commercial,0,0,0,,2021-06-25,2021-06-25,37.331563,-122.033188,72,Commercial +5; 1-5ac +12; owner +5,ATTOM taxassessor (Santa Clara County),,
3 Municipal,SAN JOSE CITY,405 W SANTA CLARA ST,SAN JOSE,259-37-043,64033,1.470,SANTA CLARA,M2,Commercial,0,0,0,,2002-01-03,2002-01-03,37.332705,-121.899321,72,Commercial +5; 1-5ac +12; owner +5,ATTOM taxassessor (Santa Clara County),,
3 Municipal,SUNNYVALE CITY,388 CHARLES ST,SUNNYVALE,165-13-078,63249,1.452,SANTA CLARA,DSP,COMMERCIAL,0,0,0,,,,37.373987,-122.035936,72,COMMERCIAL +5; 1-5ac +12; owner +5,ATTOM taxassessor (Santa Clara County),,
2 Santa Clara County,SANTA CLARA COUNTY HOUSING AUTHORIT,1550 N 1ST ST,SAN JOSE,235-02-033,61811,1.419,SANTA CLARA,CG,Commercial,3101996,732885,3834881,0.236,2023-09-29,2023-09-29,37.364112,-121.910639,72,Commercial +5; 1-5ac +12; owner +5,ATTOM taxassessor (Santa Clara County),,
2 Santa Clara County,SANTA CLARA COUNTY TRANSIT DIST,580 E MIDDLEFIELD RD,MOUNTAIN VIEW,160-60-014,60766,1.395,SANTA CLARA,MV,VACANT LAND,0,0,0,,,1995-02-28,37.402248,-122.049779,72,VACANT LAND +25; 1-5ac +12; owner -15,ATTOM taxassessor (Santa Clara County),,
5 State of California,STATE CALIFORNIA,,SAN JOSE,237-05-059,59726,1.371,SANTA CLARA,CG,VACANT LAND,0,0,0,,,,37.381287,-121.902999,72,VACANT LAND +25; 1-5ac +12; owner -15,ATTOM taxassessor (Santa Clara County),,
2 Santa Clara County,SANTA CLARA VTA,,SAN JOSE,434-13-037,59420,0.000,SANTA CLARA,,VACANT LAND,0,0,0,,2008-12-22,,37.312377,-121.886267,72,VACANT LAND +25; 1-5ac +12; owner -15,ATTOM taxassessor (Santa Clara County),,
3 Municipal,CITY OF SAN JOSE,1098 S 3RD ST,SAN JOSE,472-15-023,59247,1.360,SANTA CLARA,HI,Commercial,0,0,0,,2015-07-10,2015-07-10,37.321328,-121.875728,72,Commercial +5; 1-5ac +12; owner +5,ATTOM taxassessor (Santa Clara County),,
2 Santa Clara County,SANTA CLARA COUNTY,2505 CUNNINGHAM AVE,SAN JOSE,491-15-019,57553,1.321,SANTA CLARA,IP,Commercial,0,0,0,,,1964-02-24,37.336599,-121.820265,72,Commercial +5; 1-5ac +12; owner +5,ATTOM taxassessor (Santa Clara County),,
3 Municipal,CITY OF SUNNYVALE,970 W EVELYN AVE,SUNNYVALE,165-20-017,57063,1.310,SANTA CLARA,M1,Commercial,0,0,0,,2021-11-18,2021-11-18,37.382288,-122.043954,72,Commercial +5; 1-5ac +12; owner +5,ATTOM taxassessor (Santa Clara County),,
2 Santa Clara County,SANTA CLARA COUNTY (CA),2101 ALEXIAN DR,SAN JOSE,481-06-038,55720,1.279,SANTA CLARA,C1,Commercial,0,0,0,,1998-06-30,,37.359635,-121.848357,72,Commercial +5; 1-5ac +12; owner +5,ATTOM taxassessor (Santa Clara County),,
4 School / Public Ed,LOS ALTOS SCHOOL DISTRICT,435 SAN ANTONIO RD,MOUNTAIN VIEW,148-22-009,55321,1.270,SANTA CLARA,P,Commercial,0,0,0,,2019-12-12,,37.404306,-122.108782,72,Commercial +5; 1-5ac +12; owner +5,ATTOM taxassessor (Santa Clara County),,
3 Municipal,PALO ALTO CITY,,PALO ALTO,124-29-016,55146,1.266,SANTA CLARA,CC,Commercial,0,0,0,,,,37.427493,-122.142783,72,Commercial +5; 1-5ac +12; owner +5,ATTOM taxassessor (Santa Clara County),,
4 School / Public Ed,SIDE UNION H S D EAST,735 CAPITOL EXPRESSWAY AUTO MALL,SAN JOSE,459-05-033,53143,1.220,SANTA CLARA,C1,Commercial,0,0,0,,,1972-11-20,37.275501,-121.865949,72,Commercial +5; 1-5ac +12; owner +5,ATTOM taxassessor (Santa Clara County),,
3 Municipal,SUNNYVALE CITY,130 S FRANCES ST,SUNNYVALE,209-06-073,52250,1.200,SANTA CLARA,C,Commercial,0,0,0,,,1983-12-07,37.377136,-122.030829,72,Commercial +5; 1-5ac +12; owner +5,ATTOM taxassessor (Santa Clara County),,
2 Santa Clara County,SANTA CLARA VTA,,SAN JOSE,592-01-025,51547,1.183,SANTA CLARA,,VACANT LAND,0,0,0,,,2003-01-31,37.382399,-121.85465,72,VACANT LAND +25; 1-5ac +12; owner -15,ATTOM taxassessor (Santa Clara County),,
5 State of California,STATE OF CALIFORNIA DEPT OF TRUST,,SAN JOSE,462-15-038,51448,0.000,SANTA CLARA,MT,VACANT LAND,0,0,0,,2009-10-13,,37.276009,-121.862312,72,VACANT LAND +25; 1-5ac +12; owner -15,ATTOM taxassessor (Santa Clara County),,
2 Santa Clara County,SANTA CLARA COUNTY,,SAN JOSE,456-09-018,49789,1.143,SANTA CLARA,MI,Commercial,0,0,0,,1998-03-02,1998-03-02,37.29539,-121.875561,72,Commercial +5; 1-5ac +12; owner +5,ATTOM taxassessor (Santa Clara County),,
3 Municipal,SAN JOSE CITY,1277 AIRPORT BLVD,SAN JOSE,230-46-019,49363,1.133,SANTA CLARA,SJ,Commercial,0,0,0,,,,37.355945,-121.914718,72,Commercial +5; 1-5ac +12; owner +5,ATTOM taxassessor (Santa Clara County),,
2 Santa Clara County,COUNTY OF SANTA CLARA,3550 EL CAMINO REAL,SANTA CLARA,290-01-113,48787,1.120,SANTA CLARA,CT,Commercial,0,0,0,,2022-01-12,2022-01-10,37.351765,-121.993954,72,Commercial +5; 1-5ac +12; owner +5,ATTOM taxassessor (Santa Clara County),,
3 Municipal,SAN JOSE CITY,1253 AIRPORT BLVD,SAN JOSE,230-46-018,47916,1.100,SANTA CLARA,SJ,Commercial,0,0,0,,,,37.35552,-121.9144,72,Commercial +5; 1-5ac +12; owner +5,ATTOM taxassessor (Santa Clara County),,
2 Santa Clara County,SANTA CLARA COUNTY,2505 CUNNINGHAM AVE,SAN JOSE,491-15-018,45573,1.046,SANTA CLARA,IP,Commercial,0,0,0,,1994-05-27,1994-05-27,37.336963,-121.819728,72,Commercial +5; 1-5ac +12; owner +5,ATTOM taxassessor (Santa Clara County),,
3 Municipal,MT VIEW CITY,135 FRANKLIN ST,MOUNTAIN VIEW,158-15-025,44867,1.030,SANTA CLARA,P(19),COMMERCIAL,0,0,0,,,1976-12-08,37.395408,-122.080346,72,COMMERCIAL +5; 1-5ac +12; owner +5,ATTOM taxassessor (Santa Clara County),,
3 Municipal,SAN JOSE CITY,1535 W SAN CARLOS ST,SAN JOSE,274-42-209,43638,1.002,SANTA CLARA,M1,COMMERCIAL,0,0,0,,2015-10-16,2015-10-16,37.323763,-121.918167,72,COMMERCIAL +5; 1-5ac +12; owner +5,ATTOM taxassessor (Santa Clara County),,
3 Municipal,CITY OF SAN JOSE,,SAN JOSE,254-04-107,43560,1.000,SANTA CLARA,LI,COMMERCIAL,0,0,0,,2017-12-05,2017-12-05,37.365949,-121.866359,72,COMMERCIAL +5; 1-5ac +12; owner +5,ATTOM taxassessor (Santa Clara County),,
2 Santa Clara County,COUNTY OF SANTA CLARA,2250 EL CAMINO REAL,SANTA CLARA,290-10-072,43560,1.000,SANTA CLARA,PD,Commercial,0,0,0,,2020-03-13,2020-03-13,37.351914,-121.963956,72,Commercial +5; 1-5ac +12; owner +5,ATTOM taxassessor (Santa Clara County),,
1 Federal,UNITED STATES AMERICA,,SAN JOSE,015-30-105,784080,18.000,SANTA CLARA,LI,VACANT LAND,0,0,0,,,,37.432344,-121.96001,70,VACANT LAND +25; 5-20ac -5,ATTOM taxassessor (Santa Clara County),,
1 Federal,UNITED STATES POSTAL SERVICE,,PALO ALTO,120-16-002,33978,0.780,SANTA CLARA,PA,OTHER / UNKNOWN,0,0,0,,,1977-06-17,37.445822,-122.15916,70,<1ac infill +20,ATTOM taxassessor (Santa Clara County),,
3 Municipal,SAN JOSE CITY (CA),3277 CAPRIANA CIR,SAN JOSE,660-53-079,29772,0.683,SANTA CLARA,A-PD,Residential,0,0,0,,2001-04-11,1997-04-15,37.308521,-121.759483,70,Residential +10; <1ac infill +20; owner +5; zoning A-PD -15,ATTOM taxassessor (Santa Clara County),,
1 Federal,UNITED STATES POSTAL SERVICE,1200 FRANKLIN MALL,SANTA CLARA,269-22-112,24458,0.561,SANTA CLARA,SC,OTHER / UNKNOWN,0,0,0,,,,37.348509,-121.947122,70,<1ac infill +20,ATTOM taxassessor (Santa Clara County),,
3 Municipal,SAN JOSE CITY,,SAN JOSE,660-68-015,24226,0.556,SANTA CLARA,A,Residential,0,0,0,,,,37.307708,-121.757233,70,Residential +10; <1ac infill +20; owner +5; zoning A -15,ATTOM taxassessor (Santa Clara County),,
5 State of California,STATE OF CA DEPT OF TRANSPTN,,SAN JOSE,230-39-132,19618,0.450,SANTA CLARA,,OTHER / UNKNOWN,0,0,0,,2010-09-01,,37.347225,-121.91572,70,<1ac infill +20,ATTOM taxassessor (Santa Clara County),,
3 Municipal,CITY OF CUPERTINO,7752 ORION LN,CUPERTINO,362-18-008,18000,0.413,SANTA CLARA,A,Residential,2585394,119646,2705040,0.046,2024-02-09,2020-07-08,37.306859,-122.042487,70,Residential +10; <1ac infill +20; owner +5; zoning A -15,ATTOM taxassessor (Santa Clara County),,
3 Municipal,SAN JOSE CITY (CA),,SAN JOSE,660-53-062,16832,0.386,SANTA CLARA,A,Residential,0,0,0,,2001-04-11,,37.30867,-121.75855,70,Residential +10; <1ac infill +20; owner +5; zoning A -15,ATTOM taxassessor (Santa Clara County),,
2 Santa Clara County,SANTA CLARA COUNTY,14751 PENITENCIA CREEK RD,SAN JOSE,595-31-027,14810,0.340,SANTA CLARA,A,Residential,0,0,0,,,1982-12-29,37.392164,-121.83651,70,Residential +10; <1ac infill +20; owner +5; zoning A -15,ATTOM taxassessor (Santa Clara County),,
3 Municipal,SAN JOSE CITY,,SAN JOSE,660-54-018,12652,0.290,SANTA CLARA,A,Residential,0,0,0,,,,37.310733,-121.75888,70,Residential +10; <1ac infill +20; owner +5; zoning A -15,ATTOM taxassessor (Santa Clara County),,
3 Municipal,SAN JOSE CITY,,SAN JOSE,259-53-037,12615,0.290,SANTA CLARA,APD,Residential,0,0,0,,2003-02-27,2003-02-27,37.342432,-121.895667,70,Residential +10; <1ac infill +20; owner +5; zoning APD -15,ATTOM taxassessor (Santa Clara County),,
3 Municipal,SAN JOSE CITY,,SAN JOSE,660-53-013,10313,0.237,SANTA CLARA,A,Residential,0,0,0,,,,37.308144,-121.762116,70,Residential +10; <1ac infill +20; owner +5; zoning A -15,ATTOM taxassessor (Santa Clara County),,
5 State of California,CALIFORNIA STATE,,SAN JOSE,434-30-023,135503,3.111,SANTA CLARA,R12,Residential,0,0,0,,,1985-12-06,37.304821,-121.879292,69,Residential +10; 1-5ac +12; owner -15; zoning R12 +12,ATTOM taxassessor (Santa Clara County),,
2 Santa Clara County,SANTA CLARA COUNTY TRANSIT DIST,,SAN JOSE,462-14-021,111494,2.560,SANTA CLARA,R324,Residential,0,0,0,,,1985-01-02,37.27376,-121.861052,69,Residential +10; 1-5ac +12; owner -15; zoning R324 +12,ATTOM taxassessor (Santa Clara County),,
5 State of California,CALIFORNIA STATE,,SAN JOSE,456-26-017,110985,2.548,SANTA CLARA,R1-8,Residential,0,0,0,,,,37.292118,-121.871841,69,Residential +10; 1-5ac +12; owner -15; zoning R1-8 +12,ATTOM taxassessor (Santa Clara County),,
5 State of California,STATE CALIFORNIA,2390 CANOAS GARDEN AVE,SAN JOSE,456-26-018,108277,2.486,SANTA CLARA,R1-8,Residential,0,0,0,,,,37.291317,-121.871504,69,Residential +10; 1-5ac +12; owner -15; zoning R1-8 +12,ATTOM taxassessor (Santa Clara County),,
5 State of California,STATE OF CALIFORNIA,,SAN JOSE,456-26-002,108199,2.484,SANTA CLARA,R1AB,Residential,0,0,0,,2008-12-22,,37.293618,-121.872519,69,Residential +10; 1-5ac +12; owner -15; zoning R1AB +12,ATTOM taxassessor (Santa Clara County),,
5 State of California,CALIFORNIA STATE,,SAN JOSE,419-38-103,89298,2.050,SANTA CLARA,R1,Residential,0,0,0,,,,37.250552,-121.920511,69,Residential +10; 1-5ac +12; owner -15; zoning R1 +12,ATTOM taxassessor (Santa Clara County),,
2 Santa Clara County,SANTA CLARA COUNTY TRANSIT DIST,,SAN JOSE,462-14-023,56655,1.301,SANTA CLARA,R324,Residential,0,0,0,,,1985-01-02,37.273427,-121.86043,69,Residential +10; 1-5ac +12; owner -15; zoning R324 +12,ATTOM taxassessor (Santa Clara County),,
5 State of California,CALIFORNIA STATE,1513 VAN DUSEN LN,CAMPBELL,403-19-131,55585,1.276,SANTA CLARA,ROW,Residential,0,0,0,,,1988-09-13,37.265525,-121.980954,69,Residential +10; 1-5ac +12; owner -15; zoning ROW +12,ATTOM taxassessor (Santa Clara County),,
2 Santa Clara County,SANTA CLARA VTA,,SAN JOSE,456-26-028,51064,1.172,SANTA CLARA,R1-8,Residential,0,0,0,,2008-12-22,,37.291647,-121.872654,69,Residential +10; 1-5ac +12; owner -15; zoning R1-8 +12,ATTOM taxassessor (Santa Clara County),,
2 Santa Clara County,SANTA CLARA COUNTY,,SAN JOSE,678-02-034,2746341,63.047,SANTA CLARA,R1B6,VACANT LAND,0,0,0,,,,37.231499,-121.757122,67,VACANT LAND +25; 20-100ac big -25; owner +5; zoning R1B6 +12,ATTOM taxassessor (Santa Clara County),,
2 Santa Clara County,SANTA CLARA COUNTY,,CUPERTINO,351-10-042,2250048,51.654,SANTA CLARA,R1,VACANT LAND,0,0,0,,,,37.303805,-122.072137,67,VACANT LAND +25; 20-100ac big -25; owner +5; zoning R1 +12,ATTOM taxassessor (Santa Clara County),,
3 Municipal,SAN JOSE CITY,,SAN JOSE,680-32-034,1593860,36.590,SANTA CLARA,R1,VACANT LAND,0,0,0,,,,37.291587,-121.769464,67,VACANT LAND +25; 20-100ac big -25; owner +5; zoning R1 +12,ATTOM taxassessor (Santa Clara County),,
3 Municipal,SAN JOSE CITY,1694 ADRIAN WAY,SAN JOSE,486-29-027,643736,0.000,SANTA CLARA,R1-8,Commercial,0,0,0,,,,37.33883,-121.825281,67,Commercial +5; 5-20ac -5; owner +5; zoning R1-8 +12,ATTOM taxassessor (Santa Clara County),,
4 School / Public Ed,GROVE S D OAK,255 AZUCAR AVE,SAN JOSE,684-37-002,537037,12.329,SANTA CLARA,R1-8,Commercial,0,0,0,,,,37.262422,-121.803915,67,Commercial +5; 5-20ac -5; owner +5; zoning R1-8 +12,ATTOM taxassessor (Santa Clara County),,
4 School / Public Ed,UNION S D ALMADEN,19950 MCKEAN RD,SAN JOSE,701-32-006,448269,10.291,SANTA CLARA,R1-20,Commercial,0,0,0,,,,37.201131,-121.825536,67,Commercial +5; 5-20ac -5; owner +5; zoning R1-20 +12,ATTOM taxassessor (Santa Clara County),,
4 School / Public Ed,S D UNION,1855 LENCAR WAY,SAN JOSE,419-15-055,446979,10.261,SANTA CLARA,R1-8,Commercial,0,0,0,,,,37.256575,-121.91971,67,Commercial +5; 5-20ac -5; owner +5; zoning R1-8 +12,ATTOM taxassessor (Santa Clara County),,
4 School / Public Ed,S D MORELAND,3750 GLEASON AVE,CAMPBELL,307-32-011,442643,10.162,SANTA CLARA,R1-8,Commercial,0,0,0,,,,37.296404,-121.967319,67,Commercial +5; 5-20ac -5; owner +5; zoning R1-8 +12,ATTOM taxassessor (Santa Clara County),,
4 School / Public Ed,UNION S D BERRYESSA,2095 WARMWOOD LN,SAN JOSE,092-19-011,432774,9.935,SANTA CLARA,R-1-8,Commercial,0,0,0,,,,37.413767,-121.8718,67,Commercial +5; 5-20ac -5; owner +5; zoning R-1-8 +12,ATTOM taxassessor (Santa Clara County),,
4 School / Public Ed,ROCK UNION S D ALUM,1300 TALLAHASSEE DR,SAN JOSE,486-35-002,425059,9.758,SANTA CLARA,R1-8,Commercial,0,0,0,,,,37.345013,-121.829381,67,Commercial +5; 5-20ac -5; owner +5; zoning R1-8 +12,ATTOM taxassessor (Santa Clara County),,
4 School / Public Ed,MCKINLEY S D FRANKLIN,300 EL CAJON DR,SAN JOSE,494-38-029,422600,9.702,SANTA CLARA,R1-8,Commercial,0,0,0,,,,37.282231,-121.830217,67,Commercial +5; 5-20ac -5; owner +5; zoning R1-8 +12,ATTOM taxassessor (Santa Clara County),,
4 School / Public Ed,ROCK UNION S D ALUM,1290 BAL HARBOR WAY,SAN JOSE,486-18-057,417396,9.582,SANTA CLARA,R1-8,Commercial,0,0,0,,,,37.339801,-121.836943,67,Commercial +5; 5-20ac -5; owner +5; zoning R1-8 +12,ATTOM taxassessor (Santa Clara County),,
4 School / Public Ed,UNION S D BERRYESSA,2760 E TRIMBLE RD,SAN JOSE,092-03-001,412738,9.475,SANTA CLARA,R-1-8,Commercial,0,0,0,,,,37.408473,-121.881122,67,Commercial +5; 5-20ac -5; owner +5; zoning R-1-8 +12,ATTOM taxassessor (Santa Clara County),,
4 School / Public Ed,ROCK UNION S D ALUM,1680 FOLEY AVE,SAN JOSE,486-02-052,410907,9.433,SANTA CLARA,R1-8,Commercial,0,0,0,,,,37.330775,-121.838966,67,Commercial +5; 5-20ac -5; owner +5; zoning R1-8 +12,ATTOM taxassessor (Santa Clara County),,
4 School / Public Ed,UNION S D BERRYESSA,3435 BIRCHWOOD LN,SAN JOSE,092-27-025,409662,9.405,SANTA CLARA,R-1-8,Commercial,0,0,0,,,,37.417648,-121.863557,67,Commercial +5; 5-20ac -5; owner +5; zoning R-1-8 +12,ATTOM taxassessor (Santa Clara County),,
4 School / Public Ed,S D UNION,1921 CLARINDA WAY,SAN JOSE,419-35-082,407286,9.350,SANTA CLARA,R1-8,Commercial,0,0,0,,,,37.245809,-121.924835,67,Commercial +5; 5-20ac -5; owner +5; zoning R1-8 +12,ATTOM taxassessor (Santa Clara County),,
4 School / Public Ed,SUNNYVALE SCHOOL DISTRICT,TASMAN CT,SUNNYVALE,110-31-002,405108,9.300,SANTA CLARA,RMH,COMMERCIAL,0,0,0,,,,37.400723,-122.006849,67,COMMERCIAL +5; 5-20ac -5; owner +5; zoning RMH +12,ATTOM taxassessor (Santa Clara County),,
4 School / Public Ed,UNION S D CUPERTINO,6560 HANOVER DR,SAN JOSE,373-15-014,404897,9.295,SANTA CLARA,R1-8,Commercial,0,0,0,,,,37.299033,-122.019318,67,Commercial +5; 5-20ac -5; owner +5; zoning R1-8 +12,ATTOM taxassessor (Santa Clara County),,
3 Municipal,SANTA CLARA CITY,4929 MARIE P DEBARTOLO WAY,SANTA CLARA,104-43-057,397790,9.132,SANTA CLARA,RIA,COMMERCIAL,0,0,0,,,,37.403446,-121.966837,67,COMMERCIAL +5; 5-20ac -5; owner +5; zoning RIA +12,ATTOM taxassessor (Santa Clara County),,
4 School / Public Ed,GROVE S D OAK,5345 AVENIDA ALMENDROS,SAN JOSE,464-08-001,394266,9.051,SANTA CLARA,R1-8,Commercial,0,0,0,,,,37.25733,-121.836114,67,Commercial +5; 5-20ac -5; owner +5; zoning R1-8 +12,ATTOM taxassessor (Santa Clara County),,
4 School / Public Ed,SAN JOSE UNIFIED S D,1280 KOCH LN,SAN JOSE,439-43-043,390771,8.971,SANTA CLARA,R1-8,Commercial,0,0,0,,,,37.279773,-121.887263,67,Commercial +5; 5-20ac -5; owner +5; zoning R1-8 +12,ATTOM taxassessor (Santa Clara County),,
4 School / Public Ed,ROCK UNION S D ALUM,1241 MCGINNESS AVE,SAN JOSE,488-06-001,389190,8.935,SANTA CLARA,R1-8,Commercial,0,0,0,,,1984-10-24,37.349528,-121.823556,67,Commercial +5; 5-20ac -5; owner +5; zoning R1-8 +12,ATTOM taxassessor (Santa Clara County),,
4 School / Public Ed,S D MORELAND,4250 LATIMER AVE,SAN JOSE,307-19-024,388555,8.920,SANTA CLARA,R1-8,Commercial,0,0,0,,1998-12-30,1998-12-30,37.292391,-121.978038,67,Commercial +5; 5-20ac -5; owner +5; zoning R1-8 +12,ATTOM taxassessor (Santa Clara County),,
3 Municipal,SAN JOSE CITY,1351 LIGHTLAND RD,SAN JOSE,494-64-045,385942,8.860,SANTA CLARA,R1-8P,Commercial,0,0,0,,,1976-09-15,37.295823,-121.81202,67,Commercial +5; 5-20ac -5; owner +5; zoning R1-8P +12,ATTOM taxassessor (Santa Clara County),,
4 School / Public Ed,UNION S D BERRYESSA,2550 GREENGATE DR,SAN JOSE,589-19-043,287693,6.605,SANTA CLARA,R1-8,Commercial,0,0,0,,,,37.393657,-121.864348,67,Commercial +5; 5-20ac -5; owner +5; zoning R1-8 +12,ATTOM taxassessor (Santa Clara County),,
2 Santa Clara County,SANTA CLARA COUNTY,2425 ENBORG LN,SAN JOSE,282-03-016,260905,5.990,SANTA CLARA,R1-8,Commercial,0,0,0,,,1988-08-02,37.311961,-121.937551,67,Commercial +5; 5-20ac -5; owner +5; zoning R1-8 +12,ATTOM taxassessor (Santa Clara County),,
2 Santa Clara County,SANTA CLARA COUNTY,21350 ALMADEN RD,SAN JOSE,583-18-044,241322,5.540,SANTA CLARA,RR-H1,Commercial,0,0,0,,2001-02-21,2001-02-21,37.178478,-121.819006,67,Commercial +5; 5-20ac -5; owner +5; zoning RR-H1 +12,ATTOM taxassessor (Santa Clara County),,
3 Municipal,SAN JOSE CITY,,SAN JOSE,684-02-008,216963,4.981,SANTA CLARA,SJ,OTHER / UNKNOWN,0,0,0,,,,37.273784,-121.828335,67,1-5ac +12; owner +5,ATTOM taxassessor (Santa Clara County),,
2 Santa Clara County,SANTA CLARA COUNTY,,SAN JOSE,459-28-005,216718,0.000,SANTA CLARA,SJ,OTHER / UNKNOWN,0,0,0,,,,37.270091,-121.861803,67,1-5ac +12; owner +5,ATTOM taxassessor (Santa Clara County),,
2 Santa Clara County,SANTA CLARA COUNTY,,SAN JOSE,491-05-008,216409,4.968,SANTA CLARA,SJ,OTHER / UNKNOWN,0,0,0,,,,37.329827,-121.818839,67,1-5ac +12; owner +5,ATTOM taxassessor (Santa Clara County),,
3 Municipal,MT VIEW CITY,930 MIRAMONTE AVE,MOUNTAIN VIEW,189-03-019,215386,4.945,SANTA CLARA,PF,OTHER / UNKNOWN,0,0,0,,,,37.386341,-122.088739,67,1-5ac +12; owner +5,ATTOM taxassessor (Santa Clara County),,
3 Municipal,PALO ALTO CITY,,PALO ALTO,132-44-014,215371,4.944,SANTA CLARA,PA,OTHER / UNKNOWN,0,0,0,,,,37.415358,-122.12229,67,1-5ac +12; owner +5,ATTOM taxassessor (Santa Clara County),,
3 Municipal,MT VIEW CITY,CHESLEY AVE,MOUNTAIN VIEW,197-28-001,214600,4.927,SANTA CLARA,PF,OTHER / UNKNOWN,0,0,0,,,,37.367565,-122.073248,67,1-5ac +12; owner +5,ATTOM taxassessor (Santa Clara County),,
3 Municipal,SUNNYVALE CITY,,SUNNYVALE,309-12-033,213880,4.910,SANTA CLARA,SU,OTHER / UNKNOWN,0,0,0,,,1981-02-11,37.347726,-122.018622,67,1-5ac +12; owner +5,ATTOM taxassessor (Santa Clara County),,
3 Municipal,SANTA CLARA CITY,,SAN JOSE,097-01-073,213879,4.910,SANTA CLARA,,OTHER / UNKNOWN,0,0,0,,,1973-01-29,37.415933,-121.969884,67,1-5ac +12; owner +5,ATTOM taxassessor (Santa Clara County),,
4 School / Public Ed,SIDE UNION H S D EAST,,SAN JOSE,477-12-043,212573,4.880,SANTA CLARA,SJ,OTHER / UNKNOWN,0,0,0,,,,37.320829,-121.850286,67,1-5ac +12; owner +5,ATTOM taxassessor (Santa Clara County),,
3 Municipal,SAN JOSE CITY,,SAN JOSE,447-38-127,212349,4.875,SANTA CLARA,SJ,OTHER / UNKNOWN,0,0,0,,,1991-03-20,37.253256,-121.906735,67,1-5ac +12; owner +5,ATTOM taxassessor (Santa Clara County),,
2 Santa Clara County,SANTA CLARA COUNTY,130 W TASMAN DR,SAN JOSE,097-54-024,210830,4.840,SANTA CLARA,IP,INDUSTRIAL,0,0,0,,,,37.407432,-121.951919,67,1-5ac +12; owner +5,ATTOM taxassessor (Santa Clara County),,
3 Municipal,SAN JOSE CITY,,SAN JOSE,647-09-023,209751,4.815,SANTA CLARA,SJ,OTHER / UNKNOWN,0,0,0,,,,37.35585,-121.809742,67,1-5ac +12; owner +5,ATTOM taxassessor (Santa Clara County),,
4 School / Public Ed,UNION S D BERRYESSA,,SAN JOSE,591-18-014,209127,4.801,SANTA CLARA,SJ,OTHER / UNKNOWN,0,0,0,,,1974-07-23,37.39041,-121.850171,67,1-5ac +12; owner +5,ATTOM taxassessor (Santa Clara County),,
3 Municipal,CITY OF SAN JOSE,300 ENZO DR,SAN JOSE,678-06-022,207650,4.767,SANTA CLARA,IPB,INDUSTRIAL,0,0,0,,2021-04-29,2021-04-29,37.250588,-121.780871,67,1-5ac +12; owner +5,ATTOM taxassessor (Santa Clara County),,
2 Santa Clara County,SANTA CLARA COUNTY,,SAN JOSE,725-13-003,207462,4.763,SANTA CLARA,SJ,OTHER / UNKNOWN,0,0,0,,,1985-05-01,37.20747,-121.724885,67,1-5ac +12; owner +5,ATTOM taxassessor (Santa Clara County),,
3 Municipal,SAN JOSE CITY,VALERIE DR,SAN JOSE,404-15-055,207346,4.760,SANTA CLARA,SJ,OTHER / UNKNOWN,0,0,0,,,,37.279512,-121.975254,67,1-5ac +12; owner +5,ATTOM taxassessor (Santa Clara County),,
3 Municipal,PALO ALTO CITY,,PALO ALTO,124-26-025,206957,4.751,SANTA CLARA,PA,OTHER / UNKNOWN,0,0,0,,,1978-04-25,37.43191,-122.147189,67,1-5ac +12; owner +5,ATTOM taxassessor (Santa Clara County),,
3 Municipal,PALO ALTO CITY,2501 EMBARCADERO RD,PALO ALTO,008-03-029,206474,4.740,SANTA CLARA,PA,OTHER / UNKNOWN,0,0,0,,,,37.451689,-122.112092,67,1-5ac +12; owner +5,ATTOM taxassessor (Santa Clara County),,
4 School / Public Ed,S D SUNNYVALE,,SUNNYVALE,202-14-002,203274,4.667,SANTA CLARA,SU,OTHER / UNKNOWN,0,0,0,,,,37.35449,-122.04266,67,1-5ac +12; owner +5,ATTOM taxassessor (Santa Clara County),,
3 Municipal,CUPERTINO CITY,19784 WINTERGREEN DR,CUPERTINO,369-10-001,202724,4.654,SANTA CLARA,CU,OTHER / UNKNOWN,0,0,0,,,,37.319012,-122.019558,67,1-5ac +12; owner +5,ATTOM taxassessor (Santa Clara County),,
4 School / Public Ed,SANTA CLARA UNIFIED S D,,SUNNYVALE,211-07-003,202554,4.650,SANTA CLARA,SU,OTHER / UNKNOWN,0,0,0,,,,37.36431,-122.018505,67,1-5ac +12; owner +5,ATTOM taxassessor (Santa Clara County),,
4 School / Public Ed,PLEASANT S D MT,,SAN JOSE,652-26-017,202206,4.642,SANTA CLARA,SJ,OTHER / UNKNOWN,0,0,0,,,,37.338679,-121.791143,67,1-5ac +12; owner +5,ATTOM taxassessor (Santa Clara County),,
3 Municipal,SAN JOSE CITY,,SAN JOSE,676-05-015,200376,4.600,SANTA CLARA,SJ,OTHER / UNKNOWN,0,0,0,,,,37.306261,-121.802751,67,1-5ac +12; owner +5,ATTOM taxassessor (Santa Clara County),,
4 School / Public Ed,PALO ALTO UNIFIED S D,,PALO ALTO,120-06-010,199199,4.573,SANTA CLARA,PA,OTHER / UNKNOWN,0,0,0,,,1984-12-20,37.445806,-122.15056,67,1-5ac +12; owner +5,ATTOM taxassessor (Santa Clara County),,
4 School / Public Ed,UNION S D BERRYESSA,,SAN JOSE,591-18-015,199032,4.569,SANTA CLARA,SJ,OTHER / UNKNOWN,0,0,0,,,1975-01-27,37.389984,-121.851328,67,1-5ac +12; owner +5,ATTOM taxassessor (Santa Clara County),,
2 Santa Clara County,SANTA CLARA COUNTY,,SAN JOSE,678-07-016,196813,4.518,SANTA CLARA,SJ,OTHER / UNKNOWN,0,0,0,,,,37.253852,-121.788882,67,1-5ac +12; owner +5,ATTOM taxassessor (Santa Clara County),,
4 School / Public Ed,UNION S D CAMPBELL,,CAMPBELL,527-50-004,196131,4.503,SANTA CLARA,CA,OTHER / UNKNOWN,0,0,0,,,,37.240697,-121.918551,67,1-5ac +12; owner +5,ATTOM taxassessor (Santa Clara County),,
2 Santa Clara County,SANTA CLARA COUNTY,,SAN JOSE,494-16-001,195794,4.495,SANTA CLARA,SJ,OTHER / UNKNOWN,0,0,0,,,,37.277851,-121.807606,67,1-5ac +12; owner +5,ATTOM taxassessor (Santa Clara County),,
3 Municipal,SUNNYVALE CITY,,SUNNYVALE,165-33-012,194640,4.468,SANTA CLARA,SU,OTHER / UNKNOWN,0,0,0,,,1981-07-31,37.391564,-122.04292,67,1-5ac +12; owner +5,ATTOM taxassessor (Santa Clara County),,
3 Municipal,CITY OF SANTA CLARA,5166 STARS AND STRIPES DR,SANTA CLARA,104-03-044,194091,0.000,SANTA CLARA,SC,OTHER / UNKNOWN,0,0,0,,2021-02-18,,37.3931,-121.9592,67,1-5ac +12; owner +5,ATTOM taxassessor (Santa Clara County),,
4 School / Public Ed,PALO ALTO UNIFIED S D,,PALO ALTO,132-48-034,191012,4.385,SANTA CLARA,PA,OTHER / UNKNOWN,0,0,0,,,,37.425045,-122.129996,67,1-5ac +12; owner +5,ATTOM taxassessor (Santa Clara County),,
4 School / Public Ed,SANTA CLARA UNIFIED S D,,SUNNYVALE,211-07-004,190099,4.364,SANTA CLARA,SU,OTHER / UNKNOWN,0,0,0,,,,37.36334,-122.018896,67,1-5ac +12; owner +5,ATTOM taxassessor (Santa Clara County),,
4 School / Public Ed,MCKINLEY S D FRANKLIN,,SAN JOSE,499-23-003,189752,4.356,SANTA CLARA,SJ,OTHER / UNKNOWN,0,0,0,,,1973-03-07,37.309164,-121.838261,67,1-5ac +12; owner +5,ATTOM taxassessor (Santa Clara County),,
3 Municipal,CITY OF CUPERTINO,10500 N TANTAU AVE,CUPERTINO,316-06-063,188614,4.330,SANTA CLARA,CU,INDUSTRIAL,11913317,87331176,99244493,7.331,2018-12-31,,37.33123,-122.00523,67,1-5ac +12; owner +5,ATTOM taxassessor (Santa Clara County),,
3 Municipal,PALO ALTO CITY,,PALO ALTO,127-13-132,188272,4.322,SANTA CLARA,PA,OTHER / UNKNOWN,0,0,0,,,,37.42595,-122.10955,67,1-5ac +12; owner +5,ATTOM taxassessor (Santa Clara County),,
3 Municipal,SAN JOSE CITY,,SAN JOSE,259-43-064,188179,4.320,SANTA CLARA,SJ,OTHER / UNKNOWN,0,0,0,,,,37.329724,-121.892868,67,1-5ac +12; owner +5,ATTOM taxassessor (Santa Clara County),,
3 Municipal,CAMPBELL CITY,,CAMPBELL,403-17-051,187466,4.304,SANTA CLARA,PF/OS,OTHER / UNKNOWN,0,0,0,,1995-04-07,1995-04-07,37.266177,-121.976145,67,1-5ac +12; owner +5,ATTOM taxassessor (Santa Clara County),,
2 Santa Clara County,SANTA CLARA COUNTY,,SAN JOSE,678-05-022,187308,4.300,SANTA CLARA,SJ,OTHER / UNKNOWN,0,0,0,,,1973-01-02,37.250109,-121.773781,67,1-5ac +12; owner +5,ATTOM taxassessor (Santa Clara County),,
3 Municipal,CUPERTINO CITY,10555 MARY AVE,CUPERTINO,326-06-052,186104,4.272,SANTA CLARA,CU,OTHER / UNKNOWN,0,0,0,,,1975-12-18,37.330735,-122.05154,67,1-5ac +12; owner +5,ATTOM taxassessor (Santa Clara County),,
3 Municipal,SAN JOSE CITY,1634 LAS PLUMAS AVE,SAN JOSE,254-03-044,185957,4.269,SANTA CLARA,SJ,INDUSTRIAL,0,0,0,,2011-07-13,2011-07-13,37.359695,-121.868081,67,1-5ac +12; owner +5,ATTOM taxassessor (Santa Clara County),,
3 Municipal,SAN JOSE CITY,71 VISTA MONTANA,SAN JOSE,097-52-027,183387,4.210,SANTA CLARA,IP,INDUSTRIAL,0,0,0,,2020-09-17,2020-09-17,37.413518,-121.956538,67,1-5ac +12; owner +5,ATTOM taxassessor (Santa Clara County),,
3 Municipal,SAN JOSE CITY,,SAN JOSE,259-12-131,180442,4.142,SANTA CLARA,,OTHER / UNKNOWN,0,0,0,,,1979-11-16,37.34394,-121.907287,67,1-5ac +12; owner +5,ATTOM taxassessor (Santa Clara County),,
3 Municipal,SANTA CLARA CITY,CALLE DE PRIMAVERA,SANTA CLARA,097-43-002,178141,4.090,SANTA CLARA,SC,OTHER / UNKNOWN,0,0,0,,,1975-10-07,37.404915,-121.961516,67,1-5ac +12; owner +5,ATTOM taxassessor (Santa Clara County),,
3 Municipal,PALO ALTO CITY,,PALO ALTO,137-17-011,177381,4.072,SANTA CLARA,PA,OTHER / UNKNOWN,0,0,0,,,1976-12-21,37.409986,-122.138672,67,1-5ac +12; owner +5,ATTOM taxassessor (Santa Clara County),,
3 Municipal,SAN JOSE CITY,,SAN JOSE,499-35-001,177289,4.070,SANTA CLARA,SJ,OTHER / UNKNOWN,0,0,0,,,,37.299778,-121.826825,67,1-5ac +12; owner +5,ATTOM taxassessor (Santa Clara County),,
2 Santa Clara County,SANTA CLARA COUNTY,,SAN JOSE,459-28-004,176930,0.000,SANTA CLARA,SJ,OTHER / UNKNOWN,0,0,0,,,,37.26819,-121.860607,67,1-5ac +12; owner +5,ATTOM taxassessor (Santa Clara County),,
3 Municipal,SAN JOSE CITY,,SAN JOSE,249-64-001,175307,4.025,SANTA CLARA,SJ,OTHER / UNKNOWN,0,0,0,,,,37.356145,-121.875159,67,1-5ac +12; owner +5,ATTOM taxassessor (Santa Clara County),,
3 Municipal,CITY OF SAN JOSE,,SAN JOSE,660-21-020,167612,3.848,SANTA CLARA,SJ,OTHER / UNKNOWN,0,0,0,,1988-10-31,,37.304935,-121.764125,67,1-5ac +12; owner +5,ATTOM taxassessor (Santa Clara County),,
4 School / Public Ed,UNION S D CAMPBELL,,SAN JOSE,305-05-033,165484,3.799,SANTA CLARA,SJ,OTHER / UNKNOWN,0,0,0,,,,37.295362,-121.956776,67,1-5ac +12; owner +5,ATTOM taxassessor (Santa Clara County),,
4 School / Public Ed,ORCHARD SCHOOL DIST,921 FOX LN,SAN JOSE,237-15-202,163088,3.744,SANTA CLARA,M4,INDUSTRIAL,0,0,0,,,1996-04-09,37.390168,-121.901562,67,1-5ac +12; owner +5,ATTOM taxassessor (Santa Clara County),,
3 Municipal,SAN JOSE CITY,,SAN JOSE,467-21-001,162514,3.731,SANTA CLARA,CG,OTHER / UNKNOWN,0,0,0,,,,37.339143,-121.890636,67,1-5ac +12; owner +5,ATTOM taxassessor (Santa Clara County),,
3 Municipal,SAN JOSE CITY,,SAN JOSE,472-01-007,162035,3.720,SANTA CLARA,SJ,OTHER / UNKNOWN,0,0,0,,,,37.336218,-121.863428,67,1-5ac +12; owner +5,ATTOM taxassessor (Santa Clara County),,
3 Municipal,SAN JOSE CITY,,SAN JOSE,455-09-050,160124,3.676,SANTA CLARA,SJ,OTHER / UNKNOWN,0,0,0,,,1986-12-09,37.280147,-121.851615,67,1-5ac +12; owner +5,ATTOM taxassessor (Santa Clara County),,
3 Municipal,SAN JOSE CITY,1197 LICK AVE,SAN JOSE,434-13-041,160015,0.000,SANTA CLARA,SJ,OTHER / UNKNOWN,0,0,0,,,,37.314221,-121.884936,67,1-5ac +12; owner +5,ATTOM taxassessor (Santa Clara County),,
3 Municipal,SUNNYVALE CITY,,SUNNYVALE,104-01-005,159825,3.669,SANTA CLARA,SU,OTHER / UNKNOWN,0,0,0,,,,37.414554,-121.988246,67,1-5ac +12; owner +5,ATTOM taxassessor (Santa Clara County),,
3 Municipal,SAN JOSE CITY,,SAN JOSE,092-38-058,159308,3.657,SANTA CLARA,SJ,OTHER / UNKNOWN,0,0,0,,,,37.406822,-121.880732,67,1-5ac +12; owner +5,ATTOM taxassessor (Santa Clara County),,
3 Municipal,SUNNYVALE CITY,,SUNNYVALE,209-17-001,159233,3.656,SANTA CLARA,SU,OTHER / UNKNOWN,0,0,0,,,,37.369652,-122.017712,67,1-5ac +12; owner +5,ATTOM taxassessor (Santa Clara County),,
3 Municipal,MT VIEW CITY,1200 CRITTENDEN LN,MOUNTAIN VIEW,116-11-007,158666,3.643,SANTA CLARA,MV,INDUSTRIAL,0,0,0,,,,37.424815,-122.073712,67,1-5ac +12; owner +5,ATTOM taxassessor (Santa Clara County),,
3 Municipal,SAN JOSE CITY,,SAN JOSE,599-23-056,157915,3.625,SANTA CLARA,SJ,OTHER / UNKNOWN,0,0,0,,,,37.394248,-121.830747,67,1-5ac +12; owner +5,ATTOM taxassessor (Santa Clara County),,
3 Municipal,SAN JOSE CITY,,SAN JOSE,259-08-103,157687,3.620,SANTA CLARA,,OTHER / UNKNOWN,0,0,0,,,1979-07-24,37.344107,-121.909607,67,1-5ac +12; owner +5,ATTOM taxassessor (Santa Clara County),,
4 School / Public Ed,CUPERTINO UNION SCHOOL DISTRICT,15101 MONTEBELLO RD,CUPERTINO,351-24-011,155945,3.580,SANTA CLARA,HS-D1,OTHER / UNKNOWN,0,0,0,,2023-08-28,,37.290809,-122.09522,67,1-5ac +12; owner +5,ATTOM taxassessor (Santa Clara County),,
4 School / Public Ed,UNION S D CAMPBELL,,CAMPBELL,403-07-021,155945,3.580,SANTA CLARA,P-F,OTHER / UNKNOWN,0,0,0,,,,37.275273,-121.980928,67,1-5ac +12; owner +5,ATTOM taxassessor (Santa Clara County),,
3 Municipal,SAN JOSE CITY,,SAN JOSE,676-56-001,155509,3.570,SANTA CLARA,SJ,OTHER / UNKNOWN,0,0,0,,,,37.298779,-121.809417,67,1-5ac +12; owner +5,ATTOM taxassessor (Santa Clara County),,
3 Municipal,SAN JOSE CITY,,SAN JOSE,684-02-009,155273,3.565,SANTA CLARA,SJ,OTHER / UNKNOWN,0,0,0,,,,37.274081,-121.829122,67,1-5ac +12; owner +5,ATTOM taxassessor (Santa Clara County),,
4 School / Public Ed,WEST VALLEYMISSION COMMUNITY COLLEGE DIST,2805 MISSION COLLEGE BLVD,SANTA CLARA,104-16-118,154650,3.550,SANTA CLARA,SC,INDUSTRIAL,0,0,0,,,1972-05-08,37.392754,-121.978398,67,1-5ac +12; owner +5,ATTOM taxassessor (Santa Clara County),,
3 Municipal,SAN JOSE CITY,,SAN JOSE,467-21-014,154539,3.548,SANTA CLARA,CG,OTHER / UNKNOWN,0,0,0,,,1986-01-22,37.338634,-121.891697,67,1-5ac +12; owner +5,ATTOM taxassessor (Santa Clara County),,
2 Santa Clara County,SANTA CLARA COUNTY,,SAN JOSE,725-07-004,153767,3.530,SANTA CLARA,SJ,OTHER / UNKNOWN,0,0,0,,,1978-09-27,37.184533,-121.70274,67,1-5ac +12; owner +5,ATTOM taxassessor (Santa Clara County),,
3 Municipal,SANTA CLARA CITY,,SANTA CLARA,216-15-008,153026,3.513,SANTA CLARA,SC,OTHER / UNKNOWN,0,0,0,,,,37.369409,-121.975954,67,1-5ac +12; owner +5,ATTOM taxassessor (Santa Clara County),,
3 Municipal,SAN JOSE CITY,,SAN JOSE,494-26-021,150623,3.458,SANTA CLARA,SJ,OTHER / UNKNOWN,0,0,0,,,,37.293242,-121.819306,67,1-5ac +12; owner +5,ATTOM taxassessor (Santa Clara County),,
3 Municipal,SAN JOSE CITY,,SAN JOSE,701-61-001,148304,3.405,SANTA CLARA,SJ,OTHER / UNKNOWN,0,0,0,,,1978-08-10,37.209141,-121.825744,67,1-5ac +12; owner +5,ATTOM taxassessor (Santa Clara County),,
4 School / Public Ed,UNION S D CAMPBELL,,CAMPBELL,527-50-001,147740,3.392,SANTA CLARA,CA,OTHER / UNKNOWN,0,0,0,,,,37.241523,-121.922306,67,1-5ac +12; owner +5,ATTOM taxassessor (Santa Clara County),,
3 Municipal,SAN JOSE CITY,,SAN JOSE,695-37-019,146797,3.370,SANTA CLARA,SJ,OTHER / UNKNOWN,0,0,0,,,1975-06-16,37.227178,-121.832752,67,1-5ac +12; owner +5,ATTOM taxassessor (Santa Clara County),,
3 Municipal,SANTA CLARA CITY,STEVENSON ST,SANTA CLARA,293-17-087,145783,3.347,SANTA CLARA,SC,OTHER / UNKNOWN,0,0,0,,,,37.336058,-121.982085,67,1-5ac +12; owner +5,ATTOM taxassessor (Santa Clara County),,
3 Municipal,SAN JOSE CITY,,SAN JOSE,577-08-041,145562,3.342,SANTA CLARA,SJ,OTHER / UNKNOWN,0,0,0,,,1975-03-14,37.232414,-121.872926,67,1-5ac +12; owner +5,ATTOM taxassessor (Santa Clara County),,
4 School / Public Ed,UNION S D BERRYESSA,,SAN JOSE,595-10-069,144842,3.325,SANTA CLARA,SJ,OTHER / UNKNOWN,0,0,0,,,1973-07-05,37.402302,-121.847541,67,1-5ac +12; owner +5,ATTOM taxassessor (Santa Clara County),,
3 Municipal,MT VIEW CITY,W DANA ST,MOUNTAIN VIEW,158-32-001,144096,3.308,SANTA CLARA,PF,OTHER / UNKNOWN,0,0,0,,,1969-11-19,37.387403,-122.069497,67,1-5ac +12; owner +5,ATTOM taxassessor (Santa Clara County),,
2 Santa Clara County,SANTA CLARA COUNTY,,SAN JOSE,491-12-069,143748,3.300,SANTA CLARA,IP,OTHER / UNKNOWN,0,0,0,,,,37.332443,-121.821952,67,1-5ac +12; owner +5,ATTOM taxassessor (Santa Clara County),,
3 Municipal,SAN JOSE CITY,,SAN JOSE,595-24-055,142877,3.280,SANTA CLARA,SJ,OTHER / UNKNOWN,0,0,0,,,,37.393401,-121.838959,67,1-5ac +12; owner +5,ATTOM taxassessor (Santa Clara County),,
3 Municipal,SAN JOSE CITY,,SANTA CLARA,230-02-035,141608,3.251,SANTA CLARA,SC,OTHER / UNKNOWN,0,0,0,,,,37.372519,-121.936731,67,1-5ac +12; owner +5,ATTOM taxassessor (Santa Clara County),,
2 Santa Clara County,SANTA CLARA COUNTY,,SAN JOSE,491-12-070,141134,3.240,SANTA CLARA,SJ,OTHER / UNKNOWN,0,0,0,,,,37.333711,-121.823318,67,1-5ac +12; owner +5,ATTOM taxassessor (Santa Clara County),,
2 Santa Clara County,SANTA CLARA COUNTY,1505 SCHALLENBERGER RD,SAN JOSE,237-14-081,140767,3.232,SANTA CLARA,SJ,OTHER / UNKNOWN,0,0,0,,,,37.377877,-121.896694,67,1-5ac +12; owner +5,ATTOM taxassessor (Santa Clara County),,
4 School / Public Ed,SANTA CLARA UNIFIED S D,,SANTA CLARA,220-21-003,139314,3.198,SANTA CLARA,SC,OTHER / UNKNOWN,0,0,0,,,,37.365289,-121.985333,67,1-5ac +12; owner +5,ATTOM taxassessor (Santa Clara County),,
2 Santa Clara County,SANTA CLARA COUNTY,,SAN JOSE,491-15-035,136715,3.139,SANTA CLARA,SJ,OTHER / UNKNOWN,0,0,0,,,1966-02-27,37.340047,-121.820889,67,1-5ac +12; owner +5,ATTOM taxassessor (Santa Clara County),,
2 Santa Clara County,SANTA CLARA COUNTY,,SAN JOSE,678-08-060,135849,3.119,SANTA CLARA,IP,OTHER / UNKNOWN,0,0,0,,,,37.250329,-121.771939,67,1-5ac +12; owner +5,ATTOM taxassessor (Santa Clara County),,
3 Municipal,SAN JOSE CITY,,SAN JOSE,230-25-005,135836,3.118,SANTA CLARA,SJ,OTHER / UNKNOWN,0,0,0,,,,37.3534,-121.913629,67,1-5ac +12; owner +5,ATTOM taxassessor (Santa Clara County),,
3 Municipal,SUNNYVALE CITY,,SUNNYVALE,211-07-002,134360,3.085,SANTA CLARA,SU,OTHER / UNKNOWN,0,0,0,,,,37.364456,-122.019938,67,1-5ac +12; owner +5,ATTOM taxassessor (Santa Clara County),,
3 Municipal,SAN JOSE CITY,401 N ST,SAN JOSE,259-20-045,134059,3.078,SANTA CLARA,SJ,OTHER / UNKNOWN,0,0,0,,,1984-08-17,37.342349,-121.896806,67,1-5ac +12; owner +5,ATTOM taxassessor (Santa Clara County),,
3 Municipal,SAN JOSE CITY,1661 ALMADEN RD,SAN JOSE,694-01-026,133294,3.060,SANTA CLARA,SJ,OTHER / UNKNOWN,0,0,0,,,1979-11-30,37.237864,-121.872373,67,1-5ac +12; owner +5,ATTOM taxassessor (Santa Clara County),,
4 School / Public Ed,S D EVERGREEN,,SAN JOSE,676-37-019,133294,3.060,SANTA CLARA,SJ,OTHER / UNKNOWN,0,0,0,,,,37.301681,-121.778066,67,1-5ac +12; owner +5,ATTOM taxassessor (Santa Clara County),,
3 Municipal,SUNNYVALE CITY,,SUNNYVALE,320-07-005,132760,3.048,SANTA CLARA,SU,OTHER / UNKNOWN,0,0,0,,,1973-05-02,37.349465,-122.064062,67,1-5ac +12; owner +5,ATTOM taxassessor (Santa Clara County),,
3 Municipal,SAN JOSE CITY,,SAN JOSE,254-01-023,132422,3.040,SANTA CLARA,SJ,OTHER / UNKNOWN,0,0,0,,,,37.361026,-121.872603,67,1-5ac +12; owner +5,ATTOM taxassessor (Santa Clara County),,
2 Santa Clara County,SANTA CLARA COUNTY,,SAN JOSE,494-25-041,130680,3.000,SANTA CLARA,SJ,OTHER / UNKNOWN,0,0,0,,,1976-07-09,37.289386,-121.814107,67,1-5ac +12; owner +5,ATTOM taxassessor (Santa Clara County),,
3 Municipal,MT VIEW CITY,1130 MIRAMONTE AVE,MOUNTAIN VIEW,189-11-057,130680,3.000,SANTA CLARA,MV,OTHER / UNKNOWN,0,0,0,,,,37.362948,-122.088189,67,1-5ac +12; owner +5,ATTOM taxassessor (Santa Clara County),,
3 Municipal,MT VIEW CITY,,MOUNTAIN VIEW,161-06-067,130680,3.000,SANTA CLARA,PF,OTHER / UNKNOWN,0,0,0,,,1983-01-21,37.381339,-122.062838,67,1-5ac +12; owner +5,ATTOM taxassessor (Santa Clara County),,
3 Municipal,SAN JOSE CITY SPECIALTY RESTAURANTS CORP,1162 AVIATION AVE,SAN JOSE,230-46-044,129995,2.984,SANTA CLARA,SJ,OTHER / UNKNOWN,0,0,0,,,1973-04-25,37.354619,-121.926581,67,1-5ac +12; owner +5,ATTOM taxassessor (Santa Clara County),,
3 Municipal,SAN JOSE CITY,333 MCKENDRIE ST,SAN JOSE,230-38-080,129547,2.974,SANTA CLARA,SJ,OTHER / UNKNOWN,0,0,0,,1994-03-25,,37.350233,-121.913052,67,1-5ac +12; owner +5,ATTOM taxassessor (Santa Clara County),,
3 Municipal,SUNNYVALE CITY,,SUNNYVALE,326-04-073,129126,2.964,SANTA CLARA,SU,OTHER / UNKNOWN,0,0,0,,,,37.334198,-122.05601,67,1-5ac +12; owner +5,ATTOM taxassessor (Santa Clara County),,
4 School / Public Ed,WEST VALLEYMISSION COMMUNITY COLLEGE DIST,2807 MISSION COLLEGE BLVD,SANTA CLARA,104-16-119,128938,2.960,SANTA CLARA,SC,INDUSTRIAL,0,0,0,,,1972-05-08,37.394015,-121.978327,67,1-5ac +12; owner +5,ATTOM taxassessor (Santa Clara County),,
3 Municipal,SUNNYVALE CITY,,SUNNYVALE,110-15-064,128502,2.950,SANTA CLARA,SU,OTHER / UNKNOWN,0,0,0,,,,37.399304,-122.008627,67,1-5ac +12; owner +5,ATTOM taxassessor (Santa Clara County),,
3 Municipal,CAMPBELL CITY,70 N 1ST ST,CAMPBELL,279-41-067,126457,2.903,SANTA CLARA,P-D,OTHER / UNKNOWN,0,0,0,,1994-07-05,1994-07-05,37.288486,-121.944229,67,1-5ac +12; owner +5,ATTOM taxassessor (Santa Clara County),,
3 Municipal,MT VIEW CITY,,MOUNTAIN VIEW,193-01-002,125888,2.890,SANTA CLARA,PF,OTHER / UNKNOWN,0,0,0,,,,37.380738,-122.086145,67,1-5ac +12; owner +5,ATTOM taxassessor (Santa Clara County),,
3 Municipal,MT VIEW CITY,,MOUNTAIN VIEW,158-38-027,124914,2.868,SANTA CLARA,PF,OTHER / UNKNOWN,0,0,0,,,1977-10-03,37.393459,-122.069257,67,1-5ac +12; owner +5,ATTOM taxassessor (Santa Clara County),,
3 Municipal,SAN JOSE CITY,,SAN JOSE,230-39-133,124187,2.851,SANTA CLARA,SJ,OTHER / UNKNOWN,0,0,0,,,1973-12-05,37.347188,-121.915031,67,1-5ac +12; owner +5,ATTOM taxassessor (Santa Clara County),,
2 Santa Clara County,SANTA CLARA COUNTY,,CUPERTINO,342-64-002,123275,2.830,SANTA CLARA,HS,INDUSTRIAL,0,0,0,,,,37.323485,-122.081626,67,1-5ac +12; owner +5,ATTOM taxassessor (Santa Clara County),,
3 Municipal,MOUNTAIN VIEW CITY,,MOUNTAIN VIEW,153-14-024,123233,2.829,SANTA CLARA,PF,OTHER / UNKNOWN,0,0,0,,1994-04-19,,37.41073,-122.084666,67,1-5ac +12; owner +5,ATTOM taxassessor (Santa Clara County),,
3 Municipal,SAN JOSE CITY,1144 COLEMAN AVE,SAN JOSE,230-46-042,123143,2.827,SANTA CLARA,SJ,OTHER / UNKNOWN,0,0,0,,,1973-04-25,37.354075,-121.925782,67,1-5ac +12; owner +5,ATTOM taxassessor (Santa Clara County),,
2 Santa Clara County,SANTA CLARA COUNTY,,CUPERTINO,351-18-011,121967,2.800,SANTA CLARA,HS-SR,OTHER / UNKNOWN,0,0,0,,,,37.294471,-122.081493,67,1-5ac +12; owner +5,ATTOM taxassessor (Santa Clara County),,
3 Municipal,SAN JOSE CITY,,SAN JOSE,381-34-001,121856,2.797,SANTA CLARA,SJ,OTHER / UNKNOWN,0,0,0,,,,37.296398,-121.996792,67,1-5ac +12; owner +5,ATTOM taxassessor (Santa Clara County),,
3 Municipal,MT VIEW CITY,TERMINAL BLVD,MOUNTAIN VIEW,116-19-002,121532,2.790,SANTA CLARA,PF,OTHER / UNKNOWN,0,0,0,,,,37.434069,-122.098696,67,1-5ac +12; owner +5,ATTOM taxassessor (Santa Clara County),,
4 School / Public Ed,MCKINLEY S D FRANKLIN,,SAN JOSE,477-20-151,119912,2.753,SANTA CLARA,MI,INDUSTRIAL,0,0,0,,,1989-03-22,37.314132,-121.84799,67,1-5ac +12; owner +5,ATTOM taxassessor (Santa Clara County),,
3 Municipal,CITY OF SANTA CLARA,3025 RAYMOND ST,SANTA CLARA,224-08-085,118919,2.730,SANTA CLARA,ML,INDUSTRIAL,0,0,0,,2008-03-21,2008-03-21,37.376023,-121.951956,67,1-5ac +12; owner +5,ATTOM taxassessor (Santa Clara County),,
3 Municipal,SAN JOSE CITY,,SAN JOSE,241-37-014,118651,2.724,SANTA CLARA,SJ,OTHER / UNKNOWN,0,0,0,,,1987-12-18,37.380558,-121.88424,67,1-5ac +12; owner +5,ATTOM taxassessor (Santa Clara County),,
3 Municipal,PALO ALTO CITY,,PALO ALTO,137-17-022,117345,2.694,SANTA CLARA,PA,OTHER / UNKNOWN,0,0,0,,,1976-12-21,37.409369,-122.138876,67,1-5ac +12; owner +5,ATTOM taxassessor (Santa Clara County),,
4 School / Public Ed,SAN JOSE UNIFIED S D,,SAN JOSE,264-37-089,117199,2.691,SANTA CLARA,SJ,OTHER / UNKNOWN,0,0,0,,,1974-02-27,37.320536,-121.882609,67,1-5ac +12; owner +5,ATTOM taxassessor (Santa Clara County),,
3 Municipal,CITY OF SAN JOSE,830 AUZERAIS AVE,SAN JOSE,264-11-107,117089,2.688,SANTA CLARA,HI,INDUSTRIAL,0,0,0,,2015-04-16,2014-06-24,37.320754,-121.90495,67,1-5ac +12; owner +5,ATTOM taxassessor (Santa Clara County),,
3 Municipal,SANTA CLARA CITY,,SANTA CLARA,269-06-015,116741,2.680,SANTA CLARA,SC,OTHER / UNKNOWN,0,0,0,,,,37.354691,-121.944915,67,1-5ac +12; owner +5,ATTOM taxassessor (Santa Clara County),,
4 School / Public Ed,S D SUNNYVALE,ALVARADO AVE,SUNNYVALE,205-15-010,116457,2.674,SANTA CLARA,SU,OTHER / UNKNOWN,0,0,0,,,,37.391271,-122.008214,67,1-5ac +12; owner +5,ATTOM taxassessor (Santa Clara County),,
3 Municipal,SANTA CLARA CITY,,SANTA CLARA,220-09-062,116240,2.669,SANTA CLARA,SC,OTHER / UNKNOWN,0,0,0,,,,37.35957,-121.989058,67,1-5ac +12; owner +5,ATTOM taxassessor (Santa Clara County),,
3 Municipal,SAN JOSE CITY,,SAN JOSE,701-06-004,115832,2.659,SANTA CLARA,SJ,OTHER / UNKNOWN,0,0,0,,,,37.221779,-121.849484,67,1-5ac +12; owner +5,ATTOM taxassessor (Santa Clara County),,
3 Municipal,SANTA CLARA CITY,,SANTA CLARA,294-20-020,114210,2.622,SANTA CLARA,SC,OTHER / UNKNOWN,0,0,0,,,,37.336355,-121.968793,67,1-5ac +12; owner +5,ATTOM taxassessor (Santa Clara County),,
3 Municipal,CUPERTINO CITY,22851 MERCEDES RD,CUPERTINO,342-22-064,113210,2.599,SANTA CLARA,CU,OTHER / UNKNOWN,0,0,0,,,,37.314357,-122.076403,67,1-5ac +12; owner +5,ATTOM taxassessor (Santa Clara County),,
3 Municipal,SAN JOSE CITY,,SAN JOSE,230-46-023,112739,2.588,SANTA CLARA,SJ,OTHER / UNKNOWN,0,0,0,,,,37.359707,-121.918316,67,1-5ac +12; owner +5,ATTOM taxassessor (Santa Clara County),,
3 Municipal,SAN JOSE CITY,,SAN JOSE,249-06-002,112400,2.580,SANTA CLARA,SJ,OTHER / UNKNOWN,0,0,0,,,,37.356106,-121.89607,67,1-5ac +12; owner +5,ATTOM taxassessor (Santa Clara County),,
3 Municipal,SUNNYVALE CITY,,SUNNYVALE,110-03-051,112385,2.580,SANTA CLARA,SU,OTHER / UNKNOWN,0,0,0,,,,37.416516,-122.011972,67,1-5ac +12; owner +5,ATTOM taxassessor (Santa Clara County),,
3 Municipal,SAN JOSE CITY,,SAN JOSE,477-19-071,112359,2.579,SANTA CLARA,,OTHER / UNKNOWN,0,0,0,,,1990-08-31,37.317846,-121.844216,67,1-5ac +12; owner +5,ATTOM taxassessor (Santa Clara County),,
3 Municipal,SAN JOSE CITY,,SAN JOSE,230-24-006,111707,2.564,SANTA CLARA,SJ,OTHER / UNKNOWN,0,0,0,,,,37.350806,-121.917009,67,1-5ac +12; owner +5,ATTOM taxassessor (Santa Clara County),,
4 School / Public Ed,ROCK UNION S D ALUM,,SAN JOSE,491-16-086,110267,2.531,SANTA CLARA,SJ,OTHER / UNKNOWN,0,0,0,,,,37.335271,-121.82681,67,1-5ac +12; owner +5,ATTOM taxassessor (Santa Clara County),,
3 Municipal,SAN JOSE CITY,,SAN JOSE,462-41-029,109525,2.514,SANTA CLARA,SJ,OTHER / UNKNOWN,0,0,0,,,,37.272674,-121.846634,67,1-5ac +12; owner +5,ATTOM taxassessor (Santa Clara County),,
3 Municipal,SAN JOSE CITY,,SAN JOSE,477-12-046,109336,2.510,SANTA CLARA,SJ,OTHER / UNKNOWN,0,0,0,,,,37.320055,-121.851811,67,1-5ac +12; owner +5,ATTOM taxassessor (Santa Clara County),,
2 Santa Clara County,SANTA CLARA COUNTY,2555 ROBERT FOWLER WAY,SAN JOSE,491-15-015,109046,2.503,SANTA CLARA,IP,OTHER / UNKNOWN,0,0,0,,,,37.337604,-121.821285,67,1-5ac +12; owner +5,ATTOM taxassessor (Santa Clara County),,
3 Municipal,SAN JOSE CITY,,SAN JOSE,494-26-022,106794,2.452,SANTA CLARA,SJ,OTHER / UNKNOWN,0,0,0,,,,37.292112,-121.818911,67,1-5ac +12; owner +5,ATTOM taxassessor (Santa Clara County),,
3 Municipal,SAN JOSE CITY,,SAN JOSE,494-22-016,105327,2.418,SANTA CLARA,SJ,OTHER / UNKNOWN,0,0,0,,,1984-01-10,37.29576,-121.821755,67,1-5ac +12; owner +5,ATTOM taxassessor (Santa Clara County),,
3 Municipal,SAN JOSE CITY,6066 MONTEREY HWY,SAN JOSE,678-03-036,103030,2.365,SANTA CLARA,SJ,OTHER / UNKNOWN,0,0,0,,,1982-01-21,37.239072,-121.773372,67,1-5ac +12; owner +5,ATTOM taxassessor (Santa Clara County),,
3 Municipal,SAN JOSE CITY,,SAN JOSE,373-19-015,99752,2.290,SANTA CLARA,SJ,OTHER / UNKNOWN,0,0,0,,,1974-01-17,37.302282,-122.023382,67,1-5ac +12; owner +5,ATTOM taxassessor (Santa Clara County),,
2 Santa Clara County,COUNTY OF SANTA CLARA,2001 THE ALAMEDA,SAN JOSE,230-20-027,99752,2.290,SANTA CLARA,CL,INDUSTRIAL,0,0,0,,2021-08-31,2021-08-31,37.342285,-121.927421,67,1-5ac +12; owner +5,ATTOM taxassessor (Santa Clara County),,
1 Federal,UNITED STATES POSTAL SERVICE,5706 CAHALAN AVE,SAN JOSE,687-19-014,99317,2.280,SANTA CLARA,SJ,Commercial,0,0,0,,,,37.248755,-121.846242,67,Commercial +5; 1-5ac +12,ATTOM taxassessor (Santa Clara County),,
2 Santa Clara County,SANTA CLARA COUNTY,,SAN JOSE,491-15-033,98662,2.265,SANTA CLARA,IP,OTHER / UNKNOWN,0,0,0,,,1966-02-27,37.33934,-121.821129,67,1-5ac +12; owner +5,ATTOM taxassessor (Santa Clara County),,
3 Municipal,CUPERTINO CITY,7535 SHADOWHILL LN,CUPERTINO,362-30-098,98446,2.260,SANTA CLARA,CU,OTHER / UNKNOWN,0,0,0,,,1979-10-03,37.301883,-122.037556,67,1-5ac +12; owner +5,ATTOM taxassessor (Santa Clara County),,
1 Federal,UNITED STATES POSTAL SERVICE,2450 ALVIN AVE,SAN JOSE,670-02-020,98445,2.260,SANTA CLARA,C3H,Commercial,0,0,0,,1995-10-26,,37.320019,-121.827099,67,Commercial +5; 1-5ac +12,ATTOM taxassessor (Santa Clara County),,
3 Municipal,SAN JOSE CITY,,SAN JOSE,652-08-036,96703,2.220,SANTA CLARA,SJ,OTHER / UNKNOWN,0,0,0,,,1979-02-23,37.335405,-121.779421,67,1-5ac +12; owner +5,ATTOM taxassessor (Santa Clara County),,
2 Santa Clara County,SANTA CLARA COUNTY,,SAN JOSE,494-15-053,96268,2.210,SANTA CLARA,SJ,OTHER / UNKNOWN,0,0,0,,,,37.28087,-121.814225,67,1-5ac +12; owner +5,ATTOM taxassessor (Santa Clara County),,
3 Municipal,SAN JOSE CITY,,SAN JOSE,684-40-011,96268,2.210,SANTA CLARA,SJ,OTHER / UNKNOWN,0,0,0,,,,37.256473,-121.802464,67,1-5ac +12; owner +5,ATTOM taxassessor (Santa Clara County),,
2 Santa Clara County,SANTA CLARA COUNTY,,SAN JOSE,678-04-010,95832,2.200,SANTA CLARA,SJ,OTHER / UNKNOWN,0,0,0,,,1985-05-01,37.242866,-121.768263,67,1-5ac +12; owner +5,ATTOM taxassessor (Santa Clara County),,
3 Municipal,SAN JOSE CITY,4110 CADWALLADER AVE,SAN JOSE,676-38-001,95367,2.189,SANTA CLARA,SJ,OTHER / UNKNOWN,0,0,0,,,,37.301506,-121.785583,67,1-5ac +12; owner +5,ATTOM taxassessor (Santa Clara County),,
3 Municipal,SAN JOSE CITY,,SAN JOSE,477-20-058,95148,2.184,SANTA CLARA,SJ,OTHER / UNKNOWN,0,0,0,,,,37.314958,-121.846226,67,1-5ac +12; owner +5,ATTOM taxassessor (Santa Clara County),,
3 Municipal,CITY OF MOUNTAIN VIEW,87 E EVELYN AVE,MOUNTAIN VIEW,160-65-008,94462,2.169,SANTA CLARA,MM,INDUSTRIAL,0,0,0,,2023-06-16,2023-06-16,37.389991,-122.066709,67,1-5ac +12; owner +5,ATTOM taxassessor (Santa Clara County),,
2 Santa Clara County,SANTA CLARA COUNTY,,SAN JOSE,491-15-017,92822,2.131,SANTA CLARA,IP,OTHER / UNKNOWN,0,0,0,,,1965-12-03,37.337473,-121.819043,67,1-5ac +12; owner +5,ATTOM taxassessor (Santa Clara County),,
3 Municipal,SUNNYVALE CITY,ARQUES AVE,SUNNYVALE,205-28-009,92572,2.125,SANTA CLARA,SU,OTHER / UNKNOWN,0,0,0,,,,37.38151,-122.012755,67,1-5ac +12; owner +5,ATTOM taxassessor (Santa Clara County),,
4 School / Public Ed,UNION S D CAMPBELL,,SAN JOSE,284-11-014,92470,2.123,SANTA CLARA,SJ,OTHER / UNKNOWN,0,0,0,,,,37.299999,-121.921795,67,1-5ac +12; owner +5,ATTOM taxassessor (Santa Clara County),,
3 Municipal,SAN JOSE CITY,,SAN JOSE,481-39-013,92409,2.121,SANTA CLARA,SJ,OTHER / UNKNOWN,0,0,0,,,,37.338256,-121.8465,67,1-5ac +12; owner +5,ATTOM taxassessor (Santa Clara County),,
2 Santa Clara County,SANTA CLARA COUNTY,,SAN JOSE,456-10-005,92370,0.000,SANTA CLARA,SJ,OTHER / UNKNOWN,0,0,0,,,,37.302573,-121.878346,67,1-5ac +12; owner +5,ATTOM taxassessor (Santa Clara County),,
3 Municipal,SANTA CLARA CITY,,SANTA CLARA,224-61-005,92347,2.120,SANTA CLARA,SC,OTHER / UNKNOWN,0,0,0,,,1976-08-27,37.367728,-121.955811,67,1-5ac +12; owner +5,ATTOM taxassessor (Santa Clara County),,
3 Municipal,SAN JOSE CITY,,SAN JOSE,680-02-006,91492,2.100,SANTA CLARA,SJ,OTHER / UNKNOWN,0,0,0,,,1987-12-24,37.297827,-121.771937,67,1-5ac +12; owner +5,ATTOM taxassessor (Santa Clara County),,
2 Santa Clara County,SANTA CLARA CNTY CTRL FIRE PRO,1315 DELL AVE,CAMPBELL,424-33-118,91040,2.090,SANTA CLARA,CM,INDUSTRIAL,0,0,0,,2020-05-26,2018-01-02,37.267659,-121.954324,67,1-5ac +12; owner +5,ATTOM taxassessor (Santa Clara County),,
3 Municipal,PALO ALTO CITY,,PALO ALTO,124-20-040,90801,2.085,SANTA CLARA,PA,OTHER / UNKNOWN,0,0,0,,,1981-07-02,37.429612,-122.141122,67,1-5ac +12; owner +5,ATTOM taxassessor (Santa Clara County),,
3 Municipal,SUNNYVALE CITY,1210 BORDEAUX DR,SUNNYVALE,110-25-038,90169,2.070,SANTA CLARA,MP-TO,INDUSTRIAL,0,0,0,,2014-12-23,2014-12-23,37.409019,-122.022568,67,1-5ac +12; owner +5,ATTOM taxassessor (Santa Clara County),,
3 Municipal,PALO ALTO CITY,,PALO ALTO,120-14-016,90169,2.070,SANTA CLARA,PA,OTHER / UNKNOWN,0,0,0,,,,37.449388,-122.163236,67,1-5ac +12; owner +5,ATTOM taxassessor (Santa Clara County),,
3 Municipal,SUNNYVALE CITY,,SUNNYVALE,202-38-042,90090,2.068,SANTA CLARA,SU,OTHER / UNKNOWN,0,0,0,,,1973-05-09,37.356755,-122.060688,67,1-5ac +12; owner +5,ATTOM taxassessor (Santa Clara County),,
3 Municipal,SANTA CLARA CITY,,SANTA CLARA,104-13-063,88162,2.024,SANTA CLARA,SC,OTHER / UNKNOWN,0,0,0,,,,37.392805,-121.961834,67,1-5ac +12; owner +5,ATTOM taxassessor (Santa Clara County),,
3 Municipal,SAN JOSE CITY,,SAN JOSE,684-46-105,87811,2.016,SANTA CLARA,SJ,OTHER / UNKNOWN,0,0,0,,,1980-01-21,37.269653,-121.819622,67,1-5ac +12; owner +5,ATTOM taxassessor (Santa Clara County),,
3 Municipal,SAN JOSE CITY,,SAN JOSE,230-29-089,87504,2.009,SANTA CLARA,SJ,OTHER / UNKNOWN,0,0,0,,,,37.367732,-121.924204,67,1-5ac +12; owner +5,ATTOM taxassessor (Santa Clara County),,
3 Municipal,SAN JOSE CITY,,SAN JOSE,678-93-001,87454,2.008,SANTA CLARA,LI,OTHER / UNKNOWN,0,0,0,,,1992-02-07,37.264728,-121.78537,67,1-5ac +12; owner +5,ATTOM taxassessor (Santa Clara County),,
2 Santa Clara County,SANTA CLARA COUNTY,,SAN JOSE,678-04-004,87390,2.006,SANTA CLARA,SJ,OTHER / UNKNOWN,0,0,0,,,1985-05-01,37.246386,-121.771687,67,1-5ac +12; owner +5,ATTOM taxassessor (Santa Clara County),,
3 Municipal,SUNNYVALE CITY,,SUNNYVALE,104-18-063,86329,1.982,SANTA CLARA,SU,OTHER / UNKNOWN,0,0,0,,,1974-07-10,37.395625,-121.989638,67,1-5ac +12; owner +5,ATTOM taxassessor (Santa Clara County),,
2 Santa Clara County,COUNTY OF SANTA CLARA,2975 SAN YSIDRO WAY,SANTA CLARA,205-38-024,85525,1.963,SANTA CLARA,ML,INDUSTRIAL,262024,1331009,1593033,5.080,2016-10-21,2016-10-21,37.375433,-121.996851,67,1-5ac +12; owner +5,ATTOM taxassessor (Santa Clara County),,
2 Santa Clara County,COUNTY OF SANTA CLARA,2945 SAN YSIDRO WAY,SANTA CLARA,205-38-023,85236,1.957,SANTA CLARA,ML,INDUSTRIAL,5047546,1952614,7000160,0.387,2016-10-21,2016-10-21,37.374854,-121.996898,67,1-5ac +12; owner +5,ATTOM taxassessor (Santa Clara County),,
2 Santa Clara County,SANTA CLARA COUNTY,,CUPERTINO,351-18-003,85113,1.954,SANTA CLARA,HS-SR,OTHER / UNKNOWN,0,0,0,,,,37.299001,-122.07921,67,1-5ac +12; owner +5,ATTOM taxassessor (Santa Clara County),,
3 Municipal,PALO ALTO CITY,,PALO ALTO,120-26-095,84506,1.940,SANTA CLARA,PA,OTHER / UNKNOWN,0,0,0,,,1972-12-13,37.446097,-122.162693,67,1-5ac +12; owner +5,ATTOM taxassessor (Santa Clara County),,
2 Santa Clara County,COUNTY OF SANTA CLARA,1888 SENTER RD,SAN JOSE,477-20-147,84268,1.935,SANTA CLARA,M4,INDUSTRIAL,0,0,0,,2021-08-06,2021-08-06,37.315515,-121.854941,67,1-5ac +12; owner +5,ATTOM taxassessor (Santa Clara County),,
1 Federal,UNITED STATES POSTAL SERVICE,4285 PAYNE AVE,SAN JOSE,299-12-006,84000,1.928,SANTA CLARA,C1,Commercial,0,0,0,,2000-08-31,1998-01-21,37.301548,-121.977994,67,Commercial +5; 1-5ac +12,ATTOM taxassessor (Santa Clara County),,
2 Santa Clara County,SANTA CLARA COUNTY,,SAN JOSE,456-31-004,83828,1.924,SANTA CLARA,SJ,OTHER / UNKNOWN,0,0,0,,,,37.299011,-121.862434,67,1-5ac +12; owner +5,ATTOM taxassessor (Santa Clara County),,
4 School / Public Ed,SANTA CLARA UNIFIED S D,,SANTA CLARA,269-13-013,82479,1.894,SANTA CLARA,SC,OTHER / UNKNOWN,0,0,0,,,,37.350338,-121.951105,67,1-5ac +12; owner +5,ATTOM taxassessor (Santa Clara County),,
3 Municipal,SUNNYVALE CITY,,SUNNYVALE,211-07-001,81972,1.882,SANTA CLARA,SU,OTHER / UNKNOWN,0,0,0,,,,37.363445,-122.020285,67,1-5ac +12; owner +5,ATTOM taxassessor (Santa Clara County),,
3 Municipal,CITY OF SAN JOSE,61 N SUNSET AVE,SAN JOSE,481-07-028,80586,1.850,SANTA CLARA,M1H,INDUSTRIAL,5457000,0,5457000,0.000,2023-06-15,2023-06-15,37.35705,-121.850517,67,1-5ac +12; owner +5,ATTOM taxassessor (Santa Clara County),,
3 Municipal,SAN JOSE CITY,,SAN JOSE,567-53-017,80384,1.845,SANTA CLARA,SJ,OTHER / UNKNOWN,0,0,0,,,,37.244558,-121.875165,67,1-5ac +12; owner +5,ATTOM taxassessor (Santa Clara County),,
3 Municipal,SANTA CLARA CITY,880 REED ST,SANTA CLARA,224-02-001,80382,1.845,SANTA CLARA,SC,OTHER / UNKNOWN,0,0,0,,,,37.358663,-121.947095,67,1-5ac +12; owner +5,ATTOM taxassessor (Santa Clara County),,
3 Municipal,SAN JOSE CITY,,SAN JOSE,595-08-001,79715,1.830,SANTA CLARA,HS,OTHER / UNKNOWN,0,0,0,,,,37.405223,-121.78853,67,1-5ac +12; owner +5,ATTOM taxassessor (Santa Clara County),,
3 Municipal,PALO ALTO CITY,,PALO ALTO,116-01-014,79715,1.830,SANTA CLARA,PA,OTHER / UNKNOWN,0,0,0,,,,37.434983,-122.101548,67,1-5ac +12; owner +5,ATTOM taxassessor (Santa Clara County),,
4 School / Public Ed,UNION H S D CAMPBELL,5080 WESTMONT AVE,SAN JOSE,403-11-005,79279,1.820,SANTA CLARA,SJ,OTHER / UNKNOWN,0,0,0,,,,37.270981,-121.990211,67,1-5ac +12; owner +5,ATTOM taxassessor (Santa Clara County),,
3 Municipal,SANTA CLARA CITY,,SANTA CLARA,316-12-001,78371,1.799,SANTA CLARA,SC,OTHER / UNKNOWN,0,0,0,,,,37.331104,-122.000348,67,1-5ac +12; owner +5,ATTOM taxassessor (Santa Clara County),,
2 Santa Clara County,SANTA CLARA COUNTY VECTOR CONT,1580 BERGER DR,SAN JOSE,237-04-070,77972,1.790,SANTA CLARA,I,INDUSTRIAL,0,0,0,,2006-12-12,2006-12-12,37.372603,-121.89578,67,1-5ac +12; owner +5,ATTOM taxassessor (Santa Clara County),,
3 Municipal,SANTA CLARA CITY,,SANTA CLARA,269-06-052,77684,1.783,SANTA CLARA,SC,OTHER / UNKNOWN,0,0,0,,,,37.355116,-121.943596,67,1-5ac +12; owner +5,ATTOM taxassessor (Santa Clara County),,
3 Municipal,SAN JOSE CITY,,SAN JOSE,494-48-076,77033,1.768,SANTA CLARA,SJ,OTHER / UNKNOWN,0,0,0,,,1975-08-22,37.291118,-121.818556,67,1-5ac +12; owner +5,ATTOM taxassessor (Santa Clara County),,
3 Municipal,SAN JOSE CITY,,SAN JOSE,254-03-045,75573,1.735,SANTA CLARA,,INDUSTRIAL,0,0,0,,,1973-09-28,37.360252,-121.867229,67,1-5ac +12; owner +5,ATTOM taxassessor (Santa Clara County),,
3 Municipal,SAN JOSE CITY,WALNUT ST,SAN JOSE,259-08-101,75000,1.722,SANTA CLARA,SJ,OTHER / UNKNOWN,0,0,0,,,1977-11-07,37.343403,-121.910593,67,1-5ac +12; owner +5,ATTOM taxassessor (Santa Clara County),,
3 Municipal,SAN JOSE CITY,,SAN JOSE,458-11-025,74895,1.719,SANTA CLARA,,OTHER / UNKNOWN,0,0,0,,2002-07-10,2002-07-10,37.257087,-121.865677,67,1-5ac +12; owner +5,ATTOM taxassessor (Santa Clara County),,
3 Municipal,CITY OF SAN JOSE,,SAN JOSE,264-56-108,74818,1.718,SANTA CLARA,SJ,OTHER / UNKNOWN,0,0,0,,2011-12-23,2011-12-23,37.311455,-121.897925,67,1-5ac +12; owner +5,ATTOM taxassessor (Santa Clara County),,
3 Municipal,CITY OF SAN JOSE,150 N AUTUMN ST,SAN JOSE,259-29-102,74665,1.714,SANTA CLARA,M1,INDUSTRIAL,0,0,0,,2018-03-12,2018-03-12,37.335012,-121.900457,67,1-5ac +12; owner +5,ATTOM taxassessor (Santa Clara County),,
3 Municipal,SAN JOSE CITY,,SAN JOSE,701-19-024,74285,1.705,SANTA CLARA,SJ,OTHER / UNKNOWN,0,0,0,,,1972-12-27,37.214044,-121.836971,67,1-5ac +12; owner +5,ATTOM taxassessor (Santa Clara County),,
3 Municipal,CUPERTINO CITY,,CUPERTINO,359-25-002,74052,1.700,SANTA CLARA,CU,OTHER / UNKNOWN,0,0,0,,,1981-01-29,37.310796,-122.040342,67,1-5ac +12; owner +5,ATTOM taxassessor (Santa Clara County),,
3 Municipal,CITY OF SAN JOSE,50 BELLEVUE AVE,SAN JOSE,434-24-105,73971,1.698,SANTA CLARA,M1,INDUSTRIAL,0,0,0,,2007-08-31,2007-08-31,37.311921,-121.872644,67,1-5ac +12; owner +5,ATTOM taxassessor (Santa Clara County),,
2 Santa Clara County,SANTA CLARA COUNTY,,SAN JOSE,259-04-011,73809,1.694,SANTA CLARA,LI,OTHER / UNKNOWN,0,0,0,,,,37.351731,-121.904933,67,1-5ac +12; owner +5,ATTOM taxassessor (Santa Clara County),,
3 Municipal,PALO ALTO CITY,,PALO ALTO,132-06-012,73405,1.685,SANTA CLARA,PA,OTHER / UNKNOWN,0,0,0,,,,37.423579,-122.114602,67,1-5ac +12; owner +5,ATTOM taxassessor (Santa Clara County),,
4 School / Public Ed,VIEW S D MT,1175 CASTRO ST,MOUNTAIN VIEW,193-01-003,73181,1.680,SANTA CLARA,PF,OTHER / UNKNOWN,0,0,0,,,,37.381502,-122.084436,67,1-5ac +12; owner +5,ATTOM taxassessor (Santa Clara County),,
3 Municipal,SAN JOSE CITY,,SAN JOSE,499-23-005,73120,1.679,SANTA CLARA,SJ,OTHER / UNKNOWN,0,0,0,,,,37.308636,-121.839213,67,1-5ac +12; owner +5,ATTOM taxassessor (Santa Clara County),,
3 Municipal,MT VIEW CITY,,MOUNTAIN VIEW,148-15-013,72745,1.670,SANTA CLARA,P(8),OTHER / UNKNOWN,0,0,0,,,1974-07-08,37.407435,-122.110993,67,1-5ac +12; owner +5,ATTOM taxassessor (Santa Clara County),,
3 Municipal,SANTA CLARA CITY,1515 EL CAMINO REAL,SANTA CLARA,224-48-015,72469,1.664,SANTA CLARA,SC,OTHER / UNKNOWN,0,0,0,,,,37.352914,-121.954127,67,1-5ac +12; owner +5,ATTOM taxassessor (Santa Clara County),,
3 Municipal,SANTA CLARA CITY,,SANTA CLARA,216-28-062,72164,1.657,SANTA CLARA,SC,OTHER / UNKNOWN,0,0,0,,,1974-12-17,37.371037,-121.976408,67,1-5ac +12; owner +5,ATTOM taxassessor (Santa Clara County),,
3 Municipal,SAN JOSE CITY,,SAN JOSE,706-05-024,71787,1.648,SANTA CLARA,SJ,OTHER / UNKNOWN,0,0,0,,,1979-05-03,37.237733,-121.7998,67,1-5ac +12; owner +5,ATTOM taxassessor (Santa Clara County),,
3 Municipal,CUPERTINO CITY,TUSCANY PL,CUPERTINO,359-25-048,71617,1.644,SANTA CLARA,CU,OTHER / UNKNOWN,0,0,0,,,1981-01-29,37.31008,-122.040385,67,1-5ac +12; owner +5,ATTOM taxassessor (Santa Clara County),,
3 Municipal,SAN JOSE CITY,,SAN JOSE,241-37-012,71504,1.642,SANTA CLARA,SJ,OTHER / UNKNOWN,0,0,0,,,1985-12-23,37.381128,-121.882379,67,1-5ac +12; owner +5,ATTOM taxassessor (Santa Clara County),,
4 School / Public Ed,SIDE UNION H S D EAST,725 CAPITOL EXPRESSWAY AUTO MALL,SAN JOSE,459-05-032,71374,1.639,SANTA CLARA,SJ,INDUSTRIAL,0,0,0,,,1972-11-20,37.275825,-121.865217,67,1-5ac +12; owner +5,ATTOM taxassessor (Santa Clara County),,
3 Municipal,PALO ALTO CITY,,PALO ALTO,127-08-098,70539,1.619,SANTA CLARA,PA,OTHER / UNKNOWN,0,0,0,,,,37.437489,-122.113653,67,1-5ac +12; owner +5,ATTOM taxassessor (Santa Clara County),,
2 Santa Clara County,SANTA CLARA COUNTY BOARD EDUCATION,,SAN JOSE,261-39-010,70349,1.615,SANTA CLARA,MH,OTHER / UNKNOWN,0,0,0,,,1976-09-22,37.324806,-121.905474,67,1-5ac +12; owner +5,ATTOM taxassessor (Santa Clara County),,
3 Municipal,SAN JOSE CITY,,SAN JOSE,494-26-023,70020,1.607,SANTA CLARA,SJ,OTHER / UNKNOWN,0,0,0,,,,37.294652,-121.819595,67,1-5ac +12; owner +5,ATTOM taxassessor (Santa Clara County),,
3 Municipal,SANTA CLARA CITY,,SANTA CLARA,230-08-078,69730,1.601,SANTA CLARA,SC,OTHER / UNKNOWN,0,0,0,,,1972-12-21,37.352788,-121.937229,67,1-5ac +12; owner +5,ATTOM taxassessor (Santa Clara County),,
3 Municipal,CAMPBELL CITY,77 HARRISON AVE,CAMPBELL,279-41-063,69696,1.600,SANTA CLARA,CA,OTHER / UNKNOWN,0,0,0,,,1972-12-27,37.288278,-121.942994,67,1-5ac +12; owner +5,ATTOM taxassessor (Santa Clara County),,
3 Municipal,SAN JOSE CITY,,SAN JOSE,434-01-059,69523,1.596,SANTA CLARA,,OTHER / UNKNOWN,0,0,0,,,,37.309801,-121.892985,67,1-5ac +12; owner +5,ATTOM taxassessor (Santa Clara County),,
3 Municipal,SAN JOSE CITY,,SAN JOSE,567-73-067,68783,1.579,SANTA CLARA,I,INDUSTRIAL,0,0,0,,,1993-07-02,37.236687,-121.893008,67,1-5ac +12; owner +5,ATTOM taxassessor (Santa Clara County),,
3 Municipal,PALO ALTO CITY,,PALO ALTO,127-53-019,68171,1.565,SANTA CLARA,PA,OTHER / UNKNOWN,0,0,0,,,1987-04-28,37.431683,-122.124808,67,1-5ac +12; owner +5,ATTOM taxassessor (Santa Clara County),,
2 Santa Clara County,SANTA CLARA COUNTY,,SAN JOSE,678-07-004,67410,1.548,SANTA CLARA,LI,OTHER / UNKNOWN,0,0,0,,,,37.256188,-121.79032,67,1-5ac +12; owner +5,ATTOM taxassessor (Santa Clara County),,
3 Municipal,SANTA CLARA CITY,530 ROBERT AVE,SANTA CLARA,230-03-067,65776,1.510,SANTA CLARA,MH,INDUSTRIAL,0,0,0,,,,37.364315,-121.94458,67,1-5ac +12; owner +5,ATTOM taxassessor (Santa Clara County),,
3 Municipal,SAN JOSE CITY,VIOLA AVE,SAN JOSE,264-29-092,65684,1.508,SANTA CLARA,CG,OTHER / UNKNOWN,0,0,0,,,1976-08-19,37.328737,-121.888839,67,1-5ac +12; owner +5,ATTOM taxassessor (Santa Clara County),,
3 Municipal,PALO ALTO CITY,,PALO ALTO,127-24-048,65480,1.503,SANTA CLARA,PA,OTHER / UNKNOWN,0,0,0,,,1958-04-16,37.435567,-122.118555,67,1-5ac +12; owner +5,ATTOM taxassessor (Santa Clara County),,
3 Municipal,SAN JOSE CITY,,SAN JOSE,259-44-082,65176,1.496,SANTA CLARA,SJ,OTHER / UNKNOWN,0,0,0,,,,37.331162,-121.894851,67,1-5ac +12; owner +5,ATTOM taxassessor (Santa Clara County),,
3 Municipal,SAN JOSE CITY,491 W TRIMBLE RD,SAN JOSE,101-18-004,64904,1.490,SANTA CLARA,IP,OTHER / UNKNOWN,0,0,0,,,1978-05-09,37.381816,-121.936872,67,1-5ac +12; owner +5,ATTOM taxassessor (Santa Clara County),,
3 Municipal,SANTA CLARA CITY,,SANTA CLARA,290-39-064,64294,1.476,SANTA CLARA,SC,OTHER / UNKNOWN,0,0,0,,,,37.339142,-121.978366,67,1-5ac +12; owner +5,ATTOM taxassessor (Santa Clara County),,
2 Santa Clara County,SANTA CLARA COUNTY,,SAN JOSE,491-15-023,64131,1.472,SANTA CLARA,IP,OTHER / UNKNOWN,0,0,0,,,1965-12-03,37.338265,-121.819494,67,1-5ac +12; owner +5,ATTOM taxassessor (Santa Clara County),,
2 Santa Clara County,SANTA CLARA COUNTY,1250 DELL AVE,CAMPBELL,424-02-010,62726,1.440,SANTA CLARA,PF/OS,OTHER / UNKNOWN,0,0,0,,,,37.268676,-121.951579,67,1-5ac +12; owner +5,ATTOM taxassessor (Santa Clara County),,
2 Santa Clara County,SANTA CLARA COUNTY,,SAN JOSE,261-03-046,62291,1.430,SANTA CLARA,SJ,OTHER / UNKNOWN,0,0,0,,,1974-08-22,37.335003,-121.910689,67,1-5ac +12; owner +5,ATTOM taxassessor (Santa Clara County),,
3 Municipal,SAN JOSE CITY,1311 AIRPORT BLVD,SAN JOSE,230-46-020,61315,1.408,SANTA CLARA,SJ,OTHER / UNKNOWN,0,0,0,,,,37.356397,-121.915147,67,1-5ac +12; owner +5,ATTOM taxassessor (Santa Clara County),,
3 Municipal,SAN JOSE CITY,,SAN JOSE,694-02-011,60113,1.380,SANTA CLARA,SJ,OTHER / UNKNOWN,0,0,0,,,1977-01-24,37.242841,-121.86942,67,1-5ac +12; owner +5,ATTOM taxassessor (Santa Clara County),,
3 Municipal,SUNNYVALE CITY,,SUNNYVALE,165-04-001,58370,1.340,SANTA CLARA,SU,OTHER / UNKNOWN,0,0,0,,,,37.372039,-122.039333,67,1-5ac +12; owner +5,ATTOM taxassessor (Santa Clara County),,
2 Santa Clara County,SANTA CLARA COUNTY,,SAN JOSE,254-19-040,57952,1.330,SANTA CLARA,SJ,OTHER / UNKNOWN,0,0,0,,,1985-12-31,37.369898,-121.86909,67,1-5ac +12; owner +5,ATTOM taxassessor (Santa Clara County),,
3 Municipal,PALO ALTO CITY,,PALO ALTO,351-06-013,57736,1.325,SANTA CLARA,PA,OTHER / UNKNOWN,0,0,0,,,,37.324822,-122.167662,67,1-5ac +12; owner +5,ATTOM taxassessor (Santa Clara County),,
2 Santa Clara County,SANTA CLARA COUNTY,,SAN JOSE,678-07-017,57666,1.324,SANTA CLARA,SJ,OTHER / UNKNOWN,0,0,0,,,1985-05-01,37.253095,-121.78793,67,1-5ac +12; owner +5,ATTOM taxassessor (Santa Clara County),,
3 Municipal,SAN JOSE CITY,,SAN JOSE,595-38-018,57642,1.323,SANTA CLARA,SJ,OTHER / UNKNOWN,0,0,0,,,1984-04-30,37.414432,-121.85137,67,1-5ac +12; owner +5,ATTOM taxassessor (Santa Clara County),,
3 Municipal,SUNNYVALE CITY,,SUNNYVALE,104-01-027,57515,1.320,SANTA CLARA,SU,OTHER / UNKNOWN,0,0,0,,,,37.414558,-121.987204,67,1-5ac +12; owner +5,ATTOM taxassessor (Santa Clara County),,
3 Municipal,SAN JOSE CITY,,SAN JOSE,230-46-041,57428,1.318,SANTA CLARA,SJ,OTHER / UNKNOWN,0,0,0,,,1973-04-25,37.353592,-121.925073,67,1-5ac +12; owner +5,ATTOM taxassessor (Santa Clara County),,
3 Municipal,SAN JOSE CITY,,SAN JOSE,249-40-053,57400,1.318,SANTA CLARA,SJ,OTHER / UNKNOWN,0,0,0,,,,37.347687,-121.895679,67,1-5ac +12; owner +5,ATTOM taxassessor (Santa Clara County),,
2 Santa Clara County,SANTA CLARA COUNTY,,CAMPBELL,424-09-067,57315,1.316,SANTA CLARA,PF/OS,OTHER / UNKNOWN,0,0,0,,,,37.263093,-121.952593,67,1-5ac +12; owner +5,ATTOM taxassessor (Santa Clara County),,
3 Municipal,PALO ALTO CITY,WEBSTER ST,PALO ALTO,120-03-084,57230,1.314,SANTA CLARA,PC,OTHER / UNKNOWN,0,0,0,,,,37.44853,-122.158024,67,1-5ac +12; owner +5,ATTOM taxassessor (Santa Clara County),,
3 Municipal,CAMPBELL CITY,485 W SUNNYOAKS AVE,CAMPBELL,404-30-017,57064,1.310,SANTA CLARA,P-F,OTHER / UNKNOWN,0,0,0,,,,37.273539,-121.958326,67,1-5ac +12; owner +5,ATTOM taxassessor (Santa Clara County),,
2 Santa Clara County,COUNTY OF SANTA CLARA,1996 LUNDY AVE,SAN JOSE,244-15-013,57064,1.310,SANTA CLARA,IP,INDUSTRIAL,0,0,0,,2018-07-10,2018-07-10,37.395323,-121.890107,67,1-5ac +12; owner +5,ATTOM taxassessor (Santa Clara County),,
3 Municipal,CAMPBELL CITY,,CAMPBELL,412-07-019,56935,1.307,SANTA CLARA,P-D,OTHER / UNKNOWN,0,0,0,,,1978-09-25,37.284816,-121.944564,67,1-5ac +12; owner +5,ATTOM taxassessor (Santa Clara County),,
3 Municipal,CAMPBELL CITY,,CAMPBELL,412-32-021,56876,1.306,SANTA CLARA,M-1,OTHER / UNKNOWN,0,0,0,,,,37.277211,-121.945109,67,1-5ac +12; owner +5,ATTOM taxassessor (Santa Clara County),,
4 School / Public Ed,VIEW UNION H S D MT,333 MOFFETT BLVD,MOUNTAIN VIEW,158-45-004,56628,1.300,SANTA CLARA,CRA,INDUSTRIAL,0,0,0,,,1990-02-20,37.398454,-122.074885,67,1-5ac +12; owner +5,ATTOM taxassessor (Santa Clara County),,
3 Municipal,SAN JOSE CITY,,SAN JOSE,659-02-008,56303,1.293,SANTA CLARA,SJ,OTHER / UNKNOWN,0,0,0,,,1982-02-26,37.31348,-121.762508,67,1-5ac +12; owner +5,ATTOM taxassessor (Santa Clara County),,
3 Municipal,SAN JOSE CITY,496 SUNOL ST,SAN JOSE,264-11-108,56280,1.292,SANTA CLARA,HI,INDUSTRIAL,0,0,0,,2015-04-16,2015-04-16,37.320242,-121.904909,67,1-5ac +12; owner +5,ATTOM taxassessor (Santa Clara County),,
3 Municipal,SAN JOSE CITY,,SAN JOSE,680-02-005,56051,1.287,SANTA CLARA,SJ,OTHER / UNKNOWN,0,0,0,,,1987-12-24,37.298616,-121.771814,67,1-5ac +12; owner +5,ATTOM taxassessor (Santa Clara County),,
2 Santa Clara County,SANTA CLARA COUNTY,,SAN JOSE,491-15-032,55639,1.277,SANTA CLARA,IP,OTHER / UNKNOWN,0,0,0,,1994-06-28,1994-06-28,37.338966,-121.820171,67,1-5ac +12; owner +5,ATTOM taxassessor (Santa Clara County),,
3 Municipal,MT VIEW CITY,,MOUNTAIN VIEW,116-16-062,55409,1.272,SANTA CLARA,P(33),OTHER / UNKNOWN,0,0,0,,,,37.411613,-122.069045,67,1-5ac +12; owner +5,ATTOM taxassessor (Santa Clara County),,
3 Municipal,PALO ALTO CITY,,PALO ALTO,137-16-031,55394,1.272,SANTA CLARA,PA,OTHER / UNKNOWN,0,0,0,,,1976-12-21,37.41261,-122.140257,67,1-5ac +12; owner +5,ATTOM taxassessor (Santa Clara County),,
4 School / Public Ed,ROCK UNION S D ALUM,,SAN JOSE,491-16-023,55383,1.271,SANTA CLARA,SJ,OTHER / UNKNOWN,0,0,0,,,,37.335005,-121.827197,67,1-5ac +12; owner +5,ATTOM taxassessor (Santa Clara County),,
2 Santa Clara County,COUNTY OF SANTA CLARA,999 HAMLIN CT,SUNNYVALE,110-07-039,54885,1.260,SANTA CLARA,M1,INDUSTRIAL,0,0,0,,2015-11-16,2015-11-16,37.401482,-122.030017,67,1-5ac +12; owner +5,ATTOM taxassessor (Santa Clara County),,
3 Municipal,SAN JOSE CITY,,SAN JOSE,230-38-083,54014,1.240,SANTA CLARA,C,OTHER / UNKNOWN,0,0,0,,,1974-12-10,37.34952,-121.913854,67,1-5ac +12; owner +5,ATTOM taxassessor (Santa Clara County),,
4 School / Public Ed,UNION S D CAMPBELL,,CAMPBELL,279-38-019,54014,1.240,SANTA CLARA,P-F,OTHER / UNKNOWN,0,0,0,,,,37.28896,-121.94772,67,1-5ac +12; owner +5,ATTOM taxassessor (Santa Clara County),,
3 Municipal,SUNNYVALE CITY,,SUNNYVALE,209-05-047,53704,1.233,SANTA CLARA,SU,OTHER / UNKNOWN,0,0,0,,,1982-10-14,37.376465,-122.028316,67,1-5ac +12; owner +5,ATTOM taxassessor (Santa Clara County),,
3 Municipal,SUNNYVALE CITY (CA),239 COMMERCIAL ST,SUNNYVALE,205-34-007,53579,1.230,SANTA CLARA,M1,INDUSTRIAL,0,0,0,,2003-02-13,1989-01-12,37.379658,-122.008422,67,1-5ac +12; owner +5,ATTOM taxassessor (Santa Clara County),,
3 Municipal,PALO ALTO CITY,,PALO ALTO,137-02-053,52965,1.216,SANTA CLARA,PA,OTHER / UNKNOWN,0,0,0,,,1982-12-09,37.42428,-122.150701,67,1-5ac +12; owner +5,ATTOM taxassessor (Santa Clara County),,
3 Municipal,CAMPBELL CITY,,CAMPBELL,412-09-045,52175,1.198,SANTA CLARA,PF/OS,OTHER / UNKNOWN,0,0,0,,,,37.286351,-121.939645,67,1-5ac +12; owner +5,ATTOM taxassessor (Santa Clara County),,
3 Municipal,SANTA CLARA CITY,,SANTA CLARA,104-13-067,52165,1.198,SANTA CLARA,SC,OTHER / UNKNOWN,0,0,0,,,1975-06-03,37.38969,-121.969062,67,1-5ac +12; owner +5,ATTOM taxassessor (Santa Clara County),,
3 Municipal,PALO ALTO CITY,,PALO ALTO,137-02-025,51898,1.191,SANTA CLARA,PA,OTHER / UNKNOWN,0,0,0,,,,37.423233,-122.148723,67,1-5ac +12; owner +5,ATTOM taxassessor (Santa Clara County),,
3 Municipal,SUNNYVALE CITY,E MC KINLEY AVE,SUNNYVALE,209-21-001,51892,1.191,SANTA CLARA,SU,OTHER / UNKNOWN,0,0,0,,,1984-01-24,37.371833,-122.024098,67,1-5ac +12; owner +5,ATTOM taxassessor (Santa Clara County),,
3 Municipal,SAN JOSE CITY,,SAN JOSE,577-24-001,51873,1.191,SANTA CLARA,SJ,OTHER / UNKNOWN,0,0,0,,,,37.222045,-121.867915,67,1-5ac +12; owner +5,ATTOM taxassessor (Santa Clara County),,
3 Municipal,SAN JOSE CITY,,SAN JOSE,429-51-027,51281,1.177,SANTA CLARA,SJ,OTHER / UNKNOWN,0,0,0,,,1988-09-07,37.303046,-121.9111,67,1-5ac +12; owner +5,ATTOM taxassessor (Santa Clara County),,
3 Municipal,SANTA CLARA CITY,,SANTA CLARA,269-22-109,50845,1.167,SANTA CLARA,SC,OTHER / UNKNOWN,0,0,0,,,,37.348149,-121.947094,67,1-5ac +12; owner +5,ATTOM taxassessor (Santa Clara County),,
3 Municipal,CUPERTINO CITY,,CUPERTINO,326-49-036,50586,1.161,SANTA CLARA,CU,OTHER / UNKNOWN,0,0,0,,,,37.331358,-122.059142,67,1-5ac +12; owner +5,ATTOM taxassessor (Santa Clara County),,
3 Municipal,PALO ALTO CITY,,PALO ALTO,137-05-028,50298,1.155,SANTA CLARA,PA,OTHER / UNKNOWN,0,0,0,,,1985-12-24,37.418976,-122.152263,67,1-5ac +12; owner +5,ATTOM taxassessor (Santa Clara County),,
2 Santa Clara County,COUNTY OF SANTA CLARA,,SAN JOSE,491-15-042,50027,1.149,SANTA CLARA,SJ,OTHER / UNKNOWN,0,0,0,,2021-08-26,,37.33963,-121.819653,67,1-5ac +12; owner +5,ATTOM taxassessor (Santa Clara County),,
3 Municipal,PALO ALTO CITY,,PALO ALTO,137-06-028,49910,1.146,SANTA CLARA,PA,OTHER / UNKNOWN,0,0,0,,,1986-04-01,37.420025,-122.15423,67,1-5ac +12; owner +5,ATTOM taxassessor (Santa Clara County),,
3 Municipal,SAN JOSE CITY,,SAN JOSE,499-35-002,49658,1.140,SANTA CLARA,SJ,OTHER / UNKNOWN,0,0,0,,,,37.298587,-121.827599,67,1-5ac +12; owner +5,ATTOM taxassessor (Santa Clara County),,
3 Municipal,SANTA CLARA CITY,,SANTA CLARA,269-22-093,49658,1.140,SANTA CLARA,SC,OTHER / UNKNOWN,0,0,0,,2009-04-29,2009-04-29,37.349209,-121.945314,67,1-5ac +12; owner +5,ATTOM taxassessor (Santa Clara County),,
4 School / Public Ed,MCKINLEY S D FRANKLIN,,SAN JOSE,477-20-150,49535,1.137,SANTA CLARA,MI,INDUSTRIAL,0,0,0,,,1989-03-22,37.313582,-121.848792,67,1-5ac +12; owner +5,ATTOM taxassessor (Santa Clara County),,
2 Santa Clara County,SANTA CLARA COUNTY,,SUNNYVALE,205-31-001,49404,1.134,SANTA CLARA,SU,OTHER / UNKNOWN,0,0,0,,,,37.379725,-122.018343,67,1-5ac +12; owner +5,ATTOM taxassessor (Santa Clara County),,
3 Municipal,SANTA CLARA CITY,,SANTA CLARA,104-64-029,48858,1.122,SANTA CLARA,,OTHER / UNKNOWN,0,0,0,,2000-11-30,2000-11-30,37.397262,-121.9647,67,1-5ac +12; owner +5,ATTOM taxassessor (Santa Clara County),,
3 Municipal,SAN JOSE CITY,,SAN JOSE,230-46-037,48469,1.113,SANTA CLARA,SJ,OTHER / UNKNOWN,0,0,0,,,1973-04-25,37.356679,-121.915559,67,1-5ac +12; owner +5,ATTOM taxassessor (Santa Clara County),,
3 Municipal,SAN JOSE CITY,,SAN JOSE,599-23-055,48035,1.103,SANTA CLARA,SJ,OTHER / UNKNOWN,0,0,0,,,,37.394196,-121.829756,67,1-5ac +12; owner +5,ATTOM taxassessor (Santa Clara County),,
3 Municipal,SAN JOSE CITY,3580 NORWOOD AVE,SAN JOSE,654-53-060,47975,1.101,SANTA CLARA,SJ,OTHER / UNKNOWN,0,0,0,,,,37.332579,-121.776613,67,1-5ac +12; owner +5,ATTOM taxassessor (Santa Clara County),,
3 Municipal,CITY OF SAN JOSE,1138 OLINDER CT,SAN JOSE,472-10-108,47916,1.100,SANTA CLARA,IP,INDUSTRIAL,0,0,0,,2021-10-20,2021-10-20,37.335239,-121.851779,67,1-5ac +12; owner +5,ATTOM taxassessor (Santa Clara County),,
3 Municipal,SAN JOSE CITY,,SAN JOSE,660-21-018,47916,1.100,SANTA CLARA,SJ,OTHER / UNKNOWN,0,0,0,,,1982-11-15,37.299409,-121.770089,67,1-5ac +12; owner +5,ATTOM taxassessor (Santa Clara County),,
3 Municipal,CITY OF SAN JOSE,,SAN JOSE,264-54-067,47850,1.099,SANTA CLARA,SJ,OTHER / UNKNOWN,0,0,0,,2011-12-23,2011-12-23,37.313329,-121.902055,67,1-5ac +12; owner +5,ATTOM taxassessor (Santa Clara County),,
3 Municipal,SAN JOSE CITY,,SAN JOSE,230-29-090,47419,1.089,SANTA CLARA,,OTHER / UNKNOWN,0,0,0,,,,37.363028,-121.918392,67,1-5ac +12; owner +5,ATTOM taxassessor (Santa Clara County),,
3 Municipal,SAN JOSE CITY,3295 FOWLER RD,SAN JOSE,659-02-003,47401,1.088,SANTA CLARA,SJ,OTHER / UNKNOWN,0,0,0,,,1975-05-02,37.313997,-121.757539,67,1-5ac +12; owner +5,ATTOM taxassessor (Santa Clara County),,
3 Municipal,SAN JOSE CITY,,SAN JOSE,467-21-002,47371,1.088,SANTA CLARA,CG,OTHER / UNKNOWN,0,0,0,,,,37.337979,-121.889484,67,1-5ac +12; owner +5,ATTOM taxassessor (Santa Clara County),,
3 Municipal,PALO ALTO CITY,,PALO ALTO,132-39-065,47120,1.082,SANTA CLARA,PA,OTHER / UNKNOWN,0,0,0,,,,37.421175,-122.13501,67,1-5ac +12; owner +5,ATTOM taxassessor (Santa Clara County),,
3 Municipal,MT VIEW CITY,,SUNNYVALE,198-42-033,46845,1.075,SANTA CLARA,SU,OTHER / UNKNOWN,0,0,0,,,1969-11-19,37.363365,-122.062271,67,1-5ac +12; owner +5,ATTOM taxassessor (Santa Clara County),,
3 Municipal,SAN JOSE CITY,,SAN JOSE,467-29-032,46447,1.066,SANTA CLARA,SJ,OTHER / UNKNOWN,0,0,0,,,1978-06-23,37.34352,-121.873609,67,1-5ac +12; owner +5,ATTOM taxassessor (Santa Clara County),,
3 Municipal,SANTA CLARA CITY,,SANTA CLARA,101-11-005,46196,1.061,SANTA CLARA,SC,OTHER / UNKNOWN,0,0,0,,,1974-03-01,37.380587,-121.949575,67,1-5ac +12; owner +5,ATTOM taxassessor (Santa Clara County),,
3 Municipal,SAN JOSE CITY,,SAN JOSE,254-19-048,46070,0.000,SANTA CLARA,SJ,OTHER / UNKNOWN,0,0,0,,,,37.370318,-121.871079,67,1-5ac +12; owner +5,ATTOM taxassessor (Santa Clara County),,
2 Santa Clara County,SANTA CLARA COUNTY,,SAN JOSE,494-62-022,45925,1.054,SANTA CLARA,SJ,OTHER / UNKNOWN,0,0,0,,,1990-11-20,37.289916,-121.81758,67,1-5ac +12; owner +5,ATTOM taxassessor (Santa Clara County),,
3 Municipal,SAN JOSE CITY,,SAN JOSE,230-46-036,45892,1.054,SANTA CLARA,SJ,OTHER / UNKNOWN,0,0,0,,,1973-04-25,37.356999,-121.91556,67,1-5ac +12; owner +5,ATTOM taxassessor (Santa Clara County),,
3 Municipal,SAN JOSE CITY,,SAN JOSE,673-19-102,45738,1.050,SANTA CLARA,SJ,OTHER / UNKNOWN,0,0,0,,,,37.317616,-121.802229,67,1-5ac +12; owner +5,ATTOM taxassessor (Santa Clara County),,
3 Municipal,SAN JOSE CITY,,SAN JOSE,673-17-065,45302,1.040,SANTA CLARA,SJ,OTHER / UNKNOWN,0,0,0,,,,37.316976,-121.800768,67,1-5ac +12; owner +5,ATTOM taxassessor (Santa Clara County),,
3 Municipal,SANTA CLARA CITY,,SANTA CLARA,216-31-032,45165,1.037,SANTA CLARA,SC,OTHER / UNKNOWN,0,0,0,,,,37.381693,-121.97832,67,1-5ac +12; owner +5,ATTOM taxassessor (Santa Clara County),,
3 Municipal,SAN JOSE CITY,,SAN JOSE,259-03-143,44936,1.032,SANTA CLARA,SJ,OTHER / UNKNOWN,0,0,0,,2002-07-03,2002-07-03,37.348262,-121.908574,67,1-5ac +12; owner +5,ATTOM taxassessor (Santa Clara County),,
3 Municipal,PALO ALTO CITY,,PALO ALTO,127-10-060,44334,1.018,SANTA CLARA,PA,OTHER / UNKNOWN,0,0,0,,,,37.430852,-122.105541,67,1-5ac +12; owner +5,ATTOM taxassessor (Santa Clara County),,
2 Santa Clara County,SANTA CLARA COUNTY,,SAN JOSE,491-15-030,44018,1.011,SANTA CLARA,IP,OTHER / UNKNOWN,0,0,0,,,1966-02-27,37.338325,-121.821077,67,1-5ac +12; owner +5,ATTOM taxassessor (Santa Clara County),,
2 Santa Clara County,SANTA CLARA COUNTY,,SAN JOSE,491-15-020,43813,1.006,SANTA CLARA,IP,OTHER / UNKNOWN,0,0,0,,,,37.338643,-121.822322,67,1-5ac +12; owner +5,ATTOM taxassessor (Santa Clara County),,
2 Santa Clara County,SANTA CLARA COUNTY,,SAN JOSE,491-15-005,43581,1.001,SANTA CLARA,IP,OTHER / UNKNOWN,0,0,0,,,1965-12-03,37.337326,-121.820066,67,1-5ac +12; owner +5,ATTOM taxassessor (Santa Clara County),,
5 State of California,CALIFORNIA STATE,,CAMPBELL,424-04-082,13517,0.310,SANTA CLARA,R1-8,OTHER / UNKNOWN,0,0,0,,,1985-12-09,37.258394,-121.953431,67,<1ac infill +20; owner -15; zoning R1-8 +12,ATTOM taxassessor (Santa Clara County),,
5 State of California,CALIFORNIA STATE,,SAN JOSE,230-32-100,7875,0.181,SANTA CLARA,R2,OTHER / UNKNOWN,0,0,0,,,,37.35985,-121.914919,67,<1ac infill +20; owner -15; zoning R2 +12,ATTOM taxassessor (Santa Clara County),,
5 State of California,CALIFORNIA STATE,5157 DENT AVE,SAN JOSE,569-39-126,41969,0.963,SANTA CLARA,SJ,Residential,0,0,0,,,1985-09-24,37.250624,-121.899668,65,Residential +10; <1ac infill +20; owner -15,ATTOM taxassessor (Santa Clara County),,
3 Municipal,SAN JOSE CITY FINANCING AUTHORITY,1460 N 4TH ST,SAN JOSE,235-04-005,32535,0.747,SANTA CLARA,APD,COMMERCIAL,0,0,0,,2010-05-21,2010-05-21,37.365018,-121.907153,65,COMMERCIAL +5; <1ac infill +20; owner +5; zoning APD -15,ATTOM taxassessor (Santa Clara County),,
3 Municipal,SAN JOSE CITY,,SAN JOSE,472-14-064,31563,0.725,SANTA CLARA,APD,COMMERCIAL,0,0,0,,,,37.323259,-121.874357,65,COMMERCIAL +5; <1ac infill +20; owner +5; zoning APD -15,ATTOM taxassessor (Santa Clara County),,
3 Municipal,SAN JOSE CITY,233 FORD RD,SAN JOSE,678-53-007,28681,0.658,SANTA CLARA,APD,COMMERCIAL,0,0,0,,,,37.254153,-121.796179,65,COMMERCIAL +5; <1ac infill +20; owner +5; zoning APD -15,ATTOM taxassessor (Santa Clara County),,
2 Santa Clara County,SANTA CLARA COUNTY TRANSIT DIST,,SAN JOSE,462-15-035,21298,0.000,SANTA CLARA,A140,VACANT LAND,0,0,0,,,1985-01-02,37.275108,-121.86038,65,VACANT LAND +25; <1ac infill +20; owner -15; zoning A140 -15,ATTOM taxassessor (Santa Clara County),,
2 Santa Clara County,SANTA CLARA VTA,,SAN JOSE,254-17-109,16509,0.379,SANTA CLARA,APD,VACANT LAND,0,0,0,,,,37.369044,-121.875045,65,VACANT LAND +25; <1ac infill +20; owner -15; zoning APD -15,ATTOM taxassessor (Santa Clara County),,
3 Municipal,CITY OF SAN JOSE,,SAN JOSE,249-08-033,12458,0.286,SANTA CLARA,APD,COMMERCIAL,0,0,0,,2018-07-06,,37.355522,-121.892877,65,COMMERCIAL +5; <1ac infill +20; owner +5; zoning APD -15,ATTOM taxassessor (Santa Clara County),,
5 State of California,CALIFORNIA STATE,,SAN JOSE,264-48-104,10590,0.243,SANTA CLARA,OS,VACANT LAND,0,0,0,,,1984-08-16,37.316971,-121.888679,65,VACANT LAND +25; <1ac infill +20; owner -15; zoning OS -15,ATTOM taxassessor (Santa Clara County),,
3 Municipal,CITY OF SAN JOSE,,SAN JOSE,261-33-051,9838,0.226,SANTA CLARA,APD,COMMERCIAL,0,0,0,,2007-09-19,,37.328995,-121.904974,65,COMMERCIAL +5; <1ac infill +20; owner +5; zoning APD -15,ATTOM taxassessor (Santa Clara County),,
5 State of California,CALIFORNIA STATE,,SAN JOSE,464-38-054,9583,0.220,SANTA CLARA,CN,Residential,0,0,0,,,1974-02-08,37.264715,-121.858506,65,Residential +10; <1ac infill +20; owner -15,ATTOM taxassessor (Santa Clara County),,
3 Municipal,CITY OF SAN JOSE,1343 THE ALAMEDA,SAN JOSE,261-23-064,7579,0.174,SANTA CLARA,A(PD),Commercial,0,0,0,,2018-07-27,2018-07-27,37.332201,-121.913374,65,Commercial +5; <1ac infill +20; owner +5; zoning A(PD) -15,ATTOM taxassessor (Santa Clara County),,
4 School / Public Ed,S D EVERGREEN,,SAN JOSE,659-21-001,847725,19.461,SANTA CLARA,R1-8,OTHER / UNKNOWN,0,0,0,,,,37.323199,-121.785251,62,5-20ac -5; owner +5; zoning R1-8 +12,ATTOM taxassessor (Santa Clara County),,
3 Municipal,SAN JOSE CITY,,SAN JOSE,015-31-062,828511,19.020,SANTA CLARA,R-M,OTHER / UNKNOWN,0,0,0,,,,37.421267,-121.942374,62,5-20ac -5; owner +5; zoning R-M +12,ATTOM taxassessor (Santa Clara County),,
3 Municipal,SAN JOSE CITY,,SAN JOSE,589-09-016,556261,12.770,SANTA CLARA,R1-8,OTHER / UNKNOWN,0,0,0,,,1976-10-04,37.402213,-121.867356,62,5-20ac -5; owner +5; zoning R1-8 +12,ATTOM taxassessor (Santa Clara County),,
4 School / Public Ed,UNION S D BERRYESSA,,SAN JOSE,587-03-001,555932,12.762,SANTA CLARA,R1-8,OTHER / UNKNOWN,0,0,0,,,,37.404338,-121.856681,62,5-20ac -5; owner +5; zoning R1-8 +12,ATTOM taxassessor (Santa Clara County),,
2 Santa Clara County,SANTA CLARA COUNTY,,SAN JOSE,583-20-004,517538,11.881,SANTA CLARA,RR-H1,OTHER / UNKNOWN,0,0,0,,,1981-09-30,37.172248,-121.825764,62,5-20ac -5; owner +5; zoning RR-H1 +12,ATTOM taxassessor (Santa Clara County),,
4 School / Public Ed,SAN JOSE UNIFIED S D,276 N 24TH ST,SAN JOSE,467-11-042,510041,11.709,SANTA CLARA,R2,OTHER / UNKNOWN,0,0,0,,,,37.347958,-121.870941,62,5-20ac -5; owner +5; zoning R2 +12,ATTOM taxassessor (Santa Clara County),,
3 Municipal,SAN JOSE CITY,,SAN JOSE,484-37-001,484373,11.120,SANTA CLARA,R1-8,OTHER / UNKNOWN,0,0,0,,,,37.351561,-121.833088,62,5-20ac -5; owner +5; zoning R1-8 +12,ATTOM taxassessor (Santa Clara County),,
2 Santa Clara County,SANTA CLARA COUNTY,BROCK WAY,SAN JOSE,494-62-024,474600,10.895,SANTA CLARA,R1-1A,OTHER / UNKNOWN,0,0,0,,,1973-02-26,37.288835,-121.81774,62,5-20ac -5; owner +5; zoning R1-1A +12,ATTOM taxassessor (Santa Clara County),,
3 Municipal,SAN JOSE CITY,ANSDELL WAY,SAN JOSE,689-59-060,467582,10.734,SANTA CLARA,R1-8,OTHER / UNKNOWN,0,0,0,,,1975-12-24,37.233808,-121.811861,62,5-20ac -5; owner +5; zoning R1-8 +12,ATTOM taxassessor (Santa Clara County),,
3 Municipal,SAN JOSE CITY,,SAN JOSE,477-12-003,449237,10.313,SANTA CLARA,R1-8,OTHER / UNKNOWN,0,0,0,,,,37.324001,-121.857196,62,5-20ac -5; owner +5; zoning R1-8 +12,ATTOM taxassessor (Santa Clara County),,
4 School / Public Ed,UNION S D BERRYESSA,,SAN JOSE,595-02-036,445252,10.222,SANTA CLARA,R1-8,OTHER / UNKNOWN,0,0,0,,,,37.394932,-121.83963,62,5-20ac -5; owner +5; zoning R1-8 +12,ATTOM taxassessor (Santa Clara County),,
4 School / Public Ed,S D UNION,,SAN JOSE,527-34-075,438940,10.077,SANTA CLARA,R1-8,OTHER / UNKNOWN,0,0,0,,,,37.238617,-121.914348,62,5-20ac -5; owner +5; zoning R1-8 +12,ATTOM taxassessor (Santa Clara County),,
2 Santa Clara County,SANTA CLARA COUNTY,,SAN JOSE,679-04-001,438359,10.063,SANTA CLARA,R1-8,OTHER / UNKNOWN,0,0,0,,,,37.264427,-121.794247,62,5-20ac -5; owner +5; zoning R1-8 +12,ATTOM taxassessor (Santa Clara County),,
4 School / Public Ed,GROVE S D OAK,BANGOR AVE,SAN JOSE,692-07-062,435295,9.993,SANTA CLARA,R1-8,OTHER / UNKNOWN,0,0,0,,,,37.247222,-121.810902,62,5-20ac -5; owner +5; zoning R1-8 +12,ATTOM taxassessor (Santa Clara County),,
4 School / Public Ed,S D EVERGREEN,SUGARPLUM DR,SAN JOSE,649-17-001,434621,9.978,SANTA CLARA,R1-8,OTHER / UNKNOWN,0,0,0,,,,37.332388,-121.793354,62,5-20ac -5; owner +5; zoning R1-8 +12,ATTOM taxassessor (Santa Clara County),,
4 School / Public Ed,GROVE S D OAK,,SAN JOSE,687-35-003,432210,9.922,SANTA CLARA,R1-8,OTHER / UNKNOWN,0,0,0,,,,37.240347,-121.833911,62,5-20ac -5; owner +5; zoning R1-8 +12,ATTOM taxassessor (Santa Clara County),,
4 School / Public Ed,GROVE S D OAK,,SAN JOSE,704-24-018,426902,9.800,SANTA CLARA,R1-8,OTHER / UNKNOWN,0,0,0,,,,37.234883,-121.795078,62,5-20ac -5; owner +5; zoning R1-8 +12,ATTOM taxassessor (Santa Clara County),,
4 School / Public Ed,GROVE S D OAK,COZY DR,SAN JOSE,689-08-001,415380,9.536,SANTA CLARA,R1-8,OTHER / UNKNOWN,0,0,0,,,,37.233614,-121.824141,62,5-20ac -5; owner +5; zoning R1-8 +12,ATTOM taxassessor (Santa Clara County),,
4 School / Public Ed,GROVE S D OAK,,SAN JOSE,687-24-001,414815,9.523,SANTA CLARA,R1-8,OTHER / UNKNOWN,0,0,0,,,,37.24657,-121.836339,62,5-20ac -5; owner +5; zoning R1-8 +12,ATTOM taxassessor (Santa Clara County),,
3 Municipal,SAN JOSE CITY,,SAN JOSE,567-38-077,404301,9.282,SANTA CLARA,R1-8,OTHER / UNKNOWN,0,0,0,,,,37.24355,-121.891657,62,5-20ac -5; owner +5; zoning R1-8 +12,ATTOM taxassessor (Santa Clara County),,
4 School / Public Ed,S D EVERGREEN,1955 CLARICE DR,SAN JOSE,491-06-003,402696,9.245,SANTA CLARA,R1-8,OTHER / UNKNOWN,0,0,0,,,,37.32706,-121.822572,62,5-20ac -5; owner +5; zoning R1-8 +12,ATTOM taxassessor (Santa Clara County),,
4 School / Public Ed,GROVE S D OAK,,SAN JOSE,689-53-022,402173,9.233,SANTA CLARA,R1-8,OTHER / UNKNOWN,0,0,0,,,,37.240752,-121.81995,62,5-20ac -5; owner +5; zoning R1-8 +12,ATTOM taxassessor (Santa Clara County),,
3 Municipal,SAN JOSE CITY,,SAN JOSE,477-12-028,395629,9.082,SANTA CLARA,R1-8,OTHER / UNKNOWN,0,0,0,,,,37.322256,-121.859389,62,5-20ac -5; owner +5; zoning R1-8 +12,ATTOM taxassessor (Santa Clara County),,
4 School / Public Ed,SAN JOSE UNIFIED S D,6835 TRINIDAD DR,SAN JOSE,701-07-016,393973,9.044,SANTA CLARA,R1-5,OTHER / UNKNOWN,0,0,0,,,,37.219417,-121.851155,62,5-20ac -5; owner +5; zoning R1-5 +12,ATTOM taxassessor (Santa Clara County),,
3 Municipal,SAN JOSE CITY,,SAN JOSE,429-25-045,385299,8.845,SANTA CLARA,R1-8,OTHER / UNKNOWN,0,0,0,,,,37.301826,-121.887536,62,5-20ac -5; owner +5; zoning R1-8 +12,ATTOM taxassessor (Santa Clara County),,
2 Santa Clara County,SANTA CLARA COUNTY,,SAN JOSE,729-50-001,385070,8.840,SANTA CLARA,R1-1,OTHER / UNKNOWN,0,0,0,,,1979-06-25,37.168405,-121.667046,62,5-20ac -5; owner +5; zoning R1-1 +12,ATTOM taxassessor (Santa Clara County),,
4 School / Public Ed,GROVE S D OAK,SHADELANDS DR,SAN JOSE,695-28-001,383748,8.810,SANTA CLARA,R1-8,OTHER / UNKNOWN,0,0,0,,,,37.231177,-121.838176,62,5-20ac -5; owner +5; zoning R1-8 +12,ATTOM taxassessor (Santa Clara County),,
3 Municipal,SAN JOSE CITY,,SAN JOSE,659-20-040,382121,8.772,SANTA CLARA,R1-8,OTHER / UNKNOWN,0,0,0,,,,37.322194,-121.787653,62,5-20ac -5; owner +5; zoning R1-8 +12,ATTOM taxassessor (Santa Clara County),,
4 School / Public Ed,SAN JOSE UNIFIED S D,,SAN JOSE,569-35-001,375923,8.630,SANTA CLARA,R1-8,OTHER / UNKNOWN,0,0,0,,,,37.256829,-121.887897,62,5-20ac -5; owner +5; zoning R1-8 +12,ATTOM taxassessor (Santa Clara County),,
4 School / Public Ed,GROVE S D OAK,,SAN JOSE,689-28-005,364149,8.360,SANTA CLARA,R1-8,OTHER / UNKNOWN,0,0,0,,,,37.233193,-121.815052,62,5-20ac -5; owner +5; zoning R1-8 +12,ATTOM taxassessor (Santa Clara County),,
4 School / Public Ed,SAN JOSE UNIFIED S D,SHEARWATER DR,SAN JOSE,701-19-013,358378,8.227,SANTA CLARA,R1-5,OTHER / UNKNOWN,0,0,0,,,,37.211585,-121.836932,62,5-20ac -5; owner +5; zoning R1-5 +12,ATTOM taxassessor (Santa Clara County),,
4 School / Public Ed,PLEASANT S D MT,,SAN JOSE,647-23-029,341406,0.000,SANTA CLARA,R1-8,OTHER / UNKNOWN,0,0,0,,,,37.3525,-121.801909,62,5-20ac -5; owner +5; zoning R1-8 +12,ATTOM taxassessor (Santa Clara County),,
2 Santa Clara County,SANTA CLARA COUNTY,,SAN JOSE,679-03-001,322831,7.411,SANTA CLARA,R1-8,OTHER / UNKNOWN,0,0,0,,,,37.258531,-121.79273,62,5-20ac -5; owner +5; zoning R1-8 +12,ATTOM taxassessor (Santa Clara County),,
4 School / Public Ed,S D EVERGREEN,,SAN JOSE,673-10-041,273121,6.270,SANTA CLARA,R1-8,OTHER / UNKNOWN,0,0,0,,,,37.319737,-121.798634,62,5-20ac -5; owner +5; zoning R1-8 +12,ATTOM taxassessor (Santa Clara County),,
4 School / Public Ed,S D EVERGREEN,,SAN JOSE,676-37-018,270508,6.210,SANTA CLARA,R1-5,OTHER / UNKNOWN,0,0,0,,,,37.302502,-121.778714,62,5-20ac -5; owner +5; zoning R1-5 +12,ATTOM taxassessor (Santa Clara County),,
4 School / Public Ed,ROCK UNION S D ALUM,,SAN JOSE,484-37-020,269213,6.180,SANTA CLARA,R1-8,OTHER / UNKNOWN,0,0,0,,,,37.350288,-121.832024,62,5-20ac -5; owner +5; zoning R1-8 +12,ATTOM taxassessor (Santa Clara County),,
3 Municipal,SAN JOSE CITY,,SAN JOSE,259-07-115,230302,5.287,SANTA CLARA,R2,OTHER / UNKNOWN,0,0,0,,,,37.345095,-121.908191,62,5-20ac -5; owner +5; zoning R2 +12,ATTOM taxassessor (Santa Clara County),,
3 Municipal,SAN JOSE CITY,,SAN JOSE,264-41-089,224028,5.143,SANTA CLARA,R2,OTHER / UNKNOWN,0,0,0,,,1973-03-15,37.31958,-121.894444,62,5-20ac -5; owner +5; zoning R2 +12,ATTOM taxassessor (Santa Clara County),,
3 Municipal,SAN JOSE CITY,,SAN JOSE,670-29-015,222156,5.100,SANTA CLARA,R1-8,OTHER / UNKNOWN,0,0,0,,,1978-01-20,37.316854,-121.813545,62,5-20ac -5; owner +5; zoning R1-8 +12,ATTOM taxassessor (Santa Clara County),,
3 Municipal,CITY OF SAN JOSE-PUBLIC WORKS,,SAN JOSE,455-61-006,221067,5.075,SANTA CLARA,R1-8,INDUSTRIAL,0,0,0,,2009-12-07,2009-12-07,37.283183,-121.853289,62,5-20ac -5; owner +5; zoning R1-8 +12,ATTOM taxassessor (Santa Clara County),,
1 Federal,UNITED STATES AMERICA,,MOUNTAIN VIEW,116-15-014,215186,4.940,SANTA CLARA,PF,OTHER / UNKNOWN,0,0,0,,,1978-07-13,37.417087,-122.06515,62,1-5ac +12,ATTOM taxassessor (Santa Clara County),,
1 Federal,UNITED STATES AMERICA,,SAN JOSE,249-18-001,209959,4.820,SANTA CLARA,SJ,OTHER / UNKNOWN,0,0,0,,,,37.360794,-121.883203,62,1-5ac +12,ATTOM taxassessor (Santa Clara County),,
3 Municipal,SAN JOSE CITY,MCCALL DR,SAN JOSE,583-10-028,152509,3.501,SANTA CLARA,APD,Residential,0,0,0,,,1980-12-18,37.205838,-121.851428,62,Residential +10; 1-5ac +12; owner +5; zoning APD -15,ATTOM taxassessor (Santa Clara County),,
5 State of California,STATE OF CA DEPT OF TRANSPTN,,SAN JOSE,230-39-131,148755,3.415,SANTA CLARA,LI,OTHER / UNKNOWN,0,0,0,,2010-09-01,,37.348133,-121.916194,62,1-5ac +12,ATTOM taxassessor (Santa Clara County),,
1 Federal,UNITED STATES POSTAL SERVICE,,SAN JOSE,587-10-007,133475,3.064,SANTA CLARA,SJ,OTHER / UNKNOWN,0,0,0,,,1973-04-24,37.400249,-121.848198,62,1-5ac +12,ATTOM taxassessor (Santa Clara County),,
1 Federal,UNITED STATES POSTAL SERVICE,1587 DELL AVE,CAMPBELL,424-33-116,130564,2.997,SANTA CLARA,C-M,OTHER / UNKNOWN,0,0,0,,,1987-11-25,37.263695,-121.957865,62,1-5ac +12,ATTOM taxassessor (Santa Clara County),,
3 Municipal,SAN JOSE CITY,486 CURIE DR,SAN JOSE,689-58-061,107697,2.472,SANTA CLARA,APD,Residential,0,0,0,,,1976-02-06,37.229095,-121.816352,62,Residential +10; 1-5ac +12; owner +5; zoning APD -15,ATTOM taxassessor (Santa Clara County),,
1 Federal,UNITED STATES AMERICA,246 S 1ST ST,SAN JOSE,467-46-098,103237,2.370,SANTA CLARA,DC,OTHER / UNKNOWN,0,0,0,,,1981-08-17,37.332301,-121.88697,62,1-5ac +12,ATTOM taxassessor (Santa Clara County),,
1 Federal,UNITED STATES AMERICA,,MOUNTAIN VIEW,116-18-006,98010,2.250,SANTA CLARA,PF,OTHER / UNKNOWN,0,0,0,,,,37.408747,-122.06452,62,1-5ac +12,ATTOM taxassessor (Santa Clara County),,
2 Santa Clara County,SANTA CLARA COUNTY,,SAN JOSE,704-11-009,84071,1.930,SANTA CLARA,A1-1A,Residential,0,0,0,,,1993-06-30,37.226891,-121.792832,62,Residential +10; 1-5ac +12; owner +5; zoning A1-1A -15,ATTOM taxassessor (Santa Clara County),,
2 Santa Clara County,SANTA CLARA COUNTY (CA),272 CURIE DR,SAN JOSE,704-11-010,84071,1.930,SANTA CLARA,A1-1A,Residential,0,0,0,,2002-12-31,,37.226766,-121.792194,62,Residential +10; 1-5ac +12; owner +5; zoning A1-1A -15,ATTOM taxassessor (Santa Clara County),,
1 Federal,UNITED STATES POSTAL SERVICE,LLEWELLYN AVE,CAMPBELL,305-18-061,82626,1.897,SANTA CLARA,P-D,OTHER / UNKNOWN,0,0,0,,,1985-03-29,37.293627,-121.957594,62,1-5ac +12,ATTOM taxassessor (Santa Clara County),,
5 State of California,STATE OF CA,,SAN JOSE,259-33-056,72998,1.676,SANTA CLARA,SJ,OTHER / UNKNOWN,0,0,0,,2011-03-22,2011-03-22,37.339029,-121.893873,62,1-5ac +12,ATTOM taxassessor (Santa Clara County),,
1 Federal,UNITED STATES POSTAL SERVICE,105 N 1ST ST,SAN JOSE,259-34-006,67744,1.555,SANTA CLARA,CG,OTHER / UNKNOWN,0,0,0,,,,37.337767,-121.892458,62,1-5ac +12,ATTOM taxassessor (Santa Clara County),,
3 Municipal,SAN JOSE CITY (CA),,SAN JOSE,660-53-012,51909,1.192,SANTA CLARA,A,Residential,0,0,0,,2001-04-11,,37.308301,-121.761004,62,Residential +10; 1-5ac +12; owner +5; zoning A -15,ATTOM taxassessor (Santa Clara County),,
1 Federal,UNITED STATES AMERICA,,MOUNTAIN VIEW,116-18-002,43560,1.000,SANTA CLARA,MV,OTHER / UNKNOWN,0,0,0,,,,37.404786,-122.050636,62,1-5ac +12,ATTOM taxassessor (Santa Clara County),,
3 Municipal,SAN JOSE CITY PUBLIC WORKS DEP,ETOILE CT,SAN JOSE,660-59-039,31304,0.719,SANTA CLARA,R110,AGRICULTURE / FARMING,0,0,0,,2009-10-09,2009-10-09,37.309347,-121.762944,62,AGRICULTURE / FARMING -25; <1ac infill +20; owner +5; zoning R110 +12,ATTOM taxassessor (Santa Clara County),,
3 Municipal,SAN JOSE CITY,,SAN JOSE,676-37-021,31124,0.715,SANTA CLARA,R1B8,AGRICULTURE / FARMING,0,0,0,,,1990-04-30,37.302541,-121.775422,62,AGRICULTURE / FARMING -25; <1ac infill +20; owner +5; zoning R1B8 +12,ATTOM taxassessor (Santa Clara County),,
3 Municipal,CITY OF SAN JOSE,,SAN JOSE,676-33-050,27064,0.621,SANTA CLARA,R110,AGRICULTURE / FARMING,0,0,0,,1996-12-05,,37.310773,-121.787497,62,AGRICULTURE / FARMING -25; <1ac infill +20; owner +5; zoning R110 +12,ATTOM taxassessor (Santa Clara County),,
3 Municipal,CITY OF SAN JOSE PUBLIC WORKS,,SAN JOSE,660-60-033,22510,0.517,SANTA CLARA,R110,AGRICULTURE / FARMING,0,0,0,,2009-10-09,2009-10-09,37.312048,-121.763519,62,AGRICULTURE / FARMING -25; <1ac infill +20; owner +5; zoning R110 +12,ATTOM taxassessor (Santa Clara County),,
3 Municipal,SAN JOSE CITY,4072 BOUQUET PARK LN,SAN JOSE,659-59-036,19020,0.437,SANTA CLARA,R110,AGRICULTURE / FARMING,0,0,0,,2002-01-17,2002-01-17,37.321178,-121.774757,62,AGRICULTURE / FARMING -25; <1ac infill +20; owner +5; zoning R110 +12,ATTOM taxassessor (Santa Clara County),,
3 Municipal,CITY OF SAN JOSE PUBLIC WORKS,,SAN JOSE,660-60-006,15808,0.363,SANTA CLARA,R110,AGRICULTURE / FARMING,0,0,0,,2009-10-09,2009-10-09,37.311156,-121.76331,62,AGRICULTURE / FARMING -25; <1ac infill +20; owner +5; zoning R110 +12,ATTOM taxassessor (Santa Clara County),,
3 Municipal,SAN JOSE CITY PUBLIC WORKS DEP,FAMILLE CT,SAN JOSE,660-59-038,14673,0.337,SANTA CLARA,R110,AGRICULTURE / FARMING,0,0,0,,2009-10-09,2009-10-09,37.310429,-121.763141,62,AGRICULTURE / FARMING -25; <1ac infill +20; owner +5; zoning R110 +12,ATTOM taxassessor (Santa Clara County),,
3 Municipal,SAN JOSE CITY,,SAN JOSE,583-10-042,14157,0.325,SANTA CLARA,R140,AGRICULTURE / FARMING,0,0,0,,,,37.206309,-121.851859,62,AGRICULTURE / FARMING -25; <1ac infill +20; owner +5; zoning R140 +12,ATTOM taxassessor (Santa Clara County),,
2 Santa Clara County,VALLEY WATER SANTA CLARA,935 MOUNTAIN VIEW AVE,MOUNTAIN VIEW,189-03-041,11960,0.275,SANTA CLARA,R2,VACANT LAND,0,0,0,,2013-07-29,2013-07-29,37.386141,-122.089707,62,VACANT LAND +25; <1ac infill +20; owner -45; zoning R2 +12,ATTOM taxassessor (Santa Clara County),,
2 Santa Clara County,SANTA CLARA VALLEY WATER DISTR,,SAN JOSE,742-03-006,9270,0.213,SANTA CLARA,RR-H1,VACANT LAND,0,0,0,,2007-02-01,2007-02-01,37.170936,-121.824864,62,VACANT LAND +25; <1ac infill +20; owner -45; zoning RR-H1 +12,ATTOM taxassessor (Santa Clara County),,
2 Santa Clara County,SANTA CLARA VALLEY WATER DISTRICT,,SAN JOSE,467-29-037,8750,0.201,SANTA CLARA,R1,VACANT LAND,1254,0,1254,0.000,2023-05-19,2023-05-19,37.342319,-121.871342,62,VACANT LAND +25; <1ac infill +20; owner -45; zoning R1 +12,ATTOM taxassessor (Santa Clara County),,
2 Santa Clara County,SANTA CLARA VALLEY WATER DISTR,774 MCLELLAN AVE,SAN JOSE,264-35-043,8000,0.184,SANTA CLARA,R2,VACANT LAND,0,0,0,,2005-04-28,2005-04-28,37.320716,-121.888635,62,VACANT LAND +25; <1ac infill +20; owner -45; zoning R2 +12,ATTOM taxassessor (Santa Clara County),,
3 Municipal,SAN JOSE CITY (CA),3516 QUIMBY RD,SAN JOSE,659-58-015,7517,0.173,SANTA CLARA,R1-25,AGRICULTURE / FARMING,0,0,0,,2003-08-27,,37.325362,-121.773927,62,AGRICULTURE / FARMING -25; <1ac infill +20; owner +5; zoning R1-25 +12,ATTOM taxassessor (Santa Clara County),,
2 Santa Clara County,SANTA CLARA VALLEY WATER DISTR,707 PALM ST,SAN JOSE,264-35-029,6300,0.145,SANTA CLARA,R2,VACANT LAND,0,0,0,,2006-12-18,2006-12-18,37.321699,-121.88874,62,VACANT LAND +25; <1ac infill +20; owner -45; zoning R2 +12,ATTOM taxassessor (Santa Clara County),,
2 Santa Clara County,SANTA CLARA COUNTY,,SAN JOSE,701-35-022,742400,17.043,SANTA CLARA,A-20A,VACANT LAND,0,0,0,,,,37.198959,-121.807173,60,VACANT LAND +25; 5-20ac -5; owner +5; zoning A-20A -15,ATTOM taxassessor (Santa Clara County),,
2 Santa Clara County,COUNTY OF SANTA CLARA,,SAN JOSE,742-06-032,729630,16.750,SANTA CLARA,A-20A,VACANT LAND,0,0,0,,2009-10-30,2009-10-30,37.190898,-121.81747,60,VACANT LAND +25; 5-20ac -5; owner +5; zoning A-20A -15,ATTOM taxassessor (Santa Clara County),,
4 School / Public Ed,MCKINLEY S D FRANKLIN,665 WOOL CREEK DR,SAN JOSE,477-20-138,692795,15.904,SANTA CLARA,A-PD,VACANT LAND,0,0,0,,,,37.315143,-121.849507,60,VACANT LAND +25; 5-20ac -5; owner +5; zoning A-PD -15,ATTOM taxassessor (Santa Clara County),,
2 Santa Clara County,SANTA CLARA COUNTY,3027 PENITENCIA CREEK RD,SAN JOSE,591-18-013,600692,13.790,SANTA CLARA,A,VACANT LAND,0,0,0,,,1978-02-06,37.390471,-121.849479,60,VACANT LAND +25; 5-20ac -5; owner +5; zoning A -15,ATTOM taxassessor (Santa Clara County),,
3 Municipal,SAN JOSE CITY,,SAN JOSE,245-18-002,408157,9.370,SANTA CLARA,A,VACANT LAND,0,0,0,,,1979-10-23,37.387997,-121.874537,60,VACANT LAND +25; 5-20ac -5; owner +5; zoning A -15,ATTOM taxassessor (Santa Clara County),,
3 Municipal,CITY OF SAN JOSE-PUBLIC WORKS,,SAN JOSE,455-64-004,334497,7.679,SANTA CLARA,APD,VACANT LAND,0,0,0,,2009-12-07,2009-12-07,37.285438,-121.863694,60,VACANT LAND +25; 5-20ac -5; owner +5; zoning APD -15,ATTOM taxassessor (Santa Clara County),,
3 Municipal,SAN JOSE CITY,,SAN JOSE,494-24-014,253519,5.820,SANTA CLARA,A,VACANT LAND,0,0,0,,,1979-01-23,37.297315,-121.822677,60,VACANT LAND +25; 5-20ac -5; owner +5; zoning A -15,ATTOM taxassessor (Santa Clara County),,
2 Santa Clara County,SANTA CLARA COUNTY,,SAN JOSE,742-05-015,236531,5.430,SANTA CLARA,A-20A,VACANT LAND,0,0,0,,2016-09-12,2016-09-12,37.190206,-121.81667,60,VACANT LAND +25; 5-20ac -5; owner +5; zoning A-20A -15,ATTOM taxassessor (Santa Clara County),,
2 Santa Clara County,COUNTY OF SANTA CLARA,,SAN JOSE,678-08-036,229126,5.260,SANTA CLARA,A,VACANT LAND,0,0,0,,2020-10-23,2020-10-23,37.252763,-121.77576,60,VACANT LAND +25; 5-20ac -5; owner +5; zoning A -15,ATTOM taxassessor (Santa Clara County),,
2 Santa Clara County,COUNTY OF SANTA CLARA,,SAN JOSE,575-20-001,229125,5.260,SANTA CLARA,A1-25,VACANT LAND,0,0,0,,2016-10-17,1993-11-30,37.211826,-121.880146,60,VACANT LAND +25; 5-20ac -5; owner +5; zoning A1-25 -15,ATTOM taxassessor (Santa Clara County),,
3 Municipal,CITY OF SAN JOSE,,SAN JOSE,097-06-069,219106,5.030,SANTA CLARA,A(PD),VACANT LAND,0,0,0,,2015-11-12,2015-11-12,37.401626,-121.943378,60,VACANT LAND +25; 5-20ac -5; owner +5; zoning A(PD) -15,ATTOM taxassessor (Santa Clara County),,
3 Municipal,SAN JOSE CITY,,SAN JOSE,676-55-043,217800,5.000,SANTA CLARA,APD,VACANT LAND,0,0,0,,,1987-12-24,37.299804,-121.773733,60,VACANT LAND +25; 5-20ac -5; owner +5; zoning APD -15,ATTOM taxassessor (Santa Clara County),,
2 Santa Clara County,SANTA CLARA COUNTY,,SAN JOSE,494-15-018,37200,0.854,SANTA CLARA,A,OTHER / UNKNOWN,0,0,0,,,,37.283764,-121.814113,60,<1ac infill +20; owner +5; zoning A -15,ATTOM taxassessor (Santa Clara County),,
2 Santa Clara County,SANTA CLARA COUNTY,,SAN JOSE,494-16-015,36822,0.845,SANTA CLARA,A,OTHER / UNKNOWN,0,0,0,,,,37.284578,-121.810231,60,<1ac infill +20; owner +5; zoning A -15,ATTOM taxassessor (Santa Clara County),,
3 Municipal,SAN JOSE CITY,,SAN JOSE,477-12-011,33552,0.770,SANTA CLARA,A,OTHER / UNKNOWN,0,0,0,,,,37.321354,-121.852393,60,<1ac infill +20; owner +5; zoning A -15,ATTOM taxassessor (Santa Clara County),,
2 Santa Clara County,SANTA CLARA VALLEY TRANS AUTHORITY,32 STOCKTON AVE,SAN JOSE,259-28-001,32234,0.740,SANTA CLARA,DC,Commercial,9690000,0,9690000,0.000,2023-12-15,2023-12-15,37.332306,-121.903677,60,Commercial +5; <1ac infill +20; owner -15,ATTOM taxassessor (Santa Clara County),,
2 Santa Clara County,SANTA CLARA VTA,500 BENTON ST,SANTA CLARA,230-08-061,31102,0.714,SANTA CLARA,ML,Commercial,0,0,0,,,2002-07-11,37.353172,-121.93736,60,Commercial +5; <1ac infill +20; owner -15,ATTOM taxassessor (Santa Clara County),,
2 Santa Clara County,SANTA CLARA COU TRANSIT DIST,,SAN JOSE,097-85-005,27193,0.624,SANTA CLARA,IP,Commercial,0,0,0,,,1999-05-21,37.411764,-121.926618,60,Commercial +5; <1ac infill +20; owner -15,ATTOM taxassessor (Santa Clara County),,
2 Santa Clara County,SANTA CLARA VTA,,SAN JOSE,241-03-026,24528,0.563,SANTA CLARA,M1,COMMERCIAL,0,0,0,,,,37.373745,-121.876589,60,COMMERCIAL +5; <1ac infill +20; owner -15,ATTOM taxassessor (Santa Clara County),,
3 Municipal,SAN JOSE CITY,,SAN JOSE,097-78-005,19500,0.448,SANTA CLARA,A(PD),OTHER / UNKNOWN,0,0,0,,,1982-11-19,37.414594,-121.963629,60,<1ac infill +20; owner +5; zoning A(PD) -15,ATTOM taxassessor (Santa Clara County),,
3 Municipal,SAN JOSE CITY,,SAN JOSE,676-06-015,18731,0.430,SANTA CLARA,A-PD,OTHER / UNKNOWN,0,0,0,,,1972-11-09,37.311423,-121.804989,60,<1ac infill +20; owner +5; zoning A-PD -15,ATTOM taxassessor (Santa Clara County),,
2 Santa Clara County,SANTA CLARA COUNTY TRANSIT,3390 MONTEREY HWY,SAN JOSE,497-08-020,18700,0.429,SANTA CLARA,H1,Commercial,0,0,0,,1992-06-23,,37.284592,-121.841395,60,Commercial +5; <1ac infill +20; owner -15,ATTOM taxassessor (Santa Clara County),,
2 Santa Clara County,SANTA CLARA COUNTY,,SAN JOSE,494-66-005,16440,0.377,SANTA CLARA,A,OTHER / UNKNOWN,0,0,0,,,1972-03-01,37.287939,-121.814975,60,<1ac infill +20; owner +5; zoning A -15,ATTOM taxassessor (Santa Clara County),,
2 Santa Clara County,SANTA CLARA COUNTY,,SAN JOSE,678-02-033,14782,0.339,SANTA CLARA,A1-20,OTHER / UNKNOWN,0,0,0,,,1985-05-01,37.238865,-121.765044,60,<1ac infill +20; owner +5; zoning A1-20 -15,ATTOM taxassessor (Santa Clara County),,
3 Municipal,SANTA CLARA CITY,,SANTA CLARA,101-16-002,6253,0.144,SANTA CLARA,A,OTHER / UNKNOWN,0,0,0,,,1985-01-17,37.384122,-121.936762,60,<1ac infill +20; owner +5; zoning A -15,ATTOM taxassessor (Santa Clara County),,
5 State of California,STATE CALIFORNIA,,SAN JOSE,274-43-082,6168,0.142,SANTA CLARA,CG,COMMERCIAL,0,0,0,,,,37.324201,-121.941822,60,COMMERCIAL +5; <1ac infill +20; owner -15,ATTOM taxassessor (Santa Clara County),,
5 State of California,CALIFORNIA STATE,,CAMPBELL,403-20-018,197327,4.530,SANTA CLARA,ROW,OTHER / UNKNOWN,0,0,0,,,,37.266076,-121.982977,59,1-5ac +12; owner -15; zoning ROW +12,ATTOM taxassessor (Santa Clara County),,
5 State of California,STATE CALIFORNIA,,SAN JOSE,569-02-058,144546,3.318,SANTA CLARA,R1,OTHER / UNKNOWN,0,0,0,,,1992-12-31,37.254518,-121.877012,59,1-5ac +12; owner -15; zoning R1 +12,ATTOM taxassessor (Santa Clara County),,
5 State of California,CALIFORNIA STATE,,SAN JOSE,467-25-029,130680,3.000,SANTA CLARA,RM,OTHER / UNKNOWN,0,0,0,,,,37.33929,-121.880721,59,1-5ac +12; owner -15; zoning RM +12,ATTOM taxassessor (Santa Clara County),,
5 State of California,CALIFORNIA STATE,,SAN JOSE,434-10-102,108491,2.491,SANTA CLARA,R2,OTHER / UNKNOWN,0,0,0,,,,37.315186,-121.877074,59,1-5ac +12; owner -15; zoning R2 +12,ATTOM taxassessor (Santa Clara County),,
5 State of California,STATE CALIFORNIA,15010 PASEO TRANQUILLO,SAN JOSE,569-25-052,103470,2.375,SANTA CLARA,R110,OTHER / UNKNOWN,0,0,0,,,,37.250665,-121.904051,59,1-5ac +12; owner -15; zoning R110 +12,ATTOM taxassessor (Santa Clara County),,
2 Santa Clara County,SANTA CLARA VTA SCVTA,,CAMPBELL,424-41-001,98861,2.270,SANTA CLARA,ROW,OTHER / UNKNOWN,0,0,0,,2001-09-27,2001-09-27,37.27418,-121.952084,59,1-5ac +12; owner -15; zoning ROW +12,ATTOM taxassessor (Santa Clara County),,
2 Santa Clara County,SANTA CLARA VTA SCVTA,,CAMPBELL,412-01-018,48736,1.119,SANTA CLARA,ROW,OTHER / UNKNOWN,0,0,0,,2001-09-27,2001-09-27,37.278573,-121.948678,59,1-5ac +12; owner -15; zoning ROW +12,ATTOM taxassessor (Santa Clara County),,
5 State of California,CALIFORNIA STATE,4880 CARTER AVE,SAN JOSE,569-46-079,134957,3.098,SANTA CLARA,SJ,Residential,0,0,0,,,,37.250613,-121.907072,57,Residential +10; 1-5ac +12; owner -15,ATTOM taxassessor (Santa Clara County),,
5 State of California,CALIFORNIA STATE,1570 PINMORE DR,SAN JOSE,569-39-125,126930,2.914,SANTA CLARA,SJ,Residential,0,0,0,,,,37.250589,-121.901703,57,Residential +10; 1-5ac +12; owner -15,ATTOM taxassessor (Santa Clara County),,
3 Municipal,SAN JOSE CITY,,SAN JOSE,097-15-038,113403,2.603,SANTA CLARA,A(PD),COMMERCIAL,0,0,0,,2017-12-08,2017-12-08,37.401076,-121.918789,57,COMMERCIAL +5; 1-5ac +12; owner +5; zoning A(PD) -15,ATTOM taxassessor (Santa Clara County),,
3 Municipal,SAN JOSE CITY,215 FORD RD,SAN JOSE,678-53-006,104709,2.404,SANTA CLARA,APD,COMMERCIAL,0,0,0,,,,37.254167,-121.796967,57,COMMERCIAL +5; 1-5ac +12; owner +5; zoning APD -15,ATTOM taxassessor (Santa Clara County),,
5 State of California,STATE CALIFORNIA,,SAN JOSE,706-09-092,79200,1.818,SANTA CLARA,A140,VACANT LAND,0,0,0,,1996-04-29,1996-04-29,37.23948,-121.782986,57,VACANT LAND +25; 1-5ac +12; owner -15; zoning A140 -15,ATTOM taxassessor (Santa Clara County),,
3 Municipal,CITY OF SAN JOSE,1527 ALMADEN EXPY,SAN JOSE,434-26-037,78408,1.800,SANTA CLARA,APD,COMMERCIAL,0,0,0,,2008-12-23,2008-12-23,37.309296,-121.879178,57,COMMERCIAL +5; 1-5ac +12; owner +5; zoning APD -15,ATTOM taxassessor (Santa Clara County),,
3 Municipal,SAN JOSE CITY FINANCING AUTHORITY,80 MONTECITO VISTA DR,SAN JOSE,456-40-002,76230,1.750,SANTA CLARA,A(PD),COMMERCIAL,0,0,0,,,,37.29146,-121.852043,57,COMMERCIAL +5; 1-5ac +12; owner +5; zoning A(PD) -15,ATTOM taxassessor (Santa Clara County),,
5 State of California,STATE CALIFORNIA,,SAN JOSE,456-28-001,70489,0.000,SANTA CLARA,APD,VACANT LAND,0,0,0,,,,37.294561,-121.872077,57,VACANT LAND +25; 1-5ac +12; owner -15; zoning APD -15,ATTOM taxassessor (Santa Clara County),,
3 Municipal,SAN JOSE CITY,725 W SAN FERNANDO ST,SAN JOSE,261-36-083,70131,1.610,SANTA CLARA,APD,COMMERCIAL,0,0,0,,2018-11-20,2018-11-20,37.328599,-121.904662,57,COMMERCIAL +5; 1-5ac +12; owner +5; zoning APD -15,ATTOM taxassessor (Santa Clara County),,
3 Municipal,CITY OF CUPERTINO,22100 STEVENS CREEK BLVD,CUPERTINO,357-10-007,61419,1.410,SANTA CLARA,A,COMMERCIAL,0,0,0,,1993-04-06,,37.320561,-122.06013,57,COMMERCIAL +5; 1-5ac +12; owner +5; zoning A -15,ATTOM taxassessor (Santa Clara County),,
2 Santa Clara County,COUNTY OF SANTA CLARA,535 S MARKET ST,SAN JOSE,264-30-119,53143,1.220,SANTA CLARA,APD,COMMERCIAL,2034244,15620375,17654619,7.679,2018-06-26,,37.327527,-121.885413,57,COMMERCIAL +5; 1-5ac +12; owner +5; zoning APD -15,ATTOM taxassessor (Santa Clara County),,
3 Municipal,CITY OF SAN JOSE,,SAN JOSE,261-33-050,50247,1.154,SANTA CLARA,APD,COMMERCIAL,0,0,0,,2007-09-19,,37.329363,-121.905007,57,COMMERCIAL +5; 1-5ac +12; owner +5; zoning APD -15,ATTOM taxassessor (Santa Clara County),,
3 Municipal,SAN JOSE CITY,15520 ALMADEN EXPY,SAN JOSE,694-02-002,46609,1.070,SANTA CLARA,A(PD),Commercial,0,0,0,,1995-02-16,1995-02-16,37.243203,-121.874328,57,Commercial +5; 1-5ac +12; owner +5; zoning A(PD) -15,ATTOM taxassessor (Santa Clara County),,
4 School / Public Ed,SANTA CLARA UNIFIED S D,1055 DUNFORD WAY,SUNNYVALE,313-10-004,3097889,71.118,SANTA CLARA,SU,VACANT LAND,0,0,0,,,,37.347561,-122.006288,55,VACANT LAND +25; 20-100ac big -25; owner +5,ATTOM taxassessor (Santa Clara County),,
3 Municipal,SAN JOSE CITY,,SAN JOSE,499-28-001,1652313,37.932,SANTA CLARA,SJ,VACANT LAND,0,0,0,,,,37.303894,-121.836237,55,VACANT LAND +25; 20-100ac big -25; owner +5,ATTOM taxassessor (Santa Clara County),,
4 School / Public Ed,GAVILAN COMMUN COLLEGE DISTRICT,560 BAILEY AVE,SAN JOSE,712-03-107,1524164,34.990,SANTA CLARA,IPUD,VACANT LAND,0,0,0,,2016-04-22,2016-04-22,37.190419,-121.748216,55,VACANT LAND +25; 20-100ac big -25; owner +5,ATTOM taxassessor (Santa Clara County),,
3 Municipal,SAN JOSE CITY,,SAN JOSE,660-20-008,1435738,32.960,SANTA CLARA,SJ,VACANT LAND,0,0,0,,,1979-04-18,37.302833,-121.756952,55,VACANT LAND +25; 20-100ac big -25; owner +5,ATTOM taxassessor (Santa Clara County),,
4 School / Public Ed,GAVILAN COMMUNITY COLLEGE DISTRICT,,SAN JOSE,712-03-108,871200,20.000,SANTA CLARA,IPUD,VACANT LAND,0,0,0,,2020-12-04,2020-12-04,37.192173,-121.745852,55,VACANT LAND +25; 20-100ac big -25; owner +5,ATTOM taxassessor (Santa Clara County),,
4 School / Public Ed,ROCK UNION S D ALUM,660 SINCLAIR DR,SAN JOSE,481-31-005,852095,19.561,SANTA CLARA,SJ,Commercial,0,0,0,,,,37.350699,-121.841138,55,Commercial +5; 5-20ac -5; owner +5,ATTOM taxassessor (Santa Clara County),,
4 School / Public Ed,S D MORELAND,4711 CAMPBELL AVE,SAN JOSE,307-13-003,843844,19.372,SANTA CLARA,SJ,Commercial,0,0,0,,,,37.28826,-121.984448,55,Commercial +5; 5-20ac -5; owner +5,ATTOM taxassessor (Santa Clara County),,
2 Santa Clara County,SANTA CLARA COUNTY TRANSIT DIST,,MOUNTAIN VIEW,116-16-073,723238,16.603,SANTA CLARA,MM-40,VACANT LAND,0,0,0,,,1985-11-15,37.4115,-122.074881,55,VACANT LAND +25; 5-20ac -5; owner -15,ATTOM taxassessor (Santa Clara County),,
4 School / Public Ed,ROCK UNION S D ALUM,137 N WHITE RD,SAN JOSE,484-17-031,695368,15.964,SANTA CLARA,SJ,Commercial,0,0,0,,,,37.368826,-121.832765,55,Commercial +5; 5-20ac -5; owner +5,ATTOM taxassessor (Santa Clara County),,
4 School / Public Ed,PALO ALTO UNIFIED S D,750 N CALIFORNIA AVE,PALO ALTO,003-60-001,689119,15.820,SANTA CLARA,PA,Commercial,0,0,0,,,1986-05-28,37.43871,-122.134072,55,Commercial +5; 5-20ac -5; owner +5,ATTOM taxassessor (Santa Clara County),,
4 School / Public Ed,UNION S D CUPERTINO,6151 RAINBOW DR,SAN JOSE,377-21-001,676341,15.527,SANTA CLARA,SJ,Commercial,0,0,0,,,,37.302454,-122.011951,55,Commercial +5; 5-20ac -5; owner +5,ATTOM taxassessor (Santa Clara County),,
3 Municipal,MT VIEW CITY,231 N WHISMAN RD,MOUNTAIN VIEW,160-52-023,659966,15.151,SANTA CLARA,MV,Commercial,0,0,0,,,,37.394029,-122.058225,55,Commercial +5; 5-20ac -5; owner +5,ATTOM taxassessor (Santa Clara County),,
3 Municipal,SAN JOSE CITY,680 S 34TH ST,SAN JOSE,481-39-024,619292,14.217,SANTA CLARA,SJ,Commercial,0,0,0,,,,37.34275,-121.849567,55,Commercial +5; 5-20ac -5; owner +5,ATTOM taxassessor (Santa Clara County),,
3 Municipal,SANTA CLARA CITY,2546 GREAT AMERICA WAY,SANTA CLARA,104-01-099,611150,14.030,SANTA CLARA,PDML,Commercial,0,0,0,,2018-07-09,2018-07-09,37.414779,-121.974192,55,Commercial +5; 5-20ac -5; owner +5,ATTOM taxassessor (Santa Clara County),,
4 School / Public Ed,WEST VALLEY MISSION CMNTY COLLEGE D,2831 MISSION COLLEGE BLVD,SANTA CLARA,104-16-113,609927,14.002,SANTA CLARA,CP,Commercial,0,0,0,,2023-04-05,,37.388191,-121.979647,55,Commercial +5; 5-20ac -5; owner +5,ATTOM taxassessor (Santa Clara County),,
3 Municipal,SAN JOSE CITY,1350 BACCHUS DR,SAN JOSE,477-17-019,564102,12.950,SANTA CLARA,SJ,Commercial,0,0,0,,,,37.326467,-121.842292,55,Commercial +5; 5-20ac -5; owner +5,ATTOM taxassessor (Santa Clara County),,
4 School / Public Ed,WEST VALLEY MISSION CMNTY COLLEGE D,2817 MISSION COLLEGE BLVD,SANTA CLARA,104-16-114,554432,12.728,SANTA CLARA,CP,Commercial,0,0,0,,2023-04-05,,37.389935,-121.979392,55,Commercial +5; 5-20ac -5; owner +5,ATTOM taxassessor (Santa Clara County),,
4 School / Public Ed,S D UNION,2130 LOS GATOS ALMADEN RD,SAN JOSE,523-40-014,529327,12.152,SANTA CLARA,SJ,Commercial,0,0,0,,,,37.241726,-121.935465,55,Commercial +5; 5-20ac -5; owner +5,ATTOM taxassessor (Santa Clara County),,
3 Municipal,SAN JOSE CITY,1500 S 10TH ST,SAN JOSE,477-38-017,520934,11.959,SANTA CLARA,HI,COMMERCIAL,0,0,0,,,,37.319258,-121.86364,55,COMMERCIAL +5; 5-20ac -5; owner +5,ATTOM taxassessor (Santa Clara County),,
3 Municipal,CITY OF SANTA CLARA,3600 JULIETTE LN,SANTA CLARA,104-39-021,505417,11.603,SANTA CLARA,PD,Commercial,7778241,147973315,155751556,19.024,2022-03-30,2022-03-30,37.384891,-121.967287,55,Commercial +5; 5-20ac -5; owner +5,ATTOM taxassessor (Santa Clara County),,
4 School / Public Ed,S D SUNNYVALE,450 N SUNNYVALE AVE,SUNNYVALE,204-36-001,498157,11.436,SANTA CLARA,SU,Commercial,0,0,0,,,,37.386469,-122.024109,55,Commercial +5; 5-20ac -5; owner +5,ATTOM taxassessor (Santa Clara County),,
3 Municipal,PALO ALTO CITY,1213 NEWELL RD,PALO ALTO,003-47-020,493970,11.340,SANTA CLARA,PA,Commercial,0,0,0,,,1971-02-05,37.444609,-122.138615,55,Commercial +5; 5-20ac -5; owner +5,ATTOM taxassessor (Santa Clara County),,
3 Municipal,CITY OF CAMPBELL,1640 S BASCOM AVE,CAMPBELL,288-11-063,493186,11.322,SANTA CLARA,C-2,Commercial,32083544,25374100,57457644,0.791,2022-09-13,2022-09-13,37.292525,-121.930717,55,Commercial +5; 5-20ac -5; owner +5,ATTOM taxassessor (Santa Clara County),,
4 School / Public Ed,S D MORELAND,1125 W CAMPBELL AVE,CAMPBELL,307-51-010,473709,10.875,SANTA CLARA,P-F,Commercial,0,0,0,,,,37.287515,-121.969468,55,Commercial +5; 5-20ac -5; owner +5,ATTOM taxassessor (Santa Clara County),,
4 School / Public Ed,S D UNION,5670 CAMDEN AVE,SAN JOSE,567-28-001,466105,10.700,SANTA CLARA,SJ,Commercial,0,0,0,,,,37.235077,-121.901972,55,Commercial +5; 5-20ac -5; owner +5,ATTOM taxassessor (Santa Clara County),,
4 School / Public Ed,S D EVERGREEN,3799 CADWALLADER AVE,SAN JOSE,676-23-001,465656,10.690,SANTA CLARA,SJ,Commercial,0,0,0,,,,37.306581,-121.788785,55,Commercial +5; 5-20ac -5; owner +5,ATTOM taxassessor (Santa Clara County),,
4 School / Public Ed,S D UNION,2421 CARLTON AVE,SAN JOSE,421-14-070,464671,10.667,SANTA CLARA,SJ,Commercial,0,0,0,,,,37.247417,-121.946383,55,Commercial +5; 5-20ac -5; owner +5,ATTOM taxassessor (Santa Clara County),,
4 School / Public Ed,UNION S D BERRYESSA,1401 TURLOCK LN,SAN JOSE,587-16-031,457146,10.495,SANTA CLARA,SJ,Commercial,0,0,0,,,,37.399911,-121.85721,55,Commercial +5; 5-20ac -5; owner +5,ATTOM taxassessor (Santa Clara County),,
4 School / Public Ed,SAN JOSE UNIFIED S D,,SAN JOSE,467-11-039,454265,10.429,SANTA CLARA,SJ,Commercial,0,0,0,,,,37.34925,-121.872351,55,Commercial +5; 5-20ac -5; owner +5,ATTOM taxassessor (Santa Clara County),,
3 Municipal,SANTA CLARA CITY,1405 CIVIC CENTER DR,SANTA CLARA,224-25-074,450846,10.350,SANTA CLARA,SC,Commercial,0,0,0,,,,37.354472,-121.95437,55,Commercial +5; 5-20ac -5; owner +5,ATTOM taxassessor (Santa Clara County),,
5 State of California,STATE CALIFORNIA,,SAN JOSE,569-02-072,450802,0.000,SANTA CLARA,PUB,VACANT LAND,0,0,0,,,1990-06-15,37.254892,-121.878471,55,VACANT LAND +25; 5-20ac -5; owner -15,ATTOM taxassessor (Santa Clara County),,
4 School / Public Ed,UNION S D CAMPBELL,480 E HAMILTON AVE,CAMPBELL,279-33-043,443005,10.170,SANTA CLARA,P-D,Commercial,0,0,0,,,1973-05-09,37.292335,-121.94138,55,Commercial +5; 5-20ac -5; owner +5,ATTOM taxassessor (Santa Clara County),,
4 School / Public Ed,SANTA CLARA UNIFIED S D,750 LAURIE AVE,SANTA CLARA,101-10-053,435196,9.991,SANTA CLARA,SC,Commercial,0,0,0,,,,37.389252,-121.945978,55,Commercial +5; 5-20ac -5; owner +5,ATTOM taxassessor (Santa Clara County),,
4 School / Public Ed,ROCK UNION S D ALUM,2999 RIDGEMONT DR,SAN JOSE,488-20-001,428436,9.836,SANTA CLARA,SJ,Commercial,0,0,0,,,,37.345224,-121.813181,55,Commercial +5; 5-20ac -5; owner +5,ATTOM taxassessor (Santa Clara County),,
4 School / Public Ed,UNION S D CAMPBELL,850 CHAPMAN DR,CAMPBELL,406-23-037,415562,9.540,SANTA CLARA,P-F,Commercial,0,0,0,,,,37.265372,-121.964893,55,Commercial +5; 5-20ac -5; owner +5,ATTOM taxassessor (Santa Clara County),,
4 School / Public Ed,UNION S D CUPERTINO,1170 YORKSHIRE DR,CUPERTINO,362-08-001,413214,9.486,SANTA CLARA,CU,Commercial,0,0,0,,,,37.303719,-122.04692,55,Commercial +5; 5-20ac -5; owner +5,ATTOM taxassessor (Santa Clara County),,
4 School / Public Ed,S D UNION,6044 VERA CRUZ DR,SAN JOSE,575-28-001,412624,9.473,SANTA CLARA,SJ,Commercial,0,0,0,,,,37.228737,-121.896829,55,Commercial +5; 5-20ac -5; owner +5,ATTOM taxassessor (Santa Clara County),,
4 School / Public Ed,UNION S D CUPERTINO,10155 BARBARA LN,CUPERTINO,359-12-009,409930,9.411,SANTA CLARA,CU,Commercial,0,0,0,,,,37.320809,-122.04011,55,Commercial +5; 5-20ac -5; owner +5,ATTOM taxassessor (Santa Clara County),,
4 School / Public Ed,ELEMENTARY S D EVERGREEN,2220 WOODBURY LN,SAN JOSE,676-87-017,408699,9.382,SANTA CLARA,SJ,Commercial,0,0,0,,,1998-06-25,37.296652,-121.787181,55,Commercial +5; 5-20ac -5; owner +5,ATTOM taxassessor (Santa Clara County),,
4 School / Public Ed,UNION S D CUPERTINO,1101 STRAYER DR,SAN JOSE,377-03-012,407070,9.345,SANTA CLARA,SJ,Commercial,0,0,0,,,,37.306543,-122.008104,55,Commercial +5; 5-20ac -5; owner +5,ATTOM taxassessor (Santa Clara County),,
4 School / Public Ed,UNION S D BERRYESSA,1311 VINCI PARK WAY,SAN JOSE,245-40-035,406833,9.340,SANTA CLARA,SJ,Commercial,0,0,0,,,1973-08-14,37.379912,-121.872624,55,Commercial +5; 5-20ac -5; owner +5,ATTOM taxassessor (Santa Clara County),,
3 Municipal,SAN JOSE CITY,3311 NOBLE AVE,SAN JOSE,595-02-009,403199,9.256,SANTA CLARA,SJ,Commercial,0,0,0,,,,37.394422,-121.841379,55,Commercial +5; 5-20ac -5; owner +5,ATTOM taxassessor (Santa Clara County),,
4 School / Public Ed,ROCK UNION S D ALUM,2851 GAY AVE,SAN JOSE,484-14-014,401624,9.220,SANTA CLARA,SJ,Commercial,0,0,0,,,1973-06-15,37.369403,-121.836358,55,Commercial +5; 5-20ac -5; owner +5,ATTOM taxassessor (Santa Clara County),,
4 School / Public Ed,MCKINLEY S D FRANKLIN,455 LOS ARBOLES ST,SAN JOSE,494-02-001,400504,9.194,SANTA CLARA,SJ,Commercial,0,0,0,,,,37.286604,-121.831784,55,Commercial +5; 5-20ac -5; owner +5,ATTOM taxassessor (Santa Clara County),,
4 School / Public Ed,VIEW S D MT,500 TOFT ST,MOUNTAIN VIEW,154-22-037,396384,9.100,SANTA CLARA,PF,Commercial,0,0,0,,,,37.394717,-122.093748,55,Commercial +5; 5-20ac -5; owner +5,ATTOM taxassessor (Santa Clara County),,
4 School / Public Ed,MCKINLEY S D FRANKLIN,725 HELLYER AVE,SAN JOSE,494-17-005,393102,9.024,SANTA CLARA,SJ,Commercial,0,0,0,,,,37.285236,-121.820827,55,Commercial +5; 5-20ac -5; owner +5,ATTOM taxassessor (Santa Clara County),,
4 School / Public Ed,VIEW S D MT,220 N WHISMAN RD,MOUNTAIN VIEW,160-51-001,391196,8.981,SANTA CLARA,PF,Commercial,0,0,0,,,,37.393899,-122.061671,55,Commercial +5; 5-20ac -5; owner +5,ATTOM taxassessor (Santa Clara County),,
4 School / Public Ed,SANTA CLARA UNIFIED S D,4949 CALLE DE ESCUELA,SANTA CLARA,097-43-001,385506,8.850,SANTA CLARA,SC,Commercial,0,0,0,,,,37.405733,-121.962926,55,Commercial +5; 5-20ac -5; owner +5,ATTOM taxassessor (Santa Clara County),,
4 School / Public Ed,MCKINLEY S D FRANKLIN,1240 TAPER LN,SAN JOSE,477-59-047,381899,8.767,SANTA CLARA,SJ,Commercial,0,0,0,,,,37.321167,-121.839652,55,Commercial +5; 5-20ac -5; owner +5,ATTOM taxassessor (Santa Clara County),,
4 School / Public Ed,SAN JOSE UNIFIED S D,1295 DENTWOOD DR,SAN JOSE,569-05-024,380796,8.742,SANTA CLARA,SJ,Commercial,0,0,0,,,1973-07-27,37.251762,-121.884607,55,Commercial +5; 5-20ac -5; owner +5,ATTOM taxassessor (Santa Clara County),,
4 School / Public Ed,UNION S D CUPERTINO,19200 PHIL LN,CUPERTINO,375-40-039,377046,8.656,SANTA CLARA,CU,Commercial,0,0,0,,,,37.315173,-122.008853,55,Commercial +5; 5-20ac -5; owner +5,ATTOM taxassessor (Santa Clara County),,
3 Municipal,SAN JOSE CITY,365 S MARKET ST,SAN JOSE,264-29-113,376625,8.646,SANTA CLARA,C3,Commercial,0,0,0,,,1993-02-03,37.328958,-121.888691,55,Commercial +5; 5-20ac -5; owner +5,ATTOM taxassessor (Santa Clara County),,
4 School / Public Ed,SAN JOSE UNIFIED S D,4849 PEARL AVE,SAN JOSE,458-06-002,373309,8.570,SANTA CLARA,SJ,Commercial,0,0,0,,,,37.261577,-121.865375,55,Commercial +5; 5-20ac -5; owner +5,ATTOM taxassessor (Santa Clara County),,
2 Santa Clara County,SANTA CLARA COUNTY,950 N SAN PEDRO ST,SAN JOSE,230-37-041,368542,8.461,SANTA CLARA,SJ,Commercial,0,0,0,,,,37.35358,-121.905154,55,Commercial +5; 5-20ac -5; owner +5,ATTOM taxassessor (Santa Clara County),,
4 School / Public Ed,ROCK UNION S D ALUM,1803 STOWE AVE,SAN JOSE,481-17-018,359514,8.253,SANTA CLARA,SJ,Commercial,0,0,0,,,,37.351371,-121.852451,55,Commercial +5; 5-20ac -5; owner +5,ATTOM taxassessor (Santa Clara County),,
4 School / Public Ed,ROCK UNION S D ALUM,1970 CINDERELLA LN,SAN JOSE,481-37-010,355076,8.151,SANTA CLARA,SJ,Commercial,0,0,0,,,,37.344197,-121.840396,55,Commercial +5; 5-20ac -5; owner +5,ATTOM taxassessor (Santa Clara County),,
4 School / Public Ed,UNION S D CAMPBELL,401 W HAMILTON AVE,SAN JOSE,305-05-034,351154,8.061,SANTA CLARA,P-F,Commercial,0,0,0,,,,37.294802,-121.956771,55,Commercial +5; 5-20ac -5; owner +5,ATTOM taxassessor (Santa Clara County),,
4 School / Public Ed,PALO ALTO UNIFIED S D,870 N CALIFORNIA AVE,PALO ALTO,003-55-001,342020,7.852,SANTA CLARA,PA,Commercial,0,0,0,,,1988-09-22,37.440739,-122.132063,55,Commercial +5; 5-20ac -5; owner +5,ATTOM taxassessor (Santa Clara County),,
4 School / Public Ed,S D SUNNYVALE,820 W MC KINLEY AVE,SUNNYVALE,165-11-007,334665,7.683,SANTA CLARA,SU,Commercial,0,0,0,,,1948-02-03,37.375346,-122.04026,55,Commercial +5; 5-20ac -5; owner +5,ATTOM taxassessor (Santa Clara County),,
3 Municipal,SAN JOSE CITY,5090 WILLIAMS RD,SAN JOSE,381-19-025,332798,7.640,SANTA CLARA,SJ,Commercial,0,0,0,,,,37.307285,-121.993713,55,Commercial +5; 5-20ac -5; owner +5,ATTOM taxassessor (Santa Clara County),,
3 Municipal,SANTA CLARA CITY OF SPORTS & OPEN S,,SANTA CLARA,097-83-002,330620,7.590,SANTA CLARA,B,Commercial,0,0,0,,,1989-02-09,37.404084,-121.953426,55,Commercial +5; 5-20ac -5; owner +5,ATTOM taxassessor (Santa Clara County),,
3 Municipal,MT VIEW CITY,,MOUNTAIN VIEW,116-21-052,323017,7.415,SANTA CLARA,P(34),Commercial,0,0,0,,,,37.422538,-122.079241,55,Commercial +5; 5-20ac -5; owner +5,ATTOM taxassessor (Santa Clara County),,
4 School / Public Ed,PALO ALTO UNIFIED S D,950 AMARILLO AVE,PALO ALTO,127-06-063,309645,7.109,SANTA CLARA,PA,Commercial,0,0,0,,,,37.438929,-122.12272,55,Commercial +5; 5-20ac -5; owner +5,ATTOM taxassessor (Santa Clara County),,
4 School / Public Ed,ROCK UNION S D ALUM,1250 S KING RD,SAN JOSE,486-11-029,306291,7.032,SANTA CLARA,SJ,Commercial,0,0,0,,,,37.33822,-121.840083,55,Commercial +5; 5-20ac -5; owner +5,ATTOM taxassessor (Santa Clara County),,
2 Santa Clara County,SANTA CLARA COUNTY (CA),389 SILICON VALLEY BLVD,SAN JOSE,678-05-051,300999,6.910,SANTA CLARA,C2,Commercial,0,0,0,,2000-05-09,2000-03-28,37.248859,-121.774032,55,Commercial +5; 5-20ac -5; owner +5,ATTOM taxassessor (Santa Clara County),,
4 School / Public Ed,PALO ALTO UNIFIED S D,800 BARRON AVE,PALO ALTO,137-15-001,293879,6.747,SANTA CLARA,PA,Commercial,0,0,0,,,,37.412972,-122.137407,55,Commercial +5; 5-20ac -5; owner +5,ATTOM taxassessor (Santa Clara County),,
3 Municipal,MT VIEW CITY,750 MOFFETT BLVD,MOUNTAIN VIEW,153-19-007,291416,6.690,SANTA CLARA,P,Commercial,0,0,0,,2009-09-22,2009-09-22,37.406363,-122.068202,55,Commercial +5; 5-20ac -5; owner +5,ATTOM taxassessor (Santa Clara County),,
4 School / Public Ed,PALO ALTO UNIFIED S D,1525 MIDDLEFIELD RD,PALO ALTO,003-46-004,287187,6.593,SANTA CLARA,PA,Commercial,0,0,0,,,,37.44305,-122.143065,55,Commercial +5; 5-20ac -5; owner +5,ATTOM taxassessor (Santa Clara County),,
4 School / Public Ed,UNION H S D CAMPBELL,,SAN JOSE,414-25-021,280694,0.000,SANTA CLARA,SJ,Commercial,0,0,0,,,,37.26515,-121.932241,55,Commercial +5; 5-20ac -5; owner +5,ATTOM taxassessor (Santa Clara County),,
3 Municipal,SAN JOSE CITY,,SAN JOSE,259-03-141,278577,6.395,SANTA CLARA,SJ,Commercial,0,0,0,,,1977-01-14,37.348154,-121.911032,55,Commercial +5; 5-20ac -5; owner +5,ATTOM taxassessor (Santa Clara County),,
3 Municipal,SAN JOSE CITY,2834 LONE BLUFF WAY,SAN JOSE,497-46-001,272991,6.267,SANTA CLARA,SJ,Commercial,0,0,0,,,,37.301455,-121.836889,55,Commercial +5; 5-20ac -5; owner +5,ATTOM taxassessor (Santa Clara County),,
3 Municipal,SAN JOSE CITY,2180 RADIO AVE,SAN JOSE,439-08-011,272686,6.260,SANTA CLARA,SJ,Commercial,0,0,0,,,,37.290415,-121.889273,55,Commercial +5; 5-20ac -5; owner +5,ATTOM taxassessor (Santa Clara County),,
4 School / Public Ed,S D UNION,2130 LOS GATOS ALMADEN RD,SAN JOSE,523-40-002,258011,5.923,SANTA CLARA,SJ,Commercial,0,0,0,,,,37.241763,-121.934227,55,Commercial +5; 5-20ac -5; owner +5,ATTOM taxassessor (Santa Clara County),,
4 School / Public Ed,PALO ALTO UNIFIED S D,705 ALESTER AVE,PALO ALTO,003-30-016,256392,5.886,SANTA CLARA,PA,Commercial,0,0,0,,,1985-04-09,37.449505,-122.134137,55,Commercial +5; 5-20ac -5; owner +5,ATTOM taxassessor (Santa Clara County),,
1 Federal,UNITED STATES AMERICA,,SAN JOSE,070-06-084,253436,5.818,SANTA CLARA,AR,VACANT LAND,0,0,0,,,1988-03-22,37.402854,-121.457954,55,VACANT LAND +25; 5-20ac -5; zoning AR -15,ATTOM taxassessor (Santa Clara County),,
2 Santa Clara County,SANTA CLARA VTA,,SAN JOSE,434-13-038,243956,0.000,SANTA CLARA,,VACANT LAND,0,0,0,,2008-12-22,,37.310771,-121.884829,55,VACANT LAND +25; 5-20ac -5; owner -15,ATTOM taxassessor (Santa Clara County),,
3 Municipal,SUNNYVALE CITY,1010 MORSE AVE,SUNNYVALE,110-14-202,236076,5.420,SANTA CLARA,SU,Commercial,0,0,0,,,,37.398715,-122.016081,55,Commercial +5; 5-20ac -5; owner +5,ATTOM taxassessor (Santa Clara County),,
5 State of California,CALIFORNIA STATE,,SAN JOSE,421-35-006,229582,5.271,SANTA CLARA,LI,VACANT LAND,0,0,0,,,1989-12-22,37.253698,-121.946461,55,VACANT LAND +25; 5-20ac -5; owner -15,ATTOM taxassessor (Santa Clara County),,
3 Municipal,SAN JOSE CITY,315 CRESCENT VILLAGE CIR,SAN JOSE,097-33-124,219106,5.030,SANTA CLARA,IP,COMMERCIAL,0,0,0,,,,37.403613,-121.930736,55,COMMERCIAL +5; 5-20ac -5; owner +5,ATTOM taxassessor (Santa Clara County),,
5 State of California,STATE CALIFORNIA,,SAN JOSE,259-17-111,41460,0.952,SANTA CLARA,,OTHER / UNKNOWN,0,0,0,,2001-09-13,2001-09-13,37.346337,-121.903827,55,<1ac infill +20; owner -15,ATTOM taxassessor (Santa Clara County),,
5 State of California,CALIFORNIA STATE,,SAN JOSE,456-26-034,40971,0.941,SANTA CLARA,SJ,OTHER / UNKNOWN,0,0,0,,,,37.288946,-121.869983,55,<1ac infill +20; owner -15,ATTOM taxassessor (Santa Clara County),,
2 Santa Clara County,SANTA CLARA COU TRANSIT DIST,1275 LA AVENIDA ST,MOUNTAIN VIEW,116-16-053,40082,0.920,SANTA CLARA,P(3),INDUSTRIAL,0,0,0,,,1999-07-31,37.41275,-122.075498,55,<1ac infill +20; owner -15,ATTOM taxassessor (Santa Clara County),,
5 State of California,CALIFORNIA STATE,,SAN JOSE,692-27-078,39872,0.915,SANTA CLARA,,OTHER / UNKNOWN,0,0,0,,,,37.246802,-121.828824,55,<1ac infill +20; owner -15,ATTOM taxassessor (Santa Clara County),,
2 Santa Clara County,SANTA CLARA VTA,,SAN JOSE,245-48-005,35506,0.815,SANTA CLARA,SJ,OTHER / UNKNOWN,0,0,0,,,,37.388139,-121.881013,55,<1ac infill +20; owner -15,ATTOM taxassessor (Santa Clara County),,
5 State of California,STATE CALIFORNIA,,SAN JOSE,692-15-096,34289,0.787,SANTA CLARA,LI,OTHER / UNKNOWN,0,0,0,,,,37.244391,-121.817685,55,<1ac infill +20; owner -15,ATTOM taxassessor (Santa Clara County),,
5 State of California,STATE OF CALIFORNIA,,SAN JOSE,456-26-042,32469,0.745,SANTA CLARA,SJ,OTHER / UNKNOWN,0,0,0,,2008-12-22,,37.287482,-121.868483,55,<1ac infill +20; owner -15,ATTOM taxassessor (Santa Clara County),,
2 Santa Clara County,SANTA CLARA COUNTY TRANSIT DIST,2220 EASTRIDGE LOOP,SAN JOSE,491-04-042,30512,0.700,SANTA CLARA,CG,OTHER / UNKNOWN,0,0,0,,,1987-05-20,37.326919,-121.810339,55,<1ac infill +20; owner -15,ATTOM taxassessor (Santa Clara County),,
2 Santa Clara County,SANTA CLARA VTA,,SAN JOSE,692-27-075,30382,0.000,SANTA CLARA,,OTHER / UNKNOWN,0,0,0,,,,37.246663,-121.830128,55,<1ac infill +20; owner -15,ATTOM taxassessor (Santa Clara County),,
2 Santa Clara County,SANTA CLARA VTA,,SAN JOSE,467-36-094,30056,0.690,SANTA CLARA,LI,OTHER / UNKNOWN,0,0,0,,,2002-12-11,37.341777,-121.863303,55,<1ac infill +20; owner -15,ATTOM taxassessor (Santa Clara County),,
1 Federal,UNITED STATES OF,,SAN JOSE,678-01-015,29621,0.680,SANTA CLARA,AR,OTHER / UNKNOWN,0,0,0,,1988-02-04,,37.238919,-121.720113,55,<1ac infill +20; zoning AR -15,ATTOM taxassessor (Santa Clara County),,
5 State of California,CALIFORNIA STATE,,SAN JOSE,259-24-038,29290,0.672,SANTA CLARA,SJ,OTHER / UNKNOWN,0,0,0,,,1974-08-13,37.339046,-121.898139,55,<1ac infill +20; owner -15,ATTOM taxassessor (Santa Clara County),,
5 State of California,STATE CALIFORNIA,,SAN JOSE,259-04-007,29000,0.666,SANTA CLARA,SJ,OTHER / UNKNOWN,0,0,0,,,2001-09-27,37.347678,-121.905239,55,<1ac infill +20; owner -15,ATTOM taxassessor (Santa Clara County),,
5 State of California,CALIFORNIA STATE,,SAN JOSE,464-39-082,28857,0.662,SANTA CLARA,LI,OTHER / UNKNOWN,0,0,0,,,1974-02-08,37.262499,-121.85839,55,<1ac infill +20; owner -15,ATTOM taxassessor (Santa Clara County),,
2 Santa Clara County,SANTA CLARA VTA,,SAN JOSE,254-17-112,27007,0.620,SANTA CLARA,IP,INDUSTRIAL,0,0,0,,,,37.366039,-121.873031,55,<1ac infill +20; owner -15,ATTOM taxassessor (Santa Clara County),,
5 State of California,CALIFORNIA STATE,,SAN JOSE,494-26-046,26359,0.605,SANTA CLARA,SJ,OTHER / UNKNOWN,0,0,0,,,,37.298609,-121.812994,55,<1ac infill +20; owner -15,ATTOM taxassessor (Santa Clara County),,
5 State of California,CALIFORNIA STATE,,SAN JOSE,456-26-032,25525,0.586,SANTA CLARA,SJ,OTHER / UNKNOWN,0,0,0,,,,37.289464,-121.870805,55,<1ac infill +20; owner -15,ATTOM taxassessor (Santa Clara County),,
5 State of California,CALIFORNIA STATE,,SAN JOSE,569-28-009,23974,0.550,SANTA CLARA,SJ,OTHER / UNKNOWN,0,0,0,,,,37.251339,-121.891056,55,<1ac infill +20; owner -15,ATTOM taxassessor (Santa Clara County),,
5 State of California,CALIFORNIA STATE,,SUNNYVALE,216-27-056,22216,0.510,SANTA CLARA,,OTHER / UNKNOWN,0,0,0,,,1984-07-20,37.370656,-121.995347,55,<1ac infill +20; owner -15,ATTOM taxassessor (Santa Clara County),,
5 State of California,STATE CALIFORNIA,,SAN JOSE,259-06-064,21836,0.501,SANTA CLARA,,OTHER / UNKNOWN,0,0,0,,,2001-09-27,37.347472,-121.904714,55,<1ac infill +20; owner -15,ATTOM taxassessor (Santa Clara County),,
5 State of California,CALIFORNIA STATE,68 N WINCHESTER BLVD,SANTA CLARA,303-17-047,20908,0.480,SANTA CLARA,SC,OTHER / UNKNOWN,0,0,0,,,1975-09-17,37.325542,-121.950617,55,<1ac infill +20; owner -15,ATTOM taxassessor (Santa Clara County),,
2 Santa Clara County,SANTA CLARA VALLEY TRANS AUTHORITY,,SAN JOSE,467-33-075,20473,0.470,SANTA CLARA,LI,OTHER / UNKNOWN,0,0,0,,2023-07-11,,37.34736,-121.863581,55,<1ac infill +20; owner -15,ATTOM taxassessor (Santa Clara County),,
5 State of California,CALIFORNIA STATE,,SANTA CLARA,230-06-051,20122,0.462,SANTA CLARA,,OTHER / UNKNOWN,0,0,0,,,1983-08-29,37.35244,-121.934699,55,<1ac infill +20; owner -15,ATTOM taxassessor (Santa Clara County),,
2 Santa Clara County,SANTA CLARA VTA,,SAN JOSE,254-02-027,19513,0.448,SANTA CLARA,SJ,OTHER / UNKNOWN,0,0,0,,,,37.362853,-121.872196,55,<1ac infill +20; owner -15,ATTOM taxassessor (Santa Clara County),,
5 State of California,CALIFORNIA STATE,,SAN JOSE,569-46-087,19030,0.437,SANTA CLARA,,OTHER / UNKNOWN,0,0,0,,,1985-11-12,37.250887,-121.906754,55,<1ac infill +20; owner -15,ATTOM taxassessor (Santa Clara County),,
5 State of California,CALIFORNIA STATE,S 5TH ST,SAN JOSE,472-14-055,18731,0.430,SANTA CLARA,SJ,OTHER / UNKNOWN,0,0,0,,,,37.322979,-121.874555,55,<1ac infill +20; owner -15,ATTOM taxassessor (Santa Clara County),,
2 Santa Clara County,SANTA CLARA VTA,,SAN JOSE,692-27-072,18021,0.414,SANTA CLARA,,OTHER / UNKNOWN,0,0,0,,2011-06-29,2011-06-29,37.248024,-121.830362,55,<1ac infill +20; owner -15,ATTOM taxassessor (Santa Clara County),,
2 Santa Clara County,SANTA CLARA VTA,,SAN JOSE,692-27-076,17925,0.412,SANTA CLARA,,OTHER / UNKNOWN,0,0,0,,,,37.247919,-121.82992,55,<1ac infill +20; owner -15,ATTOM taxassessor (Santa Clara County),,
5 State of California,STATE OF CALIFORNIA RE UNIT,161 N 1ST ST,SAN JOSE,259-34-056,17548,0.403,SANTA CLARA,CG,OTHER / UNKNOWN,0,0,0,,2009-08-10,2009-08-10,37.33836,-121.892689,55,<1ac infill +20; owner -15,ATTOM taxassessor (Santa Clara County),,
5 State of California,CALIFORNIA STATE,,SAN JOSE,372-21-010,17258,0.396,SANTA CLARA,SJ,OTHER / UNKNOWN,0,0,0,,,,37.297411,-122.029272,55,<1ac infill +20; owner -15,ATTOM taxassessor (Santa Clara County),,
2 Santa Clara County,SANTA CLARA VTA,,SAN JOSE,467-35-089,16553,0.380,SANTA CLARA,LI,OTHER / UNKNOWN,0,0,0,,,2002-12-11,37.346454,-121.863177,55,<1ac infill +20; owner -15,ATTOM taxassessor (Santa Clara County),,
1 Federal,UNITED STATES AMERICA,,MOUNTAIN VIEW,116-18-013,16551,0.380,SANTA CLARA,A-20S,OTHER / UNKNOWN,0,0,0,,,,37.409107,-122.063972,55,<1ac infill +20; zoning A-20S -15,ATTOM taxassessor (Santa Clara County),,
5 State of California,CALIFORNIA STATE,,SAN JOSE,230-32-112,16396,0.376,SANTA CLARA,,OTHER / UNKNOWN,0,0,0,,,,37.360763,-121.915602,55,<1ac infill +20; owner -15,ATTOM taxassessor (Santa Clara County),,
5 State of California,CALIFORNIA STATE,,CAMPBELL,403-20-010,16117,0.370,SANTA CLARA,CA,OTHER / UNKNOWN,0,0,0,,,,37.26681,-121.984124,55,<1ac infill +20; owner -15,ATTOM taxassessor (Santa Clara County),,
5 State of California,STATE CALIFORNIA,,SAN JOSE,259-06-057,14367,0.330,SANTA CLARA,,OTHER / UNKNOWN,0,0,0,,2001-09-04,2001-09-04,37.347929,-121.903304,55,<1ac infill +20; owner -15,ATTOM taxassessor (Santa Clara County),,
2 Santa Clara County,SANTA CLARA VTA,,SAN JOSE,692-27-073,13534,0.311,SANTA CLARA,,OTHER / UNKNOWN,0,0,0,,2011-06-29,2011-06-29,37.247837,-121.829668,55,<1ac infill +20; owner -15,ATTOM taxassessor (Santa Clara County),,
5 State of California,CALIFORNIA STATE,,SAN JOSE,472-08-102,13504,0.310,SANTA CLARA,SJ,OTHER / UNKNOWN,0,0,0,,,,37.337534,-121.857718,55,<1ac infill +20; owner -15,ATTOM taxassessor (Santa Clara County),,
5 State of California,STATE CALIFORNIA,,SAN JOSE,692-15-094,13437,0.308,SANTA CLARA,LI,OTHER / UNKNOWN,0,0,0,,,,37.243766,-121.817732,55,<1ac infill +20; owner -15,ATTOM taxassessor (Santa Clara County),,
2 Santa Clara County,SANTA CLARA VALLEY TRANS AUTHORITY,77 S 28TH ST,SAN JOSE,467-33-077,13426,0.308,SANTA CLARA,LI,INDUSTRIAL,446206,1171293,1617499,2.625,2023-07-11,2017-03-27,37.347343,-121.86335,55,<1ac infill +20; owner -15,ATTOM taxassessor (Santa Clara County),,
2 Santa Clara County,SANTA CLARA COUNTY TRANSIT DIST,,SAN JOSE,249-44-096,13200,0.303,SANTA CLARA,SJ,OTHER / UNKNOWN,0,0,0,,,1990-08-24,37.342205,-121.894334,55,<1ac infill +20; owner -15,ATTOM taxassessor (Santa Clara County),,
5 State of California,CALIFORNIA STATE,,SAN JOSE,259-31-068,12300,0.282,SANTA CLARA,SJ,OTHER / UNKNOWN,0,0,0,,,1974-04-15,37.337677,-121.897174,55,<1ac infill +20; owner -15,ATTOM taxassessor (Santa Clara County),,
2 Santa Clara County,SANTA CLARA COUNTY TRANSIT DIST,,SUNNYVALE,110-29-039,11710,0.269,SANTA CLARA,M1,INDUSTRIAL,0,0,0,,,2000-06-09,37.403648,-122.010426,55,<1ac infill +20; owner -15,ATTOM taxassessor (Santa Clara County),,
2 Santa Clara County,SANTA CLARA VTA,,SAN JOSE,467-33-092,11390,0.261,SANTA CLARA,,OTHER / UNKNOWN,0,0,0,,,2002-12-11,37.348008,-121.863879,55,<1ac infill +20; owner -15,ATTOM taxassessor (Santa Clara County),,
2 Santa Clara County,SANTA CLARA COUNTY TRANSIT DIST,2220 EASTRIDGE LOOP,SAN JOSE,491-04-041,11134,0.256,SANTA CLARA,SJ,OTHER / UNKNOWN,0,0,0,,,1987-05-20,37.329211,-121.811926,55,<1ac infill +20; owner -15,ATTOM taxassessor (Santa Clara County),,
5 State of California,CALIFORNIA STATE,,SAN JOSE,259-31-069,10332,0.237,SANTA CLARA,SJ,OTHER / UNKNOWN,0,0,0,,,1972-11-21,37.338198,-121.897434,55,<1ac infill +20; owner -15,ATTOM taxassessor (Santa Clara County),,
5 State of California,CALIFORNIA STATE,,SAN JOSE,678-05-040,10283,0.236,SANTA CLARA,SJ,OTHER / UNKNOWN,0,0,0,,,1985-05-01,37.247495,-121.773058,55,<1ac infill +20; owner -15,ATTOM taxassessor (Santa Clara County),,
2 Santa Clara County,SANTA CLARA VTA EL AL,,SAN JOSE,456-26-039,10083,0.231,SANTA CLARA,,OTHER / UNKNOWN,0,0,0,,,,37.287789,-121.868159,55,<1ac infill +20; owner -15,ATTOM taxassessor (Santa Clara County),,
2 Santa Clara County,SANTA CLARA VTA,,SAN JOSE,692-27-070,9914,0.228,SANTA CLARA,,OTHER / UNKNOWN,0,0,0,,2011-06-29,2011-06-29,37.246625,-121.82987,55,<1ac infill +20; owner -15,ATTOM taxassessor (Santa Clara County),,
5 State of California,CALIFORNIA STATE,,SAN JOSE,612-41-014,9801,0.225,SANTA CLARA,HS,OTHER / UNKNOWN,0,0,0,,,,37.376409,-121.789603,55,<1ac infill +20; owner -15,ATTOM taxassessor (Santa Clara County),,
2 Santa Clara County,SANTA CLARA VTA,,SAN JOSE,467-36-095,9800,0.225,SANTA CLARA,LI,OTHER / UNKNOWN,0,0,0,,,2002-12-11,37.340849,-121.863463,55,<1ac infill +20; owner -15,ATTOM taxassessor (Santa Clara County),,
2 Santa Clara County,SANTA CLARA VTA,,SAN JOSE,467-33-091,9239,0.212,SANTA CLARA,,OTHER / UNKNOWN,0,0,0,,,2002-12-11,37.348337,-121.864109,55,<1ac infill +20; owner -15,ATTOM taxassessor (Santa Clara County),,
5 State of California,STATE OF CALIFORNIA,635 CREEKSIDE WAY,CAMPBELL,288-01-008,9149,0.210,SANTA CLARA,P-D,OTHER / UNKNOWN,0,0,0,,2004-10-25,,37.29362,-121.935798,55,<1ac infill +20; owner -15,ATTOM taxassessor (Santa Clara County),,
5 State of California,STATE CALIFORNIA,,SAN JOSE,706-06-014,8276,0.190,SANTA CLARA,M1,OTHER / UNKNOWN,0,0,0,,,,37.242331,-121.800542,55,<1ac infill +20; owner -15,ATTOM taxassessor (Santa Clara County),,
5 State of California,CALIFORNIA STATE,,SAN JOSE,264-40-120,7928,0.182,SANTA CLARA,SJ,OTHER / UNKNOWN,0,0,0,,,1984-06-15,37.318256,-121.889065,55,<1ac infill +20; owner -15,ATTOM taxassessor (Santa Clara County),,
2 Santa Clara County,SANTA CLARA COUNTY TRANSIT DIST,,SAN JOSE,477-21-090,7892,0.181,SANTA CLARA,LI,OTHER / UNKNOWN,0,0,0,,,1988-07-15,37.305175,-121.852102,55,<1ac infill +20; owner -15,ATTOM taxassessor (Santa Clara County),,
5 State of California,CALIFORNIA STATE,,SAN JOSE,230-32-111,6606,0.152,SANTA CLARA,,OTHER / UNKNOWN,0,0,0,,,,37.358811,-121.91411,55,<1ac infill +20; owner -15,ATTOM taxassessor (Santa Clara County),,
5 State of California,CALIFORNIA STATE,,SAN JOSE,259-45-010,6182,0.142,SANTA CLARA,SJ,OTHER / UNKNOWN,0,0,0,,,,37.330195,-121.895395,55,<1ac infill +20; owner -15,ATTOM taxassessor (Santa Clara County),,
4 School / Public Ed,S D EVERGREEN,COLT WAY,SAN JOSE,676-56-026,201247,4.620,SANTA CLARA,R1B6,AGRICULTURE / FARMING,0,0,0,,,1978-04-27,37.300439,-121.809455,54,AGRICULTURE / FARMING -25; 1-5ac +12; owner +5; zoning R1B6 +12,ATTOM taxassessor (Santa Clara County),,
4 School / Public Ed,S D EVERGREEN,,SAN JOSE,676-56-025,192971,4.430,SANTA CLARA,R1B6,AGRICULTURE / FARMING,0,0,0,,,1978-04-27,37.299511,-121.808526,54,AGRICULTURE / FARMING -25; 1-5ac +12; owner +5; zoning R1B6 +12,ATTOM taxassessor (Santa Clara County),,
3 Municipal,SAN JOSE CITY,,SAN JOSE,499-31-050,173369,3.980,SANTA CLARA,R1,AGRICULTURE / FARMING,0,0,0,,,1981-05-05,37.305091,-121.830226,54,AGRICULTURE / FARMING -25; 1-5ac +12; owner +5; zoning R1 +12,ATTOM taxassessor (Santa Clara County),,
3 Municipal,SAN JOSE CITY,,SAN JOSE,659-59-043,108576,0.000,SANTA CLARA,R1-25,AGRICULTURE / FARMING,0,0,0,,2009-08-21,2009-08-21,37.321701,-121.773412,54,AGRICULTURE / FARMING -25; 1-5ac +12; owner +5; zoning R1-25 +12,ATTOM taxassessor (Santa Clara County),,
3 Municipal,SAN JOSE CITY,,SAN JOSE,284-27-044,73181,1.680,SANTA CLARA,R3H,AGRICULTURE / FARMING,0,0,0,,1996-06-19,1996-06-19,37.300697,-121.921701,54,AGRICULTURE / FARMING -25; 1-5ac +12; owner +5; zoning R3H +12,ATTOM taxassessor (Santa Clara County),,
3 Municipal,SAN JOSE CITY,,SAN JOSE,660-21-025,60740,1.394,SANTA CLARA,R1,AGRICULTURE / FARMING,0,0,0,,,1992-09-14,37.303271,-121.772848,54,AGRICULTURE / FARMING -25; 1-5ac +12; owner +5; zoning R1 +12,ATTOM taxassessor (Santa Clara County),,
5 State of California,CALIFORNIA STATE,16244 E MOZART AVE,CAMPBELL,424-06-122,256224,5.882,SANTA CLARA,R1-8,Residential,0,0,0,,,1988-10-28,37.256164,-121.9539,52,Residential +10; 5-20ac -5; owner -15; zoning R1-8 +12,ATTOM taxassessor (Santa Clara County),,
2 Santa Clara County,SANTA CLARA COUNTY,,SAN JOSE,494-16-016,207042,0.000,SANTA CLARA,A,OTHER / UNKNOWN,0,0,0,,,,37.283693,-121.810642,52,1-5ac +12; owner +5; zoning A -15,ATTOM taxassessor (Santa Clara County),,
2 Santa Clara County,SANTA CLARA COUNTY,,SAN JOSE,627-11-016,200403,4.601,SANTA CLARA,AR-SR,OTHER / UNKNOWN,0,0,0,,,,37.236427,-121.718588,52,1-5ac +12; owner +5; zoning AR-SR -15,ATTOM taxassessor (Santa Clara County),,
2 Santa Clara County,SANTA CLARA COUNTY,,SAN JOSE,494-16-006,193001,4.431,SANTA CLARA,A,OTHER / UNKNOWN,0,0,0,,,,37.283604,-121.812491,52,1-5ac +12; owner +5; zoning A -15,ATTOM taxassessor (Santa Clara County),,
3 Municipal,SAN JOSE CITY,785 OVATION CT,SAN JOSE,097-33-030,169013,3.880,SANTA CLARA,A(PD),OTHER / UNKNOWN,0,0,0,,,1981-08-26,37.402875,-121.918692,52,1-5ac +12; owner +5; zoning A(PD) -15,ATTOM taxassessor (Santa Clara County),,
5 State of California,CALIFORNIA STATE,297 W HEDDING ST,SAN JOSE,230-38-067,88831,2.039,SANTA CLARA,SJ,Commercial,0,0,0,,,,37.349913,-121.911517,52,Commercial +5; 1-5ac +12; owner -15,ATTOM taxassessor (Santa Clara County),,
3 Municipal,SAN JOSE CITY,,SAN JOSE,497-42-007,86363,1.983,SANTA CLARA,A,OTHER / UNKNOWN,0,0,0,,,,37.306007,-121.83928,52,1-5ac +12; owner +5; zoning A -15,ATTOM taxassessor (Santa Clara County),,
3 Municipal,SAN JOSE CITY,,SAN JOSE,659-57-011,79812,1.832,SANTA CLARA,A,INDUSTRIAL,0,0,0,,,,37.314277,-121.775144,52,1-5ac +12; owner +5; zoning A -15,ATTOM taxassessor (Santa Clara County),,
2 Santa Clara County,SANTA CLARA VALLEY TRANS AUTHORITY,1600 LAS PLUMAS AVE,SAN JOSE,254-03-039,76665,1.760,SANTA CLARA,M1,Commercial,0,0,0,,2022-06-30,2022-06-30,37.359061,-121.869383,52,Commercial +5; 1-5ac +12; owner -15,ATTOM taxassessor (Santa Clara County),,
2 Santa Clara County,SANTA CLARA COUNTY,,SAN JOSE,494-15-019,71621,1.644,SANTA CLARA,A,OTHER / UNKNOWN,0,0,0,,,,37.282907,-121.814438,52,1-5ac +12; owner +5; zoning A -15,ATTOM taxassessor (Santa Clara County),,
2 Santa Clara County,SANTA CLARA COUNTY,,SAN JOSE,678-02-031,71240,1.635,SANTA CLARA,A1-20,OTHER / UNKNOWN,0,0,0,,,1985-05-01,37.234765,-121.761682,52,1-5ac +12; owner +5; zoning A1-20 -15,ATTOM taxassessor (Santa Clara County),,
2 Santa Clara County,SANTA CLARA COU TRANSIT DIST,,SAN JOSE,097-84-011,58208,1.336,SANTA CLARA,IP,Commercial,0,0,0,,,1999-05-21,37.413056,-121.934614,52,Commercial +5; 1-5ac +12; owner -15,ATTOM taxassessor (Santa Clara County),,
2 Santa Clara County,SANTA CLARA COU TRANSIT DIST,399 E TASMAN DR,SAN JOSE,097-84-024,57014,1.309,SANTA CLARA,IP,Commercial,0,0,0,,,1999-05-21,37.412956,-121.930075,52,Commercial +5; 1-5ac +12; owner -15,ATTOM taxassessor (Santa Clara County),,
2 Santa Clara County,SANTA CLARA COUNTY (CA),180 W HEDDING ST,SAN JOSE,259-04-015,37200,0.854,SANTA CLARA,RA,PUBLIC WORKS,0,0,0,,1998-09-30,,37.351522,-121.906084,52,PUBLIC WORKS -35; <1ac infill +20; owner +5; zoning RA +12,ATTOM taxassessor (Santa Clara County),,
3 Municipal,SAN FRANCISCO CITY & COUNTY OF,,MOUNTAIN VIEW,150-20-007,36900,0.847,SANTA CLARA,R3-2*,PUBLIC WORKS,41730,0,41730,0.000,,,37.401397,-122.087567,52,PUBLIC WORKS -35; <1ac infill +20; owner +5; zoning R3-2* +12,ATTOM taxassessor (Santa Clara County),,
3 Municipal,SAN FRANCISCO CITY & COUNTY OF,,SUNNYVALE,110-16-049,33106,0.760,SANTA CLARA,R0,PUBLIC WORKS,17703,0,17703,0.000,,,37.39656,-122.008754,52,PUBLIC WORKS -35; <1ac infill +20; owner +5; zoning R0 +12,ATTOM taxassessor (Santa Clara County),,
3 Municipal,SAN JOSE CITY,,SAN JOSE,259-16-118,32067,0.736,SANTA CLARA,R2,PUBLIC WORKS,0,0,0,,,1987-12-15,37.345142,-121.904736,52,PUBLIC WORKS -35; <1ac infill +20; owner +5; zoning R2 +12,ATTOM taxassessor (Santa Clara County),,
3 Municipal,SAN JOSE CITY,BOA VISTA DR,SAN JOSE,477-43-047,30600,0.702,SANTA CLARA,R1-8P,PUBLIC WORKS,0,0,0,,,,37.323588,-121.840167,52,PUBLIC WORKS -35; <1ac infill +20; owner +5; zoning R1-8P +12,ATTOM taxassessor (Santa Clara County),,
3 Municipal,SAN JOSE CITY,,SAN JOSE,660-52-004,28314,0.650,SANTA CLARA,R1,PUBLIC WORKS,0,0,0,,,1992-06-18,37.27954,-121.754086,52,PUBLIC WORKS -35; <1ac infill +20; owner +5; zoning R1 +12,ATTOM taxassessor (Santa Clara County),,
3 Municipal,MT VIEW CITY,305 MARIPOSA AVE,MOUNTAIN VIEW,154-10-093,27078,0.622,SANTA CLARA,R32,PUBLIC WORKS,0,0,0,,2007-09-21,2007-09-21,37.395791,-122.088444,52,PUBLIC WORKS -35; <1ac infill +20; owner +5; zoning R32 +12,ATTOM taxassessor (Santa Clara County),,
2 Santa Clara County,SANTA CLARA COUNTY,,CUPERTINO,342-59-022,25000,0.574,SANTA CLARA,R1,PUBLIC WORKS,0,0,0,,2003-09-26,2003-09-26,37.330194,-122.080417,52,PUBLIC WORKS -35; <1ac infill +20; owner +5; zoning R1 +12,ATTOM taxassessor (Santa Clara County),,
3 Municipal,SAN FRANCISCO CITY & CO OF SFPUC,,MOUNTAIN VIEW,160-21-003,22800,0.523,SANTA CLARA,R3-2*,PUBLIC WORKS,90180,0,90180,0.000,,,37.401427,-122.064376,52,PUBLIC WORKS -35; <1ac infill +20; owner +5; zoning R3-2* +12,ATTOM taxassessor (Santa Clara County),,
3 Municipal,SAN JOSE CITY,,SAN JOSE,706-21-058,21012,0.482,SANTA CLARA,R1-8P,PUBLIC WORKS,0,0,0,,,1977-12-02,37.225781,-121.765882,52,PUBLIC WORKS -35; <1ac infill +20; owner +5; zoning R1-8P +12,ATTOM taxassessor (Santa Clara County),,
3 Municipal,SUNNYVALE CITY,,SUNNYVALE,110-16-041,20720,0.476,SANTA CLARA,RO,PUBLIC WORKS,0,0,0,,,1974-03-08,37.395564,-122.009148,52,PUBLIC WORKS -35; <1ac infill +20; owner +5; zoning RO +12,ATTOM taxassessor (Santa Clara County),,
4 School / Public Ed,SAN JOSE UNIFIED S D,2171 COTTLE AVE,SAN JOSE,439-01-097,19602,0.450,SANTA CLARA,R1,PUBLIC WORKS,0,0,0,,,,37.290084,-121.897823,52,PUBLIC WORKS -35; <1ac infill +20; owner +5; zoning R1 +12,ATTOM taxassessor (Santa Clara County),,
3 Municipal,SAN JOSE CITY,,SAN JOSE,696-13-027,18485,0.424,SANTA CLARA,R140,PUBLIC WORKS,0,0,0,,,1992-08-13,37.225932,-121.849254,52,PUBLIC WORKS -35; <1ac infill +20; owner +5; zoning R140 +12,ATTOM taxassessor (Santa Clara County),,
3 Municipal,SAN FRANCISCO CITY & COUNTY OF,,MOUNTAIN VIEW,150-21-007,18260,0.419,SANTA CLARA,R1,PUBLIC WORKS,42149,0,42149,0.000,,,37.401384,-122.088927,52,PUBLIC WORKS -35; <1ac infill +20; owner +5; zoning R1 +12,ATTOM taxassessor (Santa Clara County),,
3 Municipal,SAN FRANCISCO CITY & COUNTY OF,,MOUNTAIN VIEW,150-10-046,17340,0.398,SANTA CLARA,R1,PUBLIC WORKS,42149,0,42149,0.000,,,37.401367,-122.089879,52,PUBLIC WORKS -35; <1ac infill +20; owner +5; zoning R1 +12,ATTOM taxassessor (Santa Clara County),,
3 Municipal,MT VIEW CITY,1720 VILLA ST,MOUNTAIN VIEW,154-02-058,17215,0.395,SANTA CLARA,R3-2*,PUBLIC WORKS,0,0,0,,,,37.398091,-122.089259,52,PUBLIC WORKS -35; <1ac infill +20; owner +5; zoning R3-2* +12,ATTOM taxassessor (Santa Clara County),,
3 Municipal,SAN JOSE CITY,,SAN JOSE,704-18-078,15973,0.367,SANTA CLARA,R1-8,PUBLIC WORKS,0,0,0,,,1977-05-31,37.230392,-121.794114,52,PUBLIC WORKS -35; <1ac infill +20; owner +5; zoning R1-8 +12,ATTOM taxassessor (Santa Clara County),,
4 School / Public Ed,SAN JOSE UNIFIED S D,,SAN JOSE,467-58-002,15700,0.360,SANTA CLARA,R2,PUBLIC WORKS,0,0,0,,,1980-12-12,37.346276,-121.868014,52,PUBLIC WORKS -35; <1ac infill +20; owner +5; zoning R2 +12,ATTOM taxassessor (Santa Clara County),,
3 Municipal,SAN FRANCISCO CITY & CO OF,,MOUNTAIN VIEW,150-10-002,14700,0.337,SANTA CLARA,R3-22,PUBLIC WORKS,21648,0,21648,0.000,,,37.401328,-122.091322,52,PUBLIC WORKS -35; <1ac infill +20; owner +5; zoning R3-22 +12,ATTOM taxassessor (Santa Clara County),,
3 Municipal,SAN JOSE CITY,,SAN JOSE,587-06-062,14374,0.330,SANTA CLARA,R1B6,PUBLIC WORKS,0,0,0,,,,37.408041,-121.853104,52,PUBLIC WORKS -35; <1ac infill +20; owner +5; zoning R1B6 +12,ATTOM taxassessor (Santa Clara County),,
3 Municipal,CITY OF CUPERTINO,10486 STERLING BLVD,CUPERTINO,375-23-047,12502,0.287,SANTA CLARA,R1,PUBLIC WORKS,0,0,0,,2008-11-21,2008-11-21,37.315428,-121.996359,52,PUBLIC WORKS -35; <1ac infill +20; owner +5; zoning R1 +12,ATTOM taxassessor (Santa Clara County),,
3 Municipal,SAN FRANCISCO CITY & COUNTY OF,,MOUNTAIN VIEW,150-10-026,11004,0.253,SANTA CLARA,R1,PUBLIC WORKS,22515,0,22515,0.000,,,37.401353,-122.090675,52,PUBLIC WORKS -35; <1ac infill +20; owner +5; zoning R1 +12,ATTOM taxassessor (Santa Clara County),,
3 Municipal,SAN FRANCISCO CITY & COUNTY OF,,SUNNYVALE,104-25-119,10890,0.250,SANTA CLARA,R0,PUBLIC WORKS,13068,0,13068,0.000,,,37.396675,-121.995341,52,PUBLIC WORKS -35; <1ac infill +20; owner +5; zoning R0 +12,ATTOM taxassessor (Santa Clara County),,
3 Municipal,CITY OF CUPERTINO,10486 STERLING BLVD,CUPERTINO,375-23-046,9322,0.214,SANTA CLARA,R1,PUBLIC WORKS,0,0,0,,2008-11-21,2008-11-21,37.315599,-121.996297,52,PUBLIC WORKS -35; <1ac infill +20; owner +5; zoning R1 +12,ATTOM taxassessor (Santa Clara County),,
3 Municipal,SAN FRANCISCO CITY & COUNTY OF,,SUNNYVALE,104-28-067,8450,0.194,SANTA CLARA,RO,PUBLIC WORKS,3450,0,3450,0.000,,,37.39824,-121.986518,52,PUBLIC WORKS -35; <1ac infill +20; owner +5; zoning RO +12,ATTOM taxassessor (Santa Clara County),,
3 Municipal,SANTA CLARA CITY,4526 LAKESHORE DR,SANTA CLARA,104-45-009,8140,0.187,SANTA CLARA,R16L,PUBLIC WORKS,0,0,0,,,1984-01-30,37.39621,-121.967697,52,PUBLIC WORKS -35; <1ac infill +20; owner +5; zoning R16L +12,ATTOM taxassessor (Santa Clara County),,
3 Municipal,SAN JOSE CITY,,SAN JOSE,230-38-003,8100,0.186,SANTA CLARA,R1-8,PUBLIC WORKS,0,0,0,,2002-07-03,2002-07-03,37.350597,-121.910285,52,PUBLIC WORKS -35; <1ac infill +20; owner +5; zoning R1-8 +12,ATTOM taxassessor (Santa Clara County),,
3 Municipal,SAN JOSE CITY (CA),,SAN JOSE,659-61-101,7702,0.177,SANTA CLARA,R1,PUBLIC WORKS,0,0,0,,2003-05-27,,37.324767,-121.771298,52,PUBLIC WORKS -35; <1ac infill +20; owner +5; zoning R1 +12,ATTOM taxassessor (Santa Clara County),,
3 Municipal,SAN JOSE CITY (CA),,SAN JOSE,659-61-050,6975,0.160,SANTA CLARA,R1,PUBLIC WORKS,0,0,0,,2003-05-27,,37.323668,-121.771087,52,PUBLIC WORKS -35; <1ac infill +20; owner +5; zoning R1 +12,ATTOM taxassessor (Santa Clara County),,
3 Municipal,SAN JOSE CITY (CA),200 E SANTA CLARA ST,SAN JOSE,467-24-003,6580,0.151,SANTA CLARA,RM,PUBLIC WORKS,0,0,0,,2002-07-03,,37.337827,-121.88504,52,PUBLIC WORKS -35; <1ac infill +20; owner +5; zoning RM +12,ATTOM taxassessor (Santa Clara County),,
3 Municipal,SAN JOSE CITY (CA),200 E SANTA CLARA ST,SAN JOSE,467-24-014,6439,0.148,SANTA CLARA,R4,PUBLIC WORKS,0,0,0,,2002-07-03,,37.337515,-121.885361,52,PUBLIC WORKS -35; <1ac infill +20; owner +5; zoning R4 +12,ATTOM taxassessor (Santa Clara County),,
3 Municipal,SAN JOSE CITY (CA),498 MENKER AVE,SAN JOSE,277-16-001,6424,0.147,SANTA CLARA,R1,PUBLIC WORKS,0,0,0,,2001-05-10,1989-08-15,37.319809,-121.921317,52,PUBLIC WORKS -35; <1ac infill +20; owner +5; zoning R1 +12,ATTOM taxassessor (Santa Clara County),,
2 Santa Clara County,SANTA CLARA COUNTY,2924 PENITENCIA CREEK RD,SAN JOSE,592-20-074,6319,0.145,SANTA CLARA,R1B6,PUBLIC WORKS,0,0,0,,,1981-02-05,37.387755,-121.850174,52,PUBLIC WORKS -35; <1ac infill +20; owner +5; zoning R1B6 +12,ATTOM taxassessor (Santa Clara County),,
3 Municipal,CUPERTINO CITY,10431 MILLER AVE,CUPERTINO,369-15-004,6300,0.145,SANTA CLARA,R1-10,PUBLIC WORKS,0,0,0,,1996-04-12,1996-04-15,37.316957,-122.013603,52,PUBLIC WORKS -35; <1ac infill +20; owner +5; zoning R1-10 +12,ATTOM taxassessor (Santa Clara County),,
4 School / Public Ed,PLEASANT S D MT,3385 GULUZZO DR,SAN JOSE,649-02-007,6175,0.142,SANTA CLARA,R1-8,PUBLIC WORKS,0,0,0,,,1980-12-12,37.345544,-121.796255,52,PUBLIC WORKS -35; <1ac infill +20; owner +5; zoning R1-8 +12,ATTOM taxassessor (Santa Clara County),,
2 Santa Clara County,SANTA CLARA COUNTY,,SAN JOSE,583-22-008,6098,0.140,SANTA CLARA,RR-H1,PUBLIC WORKS,0,0,0,,,,37.168453,-121.828032,52,PUBLIC WORKS -35; <1ac infill +20; owner +5; zoning RR-H1 +12,ATTOM taxassessor (Santa Clara County),,
3 Municipal,SAN JOSE CITY,519 S 6TH ST,SAN JOSE,472-28-098,6050,0.139,SANTA CLARA,R1,PUBLIC WORKS,0,0,0,,,,37.330551,-121.879609,52,PUBLIC WORKS -35; <1ac infill +20; owner +5; zoning R1 +12,ATTOM taxassessor (Santa Clara County),,
3 Municipal,SAN JOSE CITY,,SAN JOSE,230-38-013,6000,0.138,SANTA CLARA,R1-8,PUBLIC WORKS,0,0,0,,2002-07-03,2002-07-03,37.352116,-121.911491,52,PUBLIC WORKS -35; <1ac infill +20; owner +5; zoning R1-8 +12,ATTOM taxassessor (Santa Clara County),,
1 Federal,UNITED STATES AMERICA,,SUNNYVALE,015-36-009,3746160,86.000,SANTA CLARA,SU,VACANT LAND,0,0,0,,,,37.430665,-122.054449,50,VACANT LAND +25; 20-100ac big -25,ATTOM taxassessor (Santa Clara County),,
1 Federal,UNITED STATES POSTAL SERVICE,1751 HOSTETTER RD,SAN JOSE,244-14-017,1672246,38.390,SANTA CLARA,SJ,VACANT LAND,0,0,0,,,,37.390709,-121.88685,50,VACANT LAND +25; 20-100ac big -25,ATTOM taxassessor (Santa Clara County),,
4 School / Public Ed,SAN JOSE UNIFIED S D,,SAN JOSE,575-20-032,869008,19.950,SANTA CLARA,SJ,OTHER / UNKNOWN,0,0,0,,,1974-05-22,37.220254,-121.878509,50,5-20ac -5; owner +5,ATTOM taxassessor (Santa Clara County),,
3 Municipal,SAN JOSE CITY,,SAN JOSE,477-12-001,855219,19.633,SANTA CLARA,SJ,OTHER / UNKNOWN,0,0,0,,,,37.325826,-121.85852,50,5-20ac -5; owner +5,ATTOM taxassessor (Santa Clara County),,
4 School / Public Ed,UNION S D CAMPBELL,1585 MORE AVE,CAMPBELL,403-47-016,850727,19.530,SANTA CLARA,P-F,OTHER / UNKNOWN,0,0,0,,,,37.265817,-121.987518,50,5-20ac -5; owner +5,ATTOM taxassessor (Santa Clara County),,
2 Santa Clara County,SANTA CLARA COUNTY,,SAN JOSE,678-04-014,842886,19.350,SANTA CLARA,HS-P,OTHER / UNKNOWN,0,0,0,,,,37.245796,-121.766532,50,5-20ac -5; owner +5,ATTOM taxassessor (Santa Clara County),,
3 Municipal,CUPERTINO CITY,21979 SAN FERNANDO AVE,CUPERTINO,357-10-008,840652,19.299,SANTA CLARA,CU,OTHER / UNKNOWN,0,0,0,,1996-11-13,1996-11-13,37.317953,-122.061131,50,5-20ac -5; owner +5,ATTOM taxassessor (Santa Clara County),,
4 School / Public Ed,GROVE S D OAK,,SAN JOSE,704-32-035,824418,18.926,SANTA CLARA,SJ,OTHER / UNKNOWN,0,0,0,,,,37.226514,-121.789001,50,5-20ac -5; owner +5,ATTOM taxassessor (Santa Clara County),,
2 Santa Clara County,SANTA CLARA COUNTY,,SAN JOSE,679-05-001,823764,18.911,SANTA CLARA,SJ,OTHER / UNKNOWN,0,0,0,,,,37.273124,-121.79781,50,5-20ac -5; owner +5,ATTOM taxassessor (Santa Clara County),,
3 Municipal,CITY OF PALO ALTO,1120 HOPKINS AVE,PALO ALTO,003-46-006,798420,18.329,SANTA CLARA,PA,OTHER / UNKNOWN,0,0,0,,2022-12-23,,37.443947,-122.142952,50,5-20ac -5; owner +5,ATTOM taxassessor (Santa Clara County),,
3 Municipal,SAN JOSE CITY,,SAN JOSE,499-23-007,791409,18.168,SANTA CLARA,SJ,OTHER / UNKNOWN,0,0,0,,,,37.310285,-121.84062,50,5-20ac -5; owner +5,ATTOM taxassessor (Santa Clara County),,
4 School / Public Ed,SAN JOSE UNIFIED S D,,SAN JOSE,694-19-011,774088,17.771,SANTA CLARA,SJ,OTHER / UNKNOWN,0,0,0,,,1974-09-12,37.246438,-121.857719,50,5-20ac -5; owner +5,ATTOM taxassessor (Santa Clara County),,
3 Municipal,SAN JOSE CITY,S 16TH ST,SAN JOSE,472-31-042,764042,17.540,SANTA CLARA,SJ,OTHER / UNKNOWN,0,0,0,,,1988-03-07,37.335434,-121.867943,50,5-20ac -5; owner +5,ATTOM taxassessor (Santa Clara County),,
3 Municipal,SAN JOSE CITY,,SAN JOSE,589-09-018,759686,17.440,SANTA CLARA,SJ,OTHER / UNKNOWN,0,0,0,,,1976-03-25,37.401194,-121.874519,50,5-20ac -5; owner +5,ATTOM taxassessor (Santa Clara County),,
3 Municipal,SAN JOSE CITY,24TH N 9TH ST,SAN JOSE,249-21-005,741983,17.034,SANTA CLARA,SJ,OTHER / UNKNOWN,0,0,0,,,,37.359197,-121.876035,50,5-20ac -5; owner +5,ATTOM taxassessor (Santa Clara County),,
3 Municipal,CAMPBELL CITY,540 W RINCON AVE,CAMPBELL,305-29-001,741509,17.023,SANTA CLARA,PF/OS,OTHER / UNKNOWN,0,0,0,,,1973-02-26,37.282687,-121.958726,50,5-20ac -5; owner +5,ATTOM taxassessor (Santa Clara County),,
3 Municipal,SAN JOSE CITY,,CUPERTINO,372-11-001,739106,16.968,SANTA CLARA,CU,OTHER / UNKNOWN,0,0,0,,,,37.302428,-122.024909,50,5-20ac -5; owner +5,ATTOM taxassessor (Santa Clara County),,
4 School / Public Ed,FRANKLIN MCKINLEY SCHOOL DISTRICT,653 SYLVANDALE AVE,SAN JOSE,494-72-001,738864,16.962,SANTA CLARA,,OTHER / UNKNOWN,0,0,0,,,,37.289052,-121.823926,50,5-20ac -5; owner +5,ATTOM taxassessor (Santa Clara County),,
3 Municipal,PALO ALTO CITY,,PALO ALTO,008-02-032,709781,16.294,SANTA CLARA,PA,OTHER / UNKNOWN,0,0,0,,,,37.452282,-122.119071,50,5-20ac -5; owner +5,ATTOM taxassessor (Santa Clara County),,
2 Santa Clara County,SANTA CLARA COUNTY,,SAN JOSE,592-01-023,701124,16.096,SANTA CLARA,SJ,OTHER / UNKNOWN,0,0,0,,,1978-02-02,37.384388,-121.852752,50,5-20ac -5; owner +5,ATTOM taxassessor (Santa Clara County),,
3 Municipal,SAN JOSE CITY,901 E SANTA CLARA ST,SAN JOSE,467-12-013,700953,16.092,SANTA CLARA,SJ,OTHER / UNKNOWN,0,0,0,,,1974-04-22,37.346055,-121.873012,50,5-20ac -5; owner +5,ATTOM taxassessor (Santa Clara County),,
2 Santa Clara County,SANTA CLARA COUNTY,,SAN JOSE,725-02-020,669987,15.381,SANTA CLARA,SJ,OTHER / UNKNOWN,0,0,0,,,1979-06-25,37.169277,-121.671515,50,5-20ac -5; owner +5,ATTOM taxassessor (Santa Clara County),,
3 Municipal,SAN JOSE CITY LEASE SJ JET CENTER INC,1250 AVIATION AVE,SAN JOSE,230-46-049,660831,15.171,SANTA CLARA,SJ,OTHER / UNKNOWN,0,0,0,,,,37.357352,-121.930116,50,5-20ac -5; owner +5,ATTOM taxassessor (Santa Clara County),,
2 Santa Clara County,SANTA CLARA COUNTY,,SAN JOSE,491-15-007,657556,15.095,SANTA CLARA,SJ,OTHER / UNKNOWN,0,0,0,,,,37.337138,-121.822229,50,5-20ac -5; owner +5,ATTOM taxassessor (Santa Clara County),,
2 Santa Clara County,SANTA CLARA COUNTY,,SAN JOSE,491-05-007,641821,14.734,SANTA CLARA,IP,OTHER / UNKNOWN,0,0,0,,,,37.33039,-121.818,50,5-20ac -5; owner +5,ATTOM taxassessor (Santa Clara County),,
4 School / Public Ed,MCKINLEY S D FRANKLIN,,SAN JOSE,497-38-010,630192,14.467,SANTA CLARA,SJ,OTHER / UNKNOWN,0,0,0,,,,37.303904,-121.850766,50,5-20ac -5; owner +5,ATTOM taxassessor (Santa Clara County),,
3 Municipal,CUPERTINO CITY,21251 STEVENS CREEK BLVD,CUPERTINO,326-29-006,626588,14.385,SANTA CLARA,CU,OTHER / UNKNOWN,0,0,0,,,,37.324804,-122.045103,50,5-20ac -5; owner +5,ATTOM taxassessor (Santa Clara County),,
3 Municipal,SAN JOSE CITY,,SAN JOSE,472-33-011,618535,14.200,SANTA CLARA,SJ,OTHER / UNKNOWN,0,0,0,,,,37.333156,-121.866473,50,5-20ac -5; owner +5,ATTOM taxassessor (Santa Clara County),,
4 School / Public Ed,UNION S D CUPERTINO,527 DUNHOLME WAY,SUNNYVALE,309-37-002,614609,14.110,SANTA CLARA,SU,OTHER / UNKNOWN,0,0,0,,,,37.343904,-122.027277,50,5-20ac -5; owner +5,ATTOM taxassessor (Santa Clara County),,
4 School / Public Ed,UNION S D CUPERTINO,,CUPERTINO,375-41-006,611340,14.034,SANTA CLARA,CU,OTHER / UNKNOWN,0,0,0,,,,37.312024,-122.011714,50,5-20ac -5; owner +5,ATTOM taxassessor (Santa Clara County),,
3 Municipal,CUPERTINO CITY,,CUPERTINO,357-06-018,610420,14.013,SANTA CLARA,CU,OTHER / UNKNOWN,0,0,0,,,1973-10-01,37.314051,-122.062843,50,5-20ac -5; owner +5,ATTOM taxassessor (Santa Clara County),,
4 School / Public Ed,ROCK UNION S D LESSOR ALUM,2800 OCALA AVE,SAN JOSE,491-14-002,605484,13.900,SANTA CLARA,SJ,OTHER / UNKNOWN,0,0,0,,,,37.341689,-121.813109,50,5-20ac -5; owner +5,ATTOM taxassessor (Santa Clara County),,
4 School / Public Ed,ROCK UNION S D ALUM,625 S SUNSET AVE,SAN JOSE,481-29-040,605072,13.891,SANTA CLARA,SJ,OTHER / UNKNOWN,0,0,0,,,,37.348601,-121.844608,50,5-20ac -5; owner +5,ATTOM taxassessor (Santa Clara County),,
3 Municipal,SAN JOSE CITY,,SAN JOSE,497-53-002,594594,13.650,SANTA CLARA,SJ,OTHER / UNKNOWN,0,0,0,,,,37.298407,-121.828946,50,5-20ac -5; owner +5,ATTOM taxassessor (Santa Clara County),,
3 Municipal,SAN JOSE CITY,700 PHELAN AVE,SAN JOSE,477-12-020,594086,13.638,SANTA CLARA,SJ,OTHER / UNKNOWN,0,0,0,,,,37.320228,-121.853662,50,5-20ac -5; owner +5,ATTOM taxassessor (Santa Clara County),,
2 Santa Clara County,SANTA CLARA COUNTY,,SAN JOSE,494-66-004,587691,13.492,SANTA CLARA,SJ,OTHER / UNKNOWN,0,0,0,,,,37.28677,-121.814434,50,5-20ac -5; owner +5,ATTOM taxassessor (Santa Clara County),,
3 Municipal,SUNNYVALE CITY,,SUNNYVALE,205-19-001,582711,13.377,SANTA CLARA,SU,OTHER / UNKNOWN,0,0,0,,,,37.385964,-122.014598,50,5-20ac -5; owner +5,ATTOM taxassessor (Santa Clara County),,
3 Municipal,SAN JOSE CITY,,SAN JOSE,494-22-015,577195,13.251,SANTA CLARA,SJ,OTHER / UNKNOWN,0,0,0,,,,37.294667,-121.822535,50,5-20ac -5; owner +5,ATTOM taxassessor (Santa Clara County),,
3 Municipal,SAN JOSE CITY,,SAN JOSE,015-31-023,566280,13.000,SANTA CLARA,HI,OTHER / UNKNOWN,0,0,0,,,,37.431498,-121.939922,50,5-20ac -5; owner +5,ATTOM taxassessor (Santa Clara County),,
3 Municipal,CUPERTINO CITY,,CUPERTINO,369-15-002,565391,12.980,SANTA CLARA,CU,OTHER / UNKNOWN,0,0,0,,,1991-04-03,37.316447,-122.015173,50,5-20ac -5; owner +5,ATTOM taxassessor (Santa Clara County),,
4 School / Public Ed,SANTA CLARA UNIFIED S D,,SANTA CLARA,216-14-001,560728,12.873,SANTA CLARA,SC,OTHER / UNKNOWN,0,0,0,,,,37.366788,-121.974586,50,5-20ac -5; owner +5,ATTOM taxassessor (Santa Clara County),,
4 School / Public Ed,S D UNION,,SAN JOSE,419-39-026,560353,12.864,SANTA CLARA,SJ,OTHER / UNKNOWN,0,0,0,,,,37.247854,-121.914528,50,5-20ac -5; owner +5,ATTOM taxassessor (Santa Clara County),,
4 School / Public Ed,S D UNION,,SAN JOSE,569-27-016,560031,12.857,SANTA CLARA,SJ,OTHER / UNKNOWN,0,0,0,,,,37.249573,-121.896845,50,5-20ac -5; owner +5,ATTOM taxassessor (Santa Clara County),,
3 Municipal,CITY OF PALO ALTO,1175 SAN ANTONIO RD,PALO ALTO,116-01-013,558875,12.830,SANTA CLARA,PA,OTHER / UNKNOWN,0,0,0,,2008-01-04,,37.433785,-122.101057,50,5-20ac -5; owner +5,ATTOM taxassessor (Santa Clara County),,
4 School / Public Ed,S D WHISMAN,1701 ROCK ST,MOUNTAIN VIEW,153-14-025,557746,12.804,SANTA CLARA,PF,OTHER / UNKNOWN,0,0,0,,,,37.411905,-122.084901,50,5-20ac -5; owner +5,ATTOM taxassessor (Santa Clara County),,
3 Municipal,SAN JOSE CITY,,SAN JOSE,689-28-002,556714,12.780,SANTA CLARA,SJ,OTHER / UNKNOWN,0,0,0,,,,37.232697,-121.813192,50,5-20ac -5; owner +5,ATTOM taxassessor (Santa Clara County),,
3 Municipal,SAN JOSE CITY,,SAN JOSE,472-11-009,550486,12.637,SANTA CLARA,SJ,OTHER / UNKNOWN,0,0,0,,,,37.328602,-121.867005,50,5-20ac -5; owner +5,ATTOM taxassessor (Santa Clara County),,
3 Municipal,SAN JOSE CITY,,SAN JOSE,684-34-005,535843,12.301,SANTA CLARA,SJ,OTHER / UNKNOWN,0,0,0,,,,37.268091,-121.805611,50,5-20ac -5; owner +5,ATTOM taxassessor (Santa Clara County),,
4 School / Public Ed,SANTA CLARA UNIFIED S D,,SANTA CLARA,220-09-052,535086,12.284,SANTA CLARA,SC,OTHER / UNKNOWN,0,0,0,,,,37.35831,-121.988107,50,5-20ac -5; owner +5,ATTOM taxassessor (Santa Clara County),,
4 School / Public Ed,SANTA CLARA UNIFIED S D,,SANTA CLARA,224-21-092,524462,12.040,SANTA CLARA,SC,OTHER / UNKNOWN,0,0,0,,,1952-10-15,37.358154,-121.957905,50,5-20ac -5; owner +5,ATTOM taxassessor (Santa Clara County),,
3 Municipal,SAN JOSE CITY,,SAN JOSE,249-30-001,515475,11.834,SANTA CLARA,SJ,OTHER / UNKNOWN,0,0,0,,,1983-01-24,37.352225,-121.884424,50,5-20ac -5; owner +5,ATTOM taxassessor (Santa Clara County),,
3 Municipal,SANTA CLARA CITY,,SANTA CLARA,290-26-029,513623,11.791,SANTA CLARA,SC,OTHER / UNKNOWN,0,0,0,,,,37.342332,-121.976726,50,5-20ac -5; owner +5,ATTOM taxassessor (Santa Clara County),,
2 Santa Clara County,SANTA CLARA COUNTY,,SAN JOSE,725-10-018,507474,11.650,SANTA CLARA,SJ,OTHER / UNKNOWN,0,0,0,,,1977-09-14,37.194684,-121.712532,50,5-20ac -5; owner +5,ATTOM taxassessor (Santa Clara County),,
3 Municipal,SAN JOSE CITY,3962 TWILIGHT DR,SAN JOSE,421-02-088,505513,11.605,SANTA CLARA,SJ,OTHER / UNKNOWN,0,0,0,,,,37.256473,-121.942181,50,5-20ac -5; owner +5,ATTOM taxassessor (Santa Clara County),,
4 School / Public Ed,SAN JOSE UNIFIED S D,106 E HEDDING ST,SAN JOSE,249-02-028,503700,11.563,SANTA CLARA,SJ,OTHER / UNKNOWN,0,0,0,,,1988-08-22,37.353299,-121.900477,50,5-20ac -5; owner +5,ATTOM taxassessor (Santa Clara County),,
3 Municipal,SAN JOSE CITY,,SAN JOSE,494-05-036,490963,0.000,SANTA CLARA,SJ,OTHER / UNKNOWN,0,0,0,,,,37.285494,-121.832916,50,5-20ac -5; owner +5,ATTOM taxassessor (Santa Clara County),,
4 School / Public Ed,MORGAN HILL UNIFIED S D,,SAN JOSE,725-12-014,487476,0.000,SANTA CLARA,SJ,OTHER / UNKNOWN,0,0,0,,,,37.205614,-121.72554,50,5-20ac -5; owner +5,ATTOM taxassessor (Santa Clara County),,
3 Municipal,SAN JOSE CITY,1661 AIRPORT BLVD,SAN JOSE,230-46-045,487001,11.180,SANTA CLARA,SJ,OTHER / UNKNOWN,0,0,0,,,,37.357818,-121.917322,50,5-20ac -5; owner +5,ATTOM taxassessor (Santa Clara County),,
2 Santa Clara County,SANTA CLARA COUNTY,,SAN JOSE,742-10-020,483952,11.110,SANTA CLARA,SJ,OTHER / UNKNOWN,0,0,0,,,1978-11-06,37.178504,-121.761554,50,5-20ac -5; owner +5,ATTOM taxassessor (Santa Clara County),,
4 School / Public Ed,ROCK UNION S D ALUM,,SAN JOSE,601-26-060,483384,11.097,SANTA CLARA,SJ,OTHER / UNKNOWN,0,0,0,,,,37.367629,-121.814807,50,5-20ac -5; owner +5,ATTOM taxassessor (Santa Clara County),,
3 Municipal,CUPERTINO CITY,11111 LINDA VISTA DR,CUPERTINO,356-05-006,483102,11.091,SANTA CLARA,CU,OTHER / UNKNOWN,0,0,0,,,,37.307944,-122.061635,50,5-20ac -5; owner +5,ATTOM taxassessor (Santa Clara County),,
2 Santa Clara County,SANTA CLARA COUNTY,,SAN JOSE,678-04-011,480467,11.030,SANTA CLARA,SJ,OTHER / UNKNOWN,0,0,0,,,,37.246043,-121.769534,50,5-20ac -5; owner +5,ATTOM taxassessor (Santa Clara County),,
3 Municipal,SAN JOSE CITY,,SAN JOSE,481-04-006,478289,10.980,SANTA CLARA,SJ,OTHER / UNKNOWN,0,0,0,,,1978-03-24,37.357466,-121.858501,50,5-20ac -5; owner +5,ATTOM taxassessor (Santa Clara County),,
3 Municipal,SAN JOSE CITY,,SAN JOSE,381-03-011,472823,10.855,SANTA CLARA,SJ,OTHER / UNKNOWN,0,0,0,,,,37.316957,-121.989939,50,5-20ac -5; owner +5,ATTOM taxassessor (Santa Clara County),,
4 School / Public Ed,S D CAMBRIAN,,SAN JOSE,419-05-007,470884,10.810,SANTA CLARA,SJ,OTHER / UNKNOWN,0,0,0,,,,37.266469,-121.920386,50,5-20ac -5; owner +5,ATTOM taxassessor (Santa Clara County),,
4 School / Public Ed,ROCK UNION S D ALUM,,SAN JOSE,601-17-001,463043,10.630,SANTA CLARA,SJ,OTHER / UNKNOWN,0,0,0,,,,37.370725,-121.815102,50,5-20ac -5; owner +5,ATTOM taxassessor (Santa Clara County),,
4 School / Public Ed,S D SUNNYVALE,,SUNNYVALE,198-20-055,459282,10.544,SANTA CLARA,SU,OTHER / UNKNOWN,0,0,0,,,1972-11-27,37.365969,-122.056644,50,5-20ac -5; owner +5,ATTOM taxassessor (Santa Clara County),,
4 School / Public Ed,SAN JOSE UNIFIED S D,,SAN JOSE,577-29-001,455211,10.450,SANTA CLARA,SJ,OTHER / UNKNOWN,0,0,0,,,,37.228342,-121.879743,50,5-20ac -5; owner +5,ATTOM taxassessor (Santa Clara County),,
3 Municipal,SAN JOSE CITY,,SAN JOSE,586-20-036,452833,10.396,SANTA CLARA,SJ,OTHER / UNKNOWN,0,0,0,,,,37.409952,-121.859899,50,5-20ac -5; owner +5,ATTOM taxassessor (Santa Clara County),,
3 Municipal,SAN JOSE CITY,CLARICE DR,SAN JOSE,491-06-004,451936,10.375,SANTA CLARA,SJ,OTHER / UNKNOWN,0,0,0,,,,37.325851,-121.824272,50,5-20ac -5; owner +5,ATTOM taxassessor (Santa Clara County),,
4 School / Public Ed,UNION S D CUPERTINO,,CUPERTINO,369-33-044,449420,10.317,SANTA CLARA,CU,OTHER / UNKNOWN,0,0,0,,,,37.314362,-122.025778,50,5-20ac -5; owner +5,ATTOM taxassessor (Santa Clara County),,
4 School / Public Ed,ALTOS S D LOS,1120 ROSE AVE,MOUNTAIN VIEW,189-23-023,446530,10.251,SANTA CLARA,PF,OTHER / UNKNOWN,0,0,0,,,,37.372008,-122.094456,50,5-20ac -5; owner +5,ATTOM taxassessor (Santa Clara County),,
4 School / Public Ed,S D UNION,CARTER AVE,SAN JOSE,569-15-056,442570,10.160,SANTA CLARA,SJ,OTHER / UNKNOWN,0,0,0,,,,37.243693,-121.902166,50,5-20ac -5; owner +5,ATTOM taxassessor (Santa Clara County),,
2 Santa Clara County,SANTA CLARA COUNTY,,SAN JOSE,381-19-002,438927,10.076,SANTA CLARA,SJ,OTHER / UNKNOWN,0,0,0,,,,37.307549,-121.995212,50,5-20ac -5; owner +5,ATTOM taxassessor (Santa Clara County),,
3 Municipal,SAN JOSE CITY,,SAN JOSE,499-34-003,436699,10.025,SANTA CLARA,SJ,OTHER / UNKNOWN,0,0,0,,,,37.300731,-121.832434,50,5-20ac -5; owner +5,ATTOM taxassessor (Santa Clara County),,
4 School / Public Ed,S D EVERGREEN,,SAN JOSE,670-33-020,435600,10.000,SANTA CLARA,SJ,OTHER / UNKNOWN,0,0,0,,,,37.315913,-121.825004,50,5-20ac -5; owner +5,ATTOM taxassessor (Santa Clara County),,
4 School / Public Ed,ROCK UNION S D ALUM,550 GRIDLEY ST,SAN JOSE,599-43-038,434952,9.985,SANTA CLARA,SJ,OTHER / UNKNOWN,0,0,0,,,,37.381737,-121.833206,50,5-20ac -5; owner +5,ATTOM taxassessor (Santa Clara County),,
3 Municipal,MT VIEW CITY,,MOUNTAIN VIEW,116-11-027,434729,9.980,SANTA CLARA,P(3),OTHER / UNKNOWN,0,0,0,,,,37.422858,-122.071024,50,5-20ac -5; owner +5,ATTOM taxassessor (Santa Clara County),,
2 Santa Clara County,SANTA CLARA COUNTY,,SAN JOSE,742-10-021,433858,9.960,SANTA CLARA,HS-SR,OTHER / UNKNOWN,0,0,0,,,1979-03-30,37.187063,-121.784318,50,5-20ac -5; owner +5,ATTOM taxassessor (Santa Clara County),,
3 Municipal,SAN JOSE CITY,,SAN JOSE,660-15-002,433733,9.957,SANTA CLARA,SJ,OTHER / UNKNOWN,0,0,0,,,,37.298384,-121.768913,50,5-20ac -5; owner +5,ATTOM taxassessor (Santa Clara County),,
3 Municipal,SANTA CLARA CITY,1705 MARTIN AVE,SANTA CLARA,224-61-006,432840,9.937,SANTA CLARA,SC,INDUSTRIAL,0,0,0,,,,37.367349,-121.957475,50,5-20ac -5; owner +5,ATTOM taxassessor (Santa Clara County),,
4 School / Public Ed,UNION S D CAMPBELL,775 WALDO RD,CAMPBELL,404-23-041,432742,9.934,SANTA CLARA,P-F,OTHER / UNKNOWN,0,0,0,,,,37.277026,-121.962674,50,5-20ac -5; owner +5,ATTOM taxassessor (Santa Clara County),,
4 School / Public Ed,UNION S D BERRYESSA,,SAN JOSE,254-19-030,431680,9.910,SANTA CLARA,SJ,OTHER / UNKNOWN,0,0,0,,,1979-01-26,37.375752,-121.863352,50,5-20ac -5; owner +5,ATTOM taxassessor (Santa Clara County),,
3 Municipal,SAN JOSE CITY,,SAN JOSE,494-24-017,430359,9.880,SANTA CLARA,SJ,OTHER / UNKNOWN,0,0,0,,,,37.29595,-121.825487,50,5-20ac -5; owner +5,ATTOM taxassessor (Santa Clara County),,
4 School / Public Ed,SANTA CLARA UNIFIED S D,SONOMA PL,SANTA CLARA,290-28-043,430288,9.878,SANTA CLARA,SC,OTHER / UNKNOWN,0,0,0,,,,37.344669,-121.97624,50,5-20ac -5; owner +5,ATTOM taxassessor (Santa Clara County),,
4 School / Public Ed,SANTA CLARA UNIFIED S D,435 SARATOGA AVE,SANTA CLARA,303-10-035,430190,9.876,SANTA CLARA,SC,OTHER / UNKNOWN,0,0,0,,,,37.333321,-121.960037,50,5-20ac -5; owner +5,ATTOM taxassessor (Santa Clara County),,
4 School / Public Ed,SANTA CLARA UNIFIED SCHOOL DIS,804 PONDEROSA AVE,SUNNYVALE,213-27-001,429253,9.854,SANTA CLARA,SU,OTHER / UNKNOWN,0,0,0,,2016-08-22,,37.362154,-122.008309,50,5-20ac -5; owner +5,ATTOM taxassessor (Santa Clara County),,
4 School / Public Ed,SANTA CLARA UNIFIED S D,,SANTA CLARA,290-34-070,427405,9.812,SANTA CLARA,SC,OTHER / UNKNOWN,0,0,0,,,1987-12-31,37.344074,-121.964008,50,5-20ac -5; owner +5,ATTOM taxassessor (Santa Clara County),,
3 Municipal,SANTA CLARA CITY,,SANTA CLARA,316-17-023,427253,9.808,SANTA CLARA,SC,OTHER / UNKNOWN,0,0,0,,,,37.326587,-122.003664,50,5-20ac -5; owner +5,ATTOM taxassessor (Santa Clara County),,
3 Municipal,SAN JOSE CITY,,SAN JOSE,377-21-006,426877,9.800,SANTA CLARA,SJ,OTHER / UNKNOWN,0,0,0,,,1973-12-13,37.300898,-122.008044,50,5-20ac -5; owner +5,ATTOM taxassessor (Santa Clara County),,
2 Santa Clara County,SANTA CLARA COUNTY,,SAN JOSE,491-15-009,426387,9.789,SANTA CLARA,SJ,OTHER / UNKNOWN,0,0,0,,,,37.335771,-121.824088,50,5-20ac -5; owner +5,ATTOM taxassessor (Santa Clara County),,
4 School / Public Ed,UNION S D CUPERTINO,21710 MCCLELLAN RD,CUPERTINO,356-09-002,426163,9.783,SANTA CLARA,CU,OTHER / UNKNOWN,0,0,0,,,,37.314582,-122.053896,50,5-20ac -5; owner +5,ATTOM taxassessor (Santa Clara County),,
2 Santa Clara County,SANTA CLARA COUNTY,,SAN JOSE,491-15-008,421497,9.676,SANTA CLARA,SJ,OTHER / UNKNOWN,0,0,0,,,,37.336384,-121.823272,50,5-20ac -5; owner +5,ATTOM taxassessor (Santa Clara County),,
4 School / Public Ed,SANTA CLARA UNIFIED S D,BARKLEY AVE,SANTA CLARA,216-05-001,421431,9.675,SANTA CLARA,SC,OTHER / UNKNOWN,0,0,0,,,,37.358128,-121.97522,50,5-20ac -5; owner +5,ATTOM taxassessor (Santa Clara County),,
4 School / Public Ed,UNION S D CUPERTINO,10500 GREENLEAF DR,CUPERTINO,326-40-018,419351,9.627,SANTA CLARA,CU,OTHER / UNKNOWN,0,0,0,,,,37.331344,-122.044857,50,5-20ac -5; owner +5,ATTOM taxassessor (Santa Clara County),,
3 Municipal,PALO ALTO CITY,,PALO ALTO,003-28-044,419136,9.622,SANTA CLARA,PA,OTHER / UNKNOWN,0,0,0,,,,37.450013,-122.142269,50,5-20ac -5; owner +5,ATTOM taxassessor (Santa Clara County),,
3 Municipal,CITY OF SANTA CLARA,,SANTA CLARA,104-43-051,417152,9.577,SANTA CLARA,SC,OTHER / UNKNOWN,0,0,0,,2018-07-24,,37.401331,-121.976511,50,5-20ac -5; owner +5,ATTOM taxassessor (Santa Clara County),,
4 School / Public Ed,ROCK UNION S D ALUM,,SAN JOSE,601-18-001,413256,9.487,SANTA CLARA,SJ,OTHER / UNKNOWN,0,0,0,,,,37.36981,-121.816337,50,5-20ac -5; owner +5,ATTOM taxassessor (Santa Clara County),,
3 Municipal,SUNNYVALE CITY,,SUNNYVALE,309-37-003,411890,9.456,SANTA CLARA,SU,OTHER / UNKNOWN,0,0,0,,,1989-07-03,37.342169,-122.026654,50,5-20ac -5; owner +5,ATTOM taxassessor (Santa Clara County),,
4 School / Public Ed,S D SUNNYVALE,750 LAKECHIME DR,SUNNYVALE,110-20-014,405944,9.319,SANTA CLARA,SU,OTHER / UNKNOWN,0,0,0,,,,37.39752,-122.002575,50,5-20ac -5; owner +5,ATTOM taxassessor (Santa Clara County),,
4 School / Public Ed,SAN JOSE UNIFIED S D,,SAN JOSE,249-67-011,402930,9.250,SANTA CLARA,SJ,OTHER / UNKNOWN,0,0,0,,,1981-11-18,37.351572,-121.873027,50,5-20ac -5; owner +5,ATTOM taxassessor (Santa Clara County),,
4 School / Public Ed,UNION S D CUPERTINO,1510 LEWISTON DR,SUNNYVALE,323-26-001,402380,9.237,SANTA CLARA,SU,OTHER / UNKNOWN,0,0,0,,,,37.343759,-122.044056,50,5-20ac -5; owner +5,ATTOM taxassessor (Santa Clara County),,
4 School / Public Ed,SAN JOSE UNIFIED S D,333 N 33RD ST,SAN JOSE,254-12-001,401202,9.210,SANTA CLARA,SJ,OTHER / UNKNOWN,0,0,0,,,,37.356388,-121.865496,50,5-20ac -5; owner +5,ATTOM taxassessor (Santa Clara County),,
4 School / Public Ed,S D EVERGREEN,,SAN JOSE,660-23-016,398769,9.155,SANTA CLARA,SJ,OTHER / UNKNOWN,0,0,0,,,,37.309348,-121.779614,50,5-20ac -5; owner +5,ATTOM taxassessor (Santa Clara County),,
3 Municipal,SAN JOSE CITY,,SAN JOSE,694-36-001,398577,9.150,SANTA CLARA,SJ,OTHER / UNKNOWN,0,0,0,,,1971-03-01,37.246089,-121.850139,50,5-20ac -5; owner +5,ATTOM taxassessor (Santa Clara County),,
4 School / Public Ed,SAN JOSE UNIFIED S D,855 LENZEN AVE,SAN JOSE,694-19-012,398303,9.144,SANTA CLARA,SJ,OTHER / UNKNOWN,0,0,0,,,,37.244623,-121.857872,50,5-20ac -5; owner +5,ATTOM taxassessor (Santa Clara County),,
2 Santa Clara County,SANTA CLARA COUNTY,,SAN JOSE,678-04-015,398012,9.137,SANTA CLARA,SJ,OTHER / UNKNOWN,0,0,0,,,,37.248753,-121.769641,50,5-20ac -5; owner +5,ATTOM taxassessor (Santa Clara County),,
3 Municipal,SUNNYVALE CITY,,SUNNYVALE,110-03-047,396396,9.100,SANTA CLARA,SU,OTHER / UNKNOWN,0,0,0,,,,37.417536,-122.014737,50,5-20ac -5; owner +5,ATTOM taxassessor (Santa Clara County),,
2 Santa Clara County,SANTA CLARA COUNTY,,CAMPBELL,424-02-011,396033,9.092,SANTA CLARA,PF/OS,OTHER / UNKNOWN,0,0,0,,,,37.270181,-121.949896,50,5-20ac -5; owner +5,ATTOM taxassessor (Santa Clara County),,
4 School / Public Ed,UNION S D CUPERTINO,555 CHEYENNE DR,SUNNYVALE,323-12-001,396008,9.091,SANTA CLARA,SU,OTHER / UNKNOWN,0,0,0,,,,37.347586,-122.035739,50,5-20ac -5; owner +5,ATTOM taxassessor (Santa Clara County),,
2 Santa Clara County,SANTA CLARA COUNTY OFFICE OF EDUC,1290 RIDDER PARK DR,SAN JOSE,237-03-039,392040,9.000,SANTA CLARA,I,INDUSTRIAL,0,0,0,,2016-01-27,,37.383732,-121.90015,50,5-20ac -5; owner +5,ATTOM taxassessor (Santa Clara County),,
3 Municipal,MT VIEW CITY,,MOUNTAIN VIEW,193-22-064,391542,8.989,SANTA CLARA,PF,OTHER / UNKNOWN,0,0,0,,,1987-06-09,37.371973,-122.083911,50,5-20ac -5; owner +5,ATTOM taxassessor (Santa Clara County),,
4 School / Public Ed,S D SUNNYVALE,1250 PRESCOTT AVE,SUNNYVALE,104-28-001,391410,8.986,SANTA CLARA,SU,OTHER / UNKNOWN,0,0,0,,2014-04-15,2014-04-15,37.396673,-121.989978,50,5-20ac -5; owner +5,ATTOM taxassessor (Santa Clara County),,
3 Municipal,SAN JOSE CITY,BEVIL CT,SAN JOSE,689-57-041,385531,8.851,SANTA CLARA,SJ,OTHER / UNKNOWN,0,0,0,,,1975-08-22,37.227101,-121.809358,50,5-20ac -5; owner +5,ATTOM taxassessor (Santa Clara County),,
4 School / Public Ed,UNION S D CUPERTINO,6990 MELVIN DR,SAN JOSE,372-05-001,384513,8.827,SANTA CLARA,CU,OTHER / UNKNOWN,0,0,0,,,,37.306142,-122.025571,50,5-20ac -5; owner +5,ATTOM taxassessor (Santa Clara County),,
4 School / Public Ed,GROVE S D OAK,,SAN JOSE,704-30-055,379524,8.713,SANTA CLARA,SJ,OTHER / UNKNOWN,0,0,0,,,,37.230222,-121.788878,50,5-20ac -5; owner +5,ATTOM taxassessor (Santa Clara County),,
3 Municipal,SUNNYVALE CITY,,SUNNYVALE,110-24-038,379174,8.705,SANTA CLARA,SU,OTHER / UNKNOWN,0,0,0,,,,37.397555,-122.000301,50,5-20ac -5; owner +5,ATTOM taxassessor (Santa Clara County),,
4 School / Public Ed,SAN JOSE UNIFIED S D,,SAN JOSE,581-04-009,378242,8.683,SANTA CLARA,SJ,OTHER / UNKNOWN,0,0,0,,,,37.22053,-121.870002,50,5-20ac -5; owner +5,ATTOM taxassessor (Santa Clara County),,
4 School / Public Ed,ROCK UNION S D ALUM,,SAN JOSE,491-20-014,375979,8.631,SANTA CLARA,SJ,OTHER / UNKNOWN,0,0,0,,,,37.32651,-121.835817,50,5-20ac -5; owner +5,ATTOM taxassessor (Santa Clara County),,
3 Municipal,SAN JOSE CITY,,SAN JOSE,419-04-001,375384,8.618,SANTA CLARA,SJ,OTHER / UNKNOWN,0,0,0,,,,37.259968,-121.916016,50,5-20ac -5; owner +5,ATTOM taxassessor (Santa Clara County),,
4 School / Public Ed,S D SUNNYVALE,,SUNNYVALE,209-33-001,375204,8.614,SANTA CLARA,SU,OTHER / UNKNOWN,0,0,0,,,,37.369149,-122.024025,50,5-20ac -5; owner +5,ATTOM taxassessor (Santa Clara County),,
3 Municipal,SAN JOSE CITY,,SAN JOSE,477-20-159,374134,8.589,SANTA CLARA,SJ,OTHER / UNKNOWN,0,0,0,,,,37.318853,-121.852112,50,5-20ac -5; owner +5,ATTOM taxassessor (Santa Clara County),,
3 Municipal,SAN JOSE CITY,1404 MABURY RD,SAN JOSE,254-01-004,373654,0.000,SANTA CLARA,SJ,OTHER / UNKNOWN,0,0,0,,,1978-01-06,37.361289,-121.873366,50,5-20ac -5; owner +5,ATTOM taxassessor (Santa Clara County),,
4 School / Public Ed,S D SUNNYVALE,,SUNNYVALE,202-27-001,373104,8.565,SANTA CLARA,SU,OTHER / UNKNOWN,0,0,0,,,,37.356545,-122.053852,50,5-20ac -5; owner +5,ATTOM taxassessor (Santa Clara County),,
4 School / Public Ed,UNION S D BERRYESSA,,SAN JOSE,244-04-020,372874,8.560,SANTA CLARA,SJ,OTHER / UNKNOWN,0,0,0,,,1974-01-18,37.397453,-121.880035,50,5-20ac -5; owner +5,ATTOM taxassessor (Santa Clara County),,
2 Santa Clara County,SANTA CLARA COUNTY,,SAN JOSE,494-16-003,370222,8.499,SANTA CLARA,SJ,OTHER / UNKNOWN,0,0,0,,,,37.277879,-121.810266,50,5-20ac -5; owner +5,ATTOM taxassessor (Santa Clara County),,
3 Municipal,SAN JOSE CITY,2500 SEABOARD AVE,SAN JOSE,101-03-009,368413,8.458,SANTA CLARA,HI,OTHER / UNKNOWN,0,0,0,,,,37.376507,-121.935592,50,5-20ac -5; owner +5,ATTOM taxassessor (Santa Clara County),,
4 School / Public Ed,SAN JOSE UNIFIED S D,,SAN JOSE,583-10-037,367973,8.448,SANTA CLARA,SJ,OTHER / UNKNOWN,0,0,0,,,,37.207381,-121.851314,50,5-20ac -5; owner +5,ATTOM taxassessor (Santa Clara County),,
3 Municipal,SAN JOSE CITY,1425 ROBERTS AVE,SAN JOSE,477-12-031,363605,8.347,SANTA CLARA,SJ,OTHER / UNKNOWN,0,0,0,,,,37.32332,-121.855106,50,5-20ac -5; owner +5,ATTOM taxassessor (Santa Clara County),,
4 School / Public Ed,GROVE S D OAK,,SAN JOSE,462-34-039,362630,8.325,SANTA CLARA,SJ,OTHER / UNKNOWN,0,0,0,,,,37.270593,-121.845002,50,5-20ac -5; owner +5,ATTOM taxassessor (Santa Clara County),,
3 Municipal,SUNNYVALE CITY,,SUNNYVALE,202-27-002,362625,8.325,SANTA CLARA,SU,OTHER / UNKNOWN,0,0,0,,,,37.357969,-122.054167,50,5-20ac -5; owner +5,ATTOM taxassessor (Santa Clara County),,
4 School / Public Ed,SAN JOSE UNIFIED S D,,SAN JOSE,434-29-001,361984,8.310,SANTA CLARA,SJ,OTHER / UNKNOWN,0,0,0,,,,37.302914,-121.885559,50,5-20ac -5; owner +5,ATTOM taxassessor (Santa Clara County),,
2 Santa Clara County,SANTA CLARA COUNTY,,SAN JOSE,725-13-004,361548,8.300,SANTA CLARA,SJ,OTHER / UNKNOWN,0,0,0,,,1976-08-06,37.208083,-121.726115,50,5-20ac -5; owner +5,ATTOM taxassessor (Santa Clara County),,
3 Municipal,SAN JOSE CITY,,SAN JOSE,472-11-062,360727,8.281,SANTA CLARA,SJ,OTHER / UNKNOWN,0,0,0,,,,37.327131,-121.864111,50,5-20ac -5; owner +5,ATTOM taxassessor (Santa Clara County),,
3 Municipal,SAN JOSE CITY,,SAN JOSE,451-14-028,360635,8.279,SANTA CLARA,SJ,OTHER / UNKNOWN,0,0,0,,,,37.271301,-121.890055,50,5-20ac -5; owner +5,ATTOM taxassessor (Santa Clara County),,
2 Santa Clara County,SANTA CLARA COUNTY,,SAN JOSE,491-13-021,356990,8.195,SANTA CLARA,IP,OTHER / UNKNOWN,0,0,0,,,,37.33501,-121.817101,50,5-20ac -5; owner +5,ATTOM taxassessor (Santa Clara County),,
3 Municipal,SANTA CLARA CITY (CA),5100 PATRICK HENRY DR,SANTA CLARA,104-50-025,355774,8.167,SANTA CLARA,SC,INDUSTRIAL,7860687,60229129,68089816,7.662,1999-03-08,,37.404701,-121.985276,50,5-20ac -5; owner +5,ATTOM taxassessor (Santa Clara County),,
3 Municipal,SUNNYVALE CITY,,SUNNYVALE,213-27-002,355559,8.163,SANTA CLARA,SU,OTHER / UNKNOWN,0,0,0,,,,37.362174,-122.00612,50,5-20ac -5; owner +5,ATTOM taxassessor (Santa Clara County),,
4 School / Public Ed,S D SUNNYVALE,777 SAN MIGUEL AVE,SUNNYVALE,205-15-009,354238,8.132,SANTA CLARA,SU,OTHER / UNKNOWN,0,0,0,,,1966-07-13,37.39123,-122.009337,50,5-20ac -5; owner +5,ATTOM taxassessor (Santa Clara County),,
3 Municipal,CITY OF MOUNTAIN VIEW,,MOUNTAIN VIEW,015-36-001,350658,8.050,SANTA CLARA,PF,OTHER / UNKNOWN,0,0,0,,2019-02-20,,37.433146,-122.083408,50,5-20ac -5; owner +5,ATTOM taxassessor (Santa Clara County),,
2 Santa Clara County,SANTA CLARA COUNTY,110 W TASMAN DR,SAN JOSE,097-54-023,348044,7.990,SANTA CLARA,IP,INDUSTRIAL,0,0,0,,,,37.406971,-121.950819,50,5-20ac -5; owner +5,ATTOM taxassessor (Santa Clara County),,
3 Municipal,SAN JOSE CITY,,SAN JOSE,477-10-001,348044,7.990,SANTA CLARA,SJ,OTHER / UNKNOWN,0,0,0,,,,37.324788,-121.861828,50,5-20ac -5; owner +5,ATTOM taxassessor (Santa Clara County),,
3 Municipal,SUNNYVALE CITY,,SUNNYVALE,110-03-064,340639,7.820,SANTA CLARA,SU,OTHER / UNKNOWN,0,0,0,,,,37.419016,-122.014254,50,5-20ac -5; owner +5,ATTOM taxassessor (Santa Clara County),,
3 Municipal,PALO ALTO CITY,,PALO ALTO,182-46-006,337470,7.747,SANTA CLARA,PA,OTHER / UNKNOWN,0,0,0,,,1981-08-03,37.365059,-122.19368,50,5-20ac -5; owner +5,ATTOM taxassessor (Santa Clara County),,
4 School / Public Ed,S D EVERGREEN,2828 CORDA DR,SAN JOSE,670-30-025,332929,0.000,SANTA CLARA,SJ,OTHER / UNKNOWN,0,0,0,,,,37.315561,-121.811532,50,5-20ac -5; owner +5,ATTOM taxassessor (Santa Clara County),,
3 Municipal,SANTA CLARA CITY,2960 LAFAYETTE ST,SANTA CLARA,224-08-153,332362,7.630,SANTA CLARA,B,OTHER / UNKNOWN,0,0,0,,,,37.376317,-121.950775,50,5-20ac -5; owner +5,ATTOM taxassessor (Santa Clara County),,
3 Municipal,MT VIEW CITY,1200 CRITTENDEN LN,MOUNTAIN VIEW,116-22-028,331927,7.620,SANTA CLARA,P39,INDUSTRIAL,0,0,0,,,1984-06-11,37.425541,-122.072178,50,5-20ac -5; owner +5,ATTOM taxassessor (Santa Clara County),,
3 Municipal,SAN JOSE CITY,290 S SUNSET AVE,SAN JOSE,481-24-035,328387,7.539,SANTA CLARA,SJ,OTHER / UNKNOWN,0,0,0,,,1973-02-14,37.351618,-121.844261,50,5-20ac -5; owner +5,ATTOM taxassessor (Santa Clara County),,
3 Municipal,SAN JOSE CITY,,SAN JOSE,660-15-003,326069,7.486,SANTA CLARA,SJ,OTHER / UNKNOWN,0,0,0,,,1972-07-24,37.297898,-121.766911,50,5-20ac -5; owner +5,ATTOM taxassessor (Santa Clara County),,
4 School / Public Ed,GROVE S D OAK,,SAN JOSE,494-15-005,322984,7.415,SANTA CLARA,SJ,OTHER / UNKNOWN,0,0,0,,,,37.280228,-121.818405,50,5-20ac -5; owner +5,ATTOM taxassessor (Santa Clara County),,
4 School / Public Ed,SANTA CLARA UNIFIED S D,,SANTA CLARA,220-04-007,321470,7.380,SANTA CLARA,SC,OTHER / UNKNOWN,0,0,0,,,,37.356834,-121.994692,50,5-20ac -5; owner +5,ATTOM taxassessor (Santa Clara County),,
3 Municipal,SAN JOSE CITY,,SANTA CLARA,230-02-024,321319,7.377,SANTA CLARA,SC,OTHER / UNKNOWN,0,0,0,,,,37.371682,-121.936838,50,5-20ac -5; owner +5,ATTOM taxassessor (Santa Clara County),,
3 Municipal,SAN JOSE CITY,,SAN JOSE,577-04-022,319730,7.340,SANTA CLARA,SJ,OTHER / UNKNOWN,0,0,0,,,1975-06-24,37.232612,-121.88601,50,5-20ac -5; owner +5,ATTOM taxassessor (Santa Clara County),,
3 Municipal,PALO ALTO CITY,,PALO ALTO,132-03-194,315940,7.253,SANTA CLARA,PF,OTHER / UNKNOWN,0,0,0,,,,37.430328,-122.12883,50,5-20ac -5; owner +5,ATTOM taxassessor (Santa Clara County),,
3 Municipal,PALO ALTO CITY (CA),,PALO ALTO,167-05-030,313575,7.199,SANTA CLARA,PA,OTHER / UNKNOWN,0,0,0,,2002-12-10,,37.402002,-122.125166,50,5-20ac -5; owner +5,ATTOM taxassessor (Santa Clara County),,
4 School / Public Ed,SIDE UNION H S D EAST,2750 RIVERRUN DR,SAN JOSE,484-15-008,310972,7.139,SANTA CLARA,SJ,OTHER / UNKNOWN,0,0,0,,,1973-04-11,37.368792,-121.838365,50,5-20ac -5; owner +5,ATTOM taxassessor (Santa Clara County),,
3 Municipal,SAN JOSE CITY LEASE HEWLETT-PACKARD CO,,SAN JOSE,230-46-051,310956,7.139,SANTA CLARA,SJ,OTHER / UNKNOWN,0,0,0,,,1986-08-08,37.355987,-121.928411,50,5-20ac -5; owner +5,ATTOM taxassessor (Santa Clara County),,
3 Municipal,SAN JOSE CITY,,SAN JOSE,591-17-014,309491,7.105,SANTA CLARA,SJ,OTHER / UNKNOWN,0,0,0,,,,37.391037,-121.844515,50,5-20ac -5; owner +5,ATTOM taxassessor (Santa Clara County),,
3 Municipal,SAN JOSE CITY,,SAN JOSE,567-05-052,309413,7.103,SANTA CLARA,SJ,OTHER / UNKNOWN,0,0,0,,,,37.245492,-121.911033,50,5-20ac -5; owner +5,ATTOM taxassessor (Santa Clara County),,
3 Municipal,CUPERTINO CITY,,CUPERTINO,326-54-041,309192,7.098,SANTA CLARA,CU,OTHER / UNKNOWN,0,0,0,,,1977-06-13,37.32584,-122.043009,50,5-20ac -5; owner +5,ATTOM taxassessor (Santa Clara County),,
3 Municipal,SAN JOSE CITY,,SAN JOSE,497-53-001,309120,7.096,SANTA CLARA,SJ,OTHER / UNKNOWN,0,0,0,,,,37.29762,-121.830115,50,5-20ac -5; owner +5,ATTOM taxassessor (Santa Clara County),,
3 Municipal,SAN JOSE CITY,,SAN JOSE,499-23-006,305281,7.008,SANTA CLARA,SJ,OTHER / UNKNOWN,0,0,0,,,,37.306978,-121.83833,50,5-20ac -5; owner +5,ATTOM taxassessor (Santa Clara County),,
2 Santa Clara County,SANTA CLARA COUNTY,,SAN JOSE,678-04-013,303178,6.960,SANTA CLARA,HS,OTHER / UNKNOWN,0,0,0,,,,37.246463,-121.76775,50,5-20ac -5; owner +5,ATTOM taxassessor (Santa Clara County),,
3 Municipal,MT VIEW CITY,,MOUNTAIN VIEW,158-08-002,302701,6.949,SANTA CLARA,P(21),OTHER / UNKNOWN,0,0,0,,,1985-04-26,37.389159,-122.086221,50,5-20ac -5; owner +5,ATTOM taxassessor (Santa Clara County),,
2 Santa Clara County,SANTA CLARA COUNTY,6073 SILVER CREEK VALLEY RD,SAN JOSE,679-03-003,294675,6.765,SANTA CLARA,SJ,OTHER / UNKNOWN,0,0,0,,,,37.257999,-121.791169,50,5-20ac -5; owner +5,ATTOM taxassessor (Santa Clara County),,
3 Municipal,SAN JOSE CITY,,SAN JOSE,230-25-004,291527,6.693,SANTA CLARA,SJ,OTHER / UNKNOWN,0,0,0,,,,37.35199,-121.915316,50,5-20ac -5; owner +5,ATTOM taxassessor (Santa Clara County),,
2 Santa Clara County,SANTA CLARA COUNTY,,SAN JOSE,491-13-019,284557,6.533,SANTA CLARA,IP,OTHER / UNKNOWN,0,0,0,,,1965-12-03,37.336425,-121.818612,50,5-20ac -5; owner +5,ATTOM taxassessor (Santa Clara County),,
3 Municipal,CITY OF SAN JOSE,,SAN JOSE,472-12-073,281838,6.470,SANTA CLARA,SJ,OTHER / UNKNOWN,0,0,0,,2011-12-22,,37.32611,-121.86585,50,5-20ac -5; owner +5,ATTOM taxassessor (Santa Clara County),,
4 School / Public Ed,UNION S D CUPERTINO,,SAN JOSE,377-21-007,281610,6.465,SANTA CLARA,SJ,OTHER / UNKNOWN,0,0,0,,,1973-12-13,37.302139,-122.009901,50,5-20ac -5; owner +5,ATTOM taxassessor (Santa Clara County),,
3 Municipal,CUPERTINO CITY,22220 VARIAN WAY,CUPERTINO,326-14-005,279910,6.426,SANTA CLARA,CU,OTHER / UNKNOWN,0,0,0,,,,37.325704,-122.062628,50,5-20ac -5; owner +5,ATTOM taxassessor (Santa Clara County),,
4 School / Public Ed,SAN JOSE UNIFIED S D,,SAN JOSE,429-29-016,277828,6.378,SANTA CLARA,SJ,OTHER / UNKNOWN,0,0,0,,,1975-03-17,37.302539,-121.897147,50,5-20ac -5; owner +5,ATTOM taxassessor (Santa Clara County),,
3 Municipal,CITY OF CUPERTINO,,SAN JOSE,375-21-001,275615,6.327,SANTA CLARA,SJ,OTHER / UNKNOWN,0,0,0,,2020-09-24,,37.319646,-121.995945,50,5-20ac -5; owner +5,ATTOM taxassessor (Santa Clara County),,
3 Municipal,SAN JOSE CITY,COLOMBO DR,SAN JOSE,307-20-064,272334,6.252,SANTA CLARA,SJ,OTHER / UNKNOWN,0,0,0,,,,37.296654,-121.979515,50,5-20ac -5; owner +5,ATTOM taxassessor (Santa Clara County),,
3 Municipal,MT VIEW CITY,1500 CRITTENDEN LN,MOUNTAIN VIEW,116-22-029,271814,6.240,SANTA CLARA,P39,INDUSTRIAL,0,0,0,,,,37.427631,-122.071673,50,5-20ac -5; owner +5,ATTOM taxassessor (Santa Clara County),,
3 Municipal,SANTA CLARA CITY,SPACE PARK DR,SANTA CLARA,224-08-082,264844,6.080,SANTA CLARA,ML,OTHER / UNKNOWN,0,0,0,,,,37.377025,-121.954609,50,5-20ac -5; owner +5,ATTOM taxassessor (Santa Clara County),,
3 Municipal,SUNNYVALE CITY,ASTORIA DR,SUNNYVALE,320-09-072,264125,0.000,SANTA CLARA,SU,OTHER / UNKNOWN,0,0,0,,,1981-04-24,37.34915,-122.057014,50,5-20ac -5; owner +5,ATTOM taxassessor (Santa Clara County),,
3 Municipal,CUPERTINO CITY,22601 VOSS AVE,CUPERTINO,342-15-038,264087,6.063,SANTA CLARA,CU,OTHER / UNKNOWN,0,0,0,,,1979-07-13,37.318468,-122.069864,50,5-20ac -5; owner +5,ATTOM taxassessor (Santa Clara County),,
3 Municipal,MT VIEW CITY,1300 CRITTENDEN LN,MOUNTAIN VIEW,116-22-022,263538,6.050,SANTA CLARA,P39,INDUSTRIAL,0,0,0,,,,37.425872,-122.070524,50,5-20ac -5; owner +5,ATTOM taxassessor (Santa Clara County),,
3 Municipal,MT VIEW CITY,,MOUNTAIN VIEW,161-06-066,261360,6.000,SANTA CLARA,PF,OTHER / UNKNOWN,0,0,0,,,1983-01-21,37.381805,-122.063377,50,5-20ac -5; owner +5,ATTOM taxassessor (Santa Clara County),,
4 School / Public Ed,UNION S D CAMPBELL,,CAMPBELL,527-50-002,261143,5.995,SANTA CLARA,CA,OTHER / UNKNOWN,0,0,0,,,,37.241616,-121.921748,50,5-20ac -5; owner +5,ATTOM taxassessor (Santa Clara County),,
2 Santa Clara County,COUNTY OF SANTA CLARA,180 W TASMAN DR,SAN JOSE,097-54-019,260924,5.990,SANTA CLARA,IP,INDUSTRIAL,0,0,0,,2018-07-20,2014-09-24,37.408746,-121.953717,50,5-20ac -5; owner +5,ATTOM taxassessor (Santa Clara County),,
3 Municipal,SAN JOSE CITY,,SAN JOSE,577-44-040,260872,5.989,SANTA CLARA,SJ,OTHER / UNKNOWN,0,0,0,,,1972-09-06,37.222496,-121.884157,50,5-20ac -5; owner +5,ATTOM taxassessor (Santa Clara County),,
2 Santa Clara County,SANTA CLARA COUNTY,,SAN JOSE,678-08-022,258304,5.930,SANTA CLARA,IP,OTHER / UNKNOWN,0,0,0,,,,37.25149,-121.773882,50,5-20ac -5; owner +5,ATTOM taxassessor (Santa Clara County),,
3 Municipal,SAN JOSE CITY,,SAN JOSE,701-20-034,254230,5.836,SANTA CLARA,,OTHER / UNKNOWN,0,0,0,,,1985-06-27,37.213192,-121.833093,50,5-20ac -5; owner +5,ATTOM taxassessor (Santa Clara County),,
3 Municipal,SAN JOSE CITY,,SAN JOSE,472-11-003,253227,5.813,SANTA CLARA,SJ,OTHER / UNKNOWN,0,0,0,,,,37.328675,-121.865623,50,5-20ac -5; owner +5,ATTOM taxassessor (Santa Clara County),,
4 School / Public Ed,PALO ALTO UNIFIED SCHOOL DIST,,PALO ALTO,167-05-028,251788,5.780,SANTA CLARA,PA,OTHER / UNKNOWN,0,0,0,,2002-12-10,,37.402926,-122.126148,50,5-20ac -5; owner +5,ATTOM taxassessor (Santa Clara County),,
4 School / Public Ed,SIDE UNION H S D EAST,,SAN JOSE,491-17-002,248699,5.709,SANTA CLARA,SJ,OTHER / UNKNOWN,0,0,0,,,,37.333292,-121.82803,50,5-20ac -5; owner +5,ATTOM taxassessor (Santa Clara County),,
2 Santa Clara County,COUNTY OF SANTA CLARA,,SAN JOSE,491-05-021,245109,5.627,SANTA CLARA,IP,OTHER / UNKNOWN,0,0,0,,2021-08-26,,37.331076,-121.814393,50,5-20ac -5; owner +5,ATTOM taxassessor (Santa Clara County),,
3 Municipal,MT VIEW CITY,1400 CRITTENDEN LN,MOUNTAIN VIEW,116-22-023,243500,5.590,SANTA CLARA,P39,INDUSTRIAL,0,0,0,,,,37.427364,-122.070604,50,5-20ac -5; owner +5,ATTOM taxassessor (Santa Clara County),,
3 Municipal,PALO ALTO CITY,,PALO ALTO,175-21-077,242032,5.556,SANTA CLARA,PA,OTHER / UNKNOWN,0,0,0,,,,37.389171,-122.136384,50,5-20ac -5; owner +5,ATTOM taxassessor (Santa Clara County),,
2 Santa Clara County,COUNTY OF SANTA CLARA,150 W TASMAN DR,SAN JOSE,097-54-020,240887,5.530,SANTA CLARA,IP,INDUSTRIAL,0,0,0,,2018-07-20,2014-09-24,37.408072,-121.952696,50,5-20ac -5; owner +5,ATTOM taxassessor (Santa Clara County),,
4 School / Public Ed,PLEASANT S D MT,,SAN JOSE,652-26-024,239580,5.500,SANTA CLARA,SJ,OTHER / UNKNOWN,0,0,0,,,,37.339893,-121.791546,50,5-20ac -5; owner +5,ATTOM taxassessor (Santa Clara County),,
4 School / Public Ed,ROCK UNION S D ALUM,,SAN JOSE,491-15-010,236189,5.422,SANTA CLARA,SJ,OTHER / UNKNOWN,0,0,0,,,,37.335855,-121.825943,50,5-20ac -5; owner +5,ATTOM taxassessor (Santa Clara County),,
3 Municipal,SAN JOSE CITY (CA),525 W SANTA CLARA ST,SAN JOSE,259-28-041,234900,5.393,SANTA CLARA,HI,INDUSTRIAL,0,0,0,,2003-06-26,,37.334169,-121.903047,50,5-20ac -5; owner +5,ATTOM taxassessor (Santa Clara County),,
3 Municipal,SAN JOSE CITY,,SAN JOSE,472-33-012,230648,5.295,SANTA CLARA,SJ,OTHER / UNKNOWN,0,0,0,,,,37.336603,-121.867144,50,5-20ac -5; owner +5,ATTOM taxassessor (Santa Clara County),,
3 Municipal,CITY OF SAN JOSE,,SAN JOSE,583-08-027,230060,5.282,SANTA CLARA,SJ,OTHER / UNKNOWN,0,0,0,,2006-06-22,2006-06-22,37.198122,-121.852467,50,5-20ac -5; owner +5,ATTOM taxassessor (Santa Clara County),,
3 Municipal,SAN JOSE CITY,1120 COLEMAN AVE,SAN JOSE,230-46-040,229808,5.276,SANTA CLARA,SJ,OTHER / UNKNOWN,0,0,0,,,1973-04-25,37.352039,-121.92205,50,5-20ac -5; owner +5,ATTOM taxassessor (Santa Clara County),,
3 Municipal,SAN JOSE CITY,,SAN JOSE,567-53-016,228526,5.246,SANTA CLARA,,OTHER / UNKNOWN,0,0,0,,,,37.245201,-121.875799,50,5-20ac -5; owner +5,ATTOM taxassessor (Santa Clara County),,
3 Municipal,SAN JOSE CITY,640 STORY RD,SAN JOSE,477-12-002,226704,5.204,SANTA CLARA,SJ,OTHER / UNKNOWN,0,0,0,,,,37.32767,-121.859303,50,5-20ac -5; owner +5,ATTOM taxassessor (Santa Clara County),,
3 Municipal,SUNNYVALE CITY,250 N SUNNYVALE AVE,SUNNYVALE,204-44-043,225557,5.178,SANTA CLARA,SU,OTHER / UNKNOWN,0,0,0,,,,37.381924,-122.026213,50,5-20ac -5; owner +5,ATTOM taxassessor (Santa Clara County),,
3 Municipal,SAN JOSE CITY,,SAN JOSE,654-06-040,219542,5.040,SANTA CLARA,SJ,OTHER / UNKNOWN,0,0,0,,,1980-12-11,37.327962,-121.790729,50,5-20ac -5; owner +5,ATTOM taxassessor (Santa Clara County),,
3 Municipal,SAN JOSE CITY,,SAN JOSE,097-06-037,217800,5.000,SANTA CLARA,IP,OTHER / UNKNOWN,0,0,0,,,1980-01-30,37.402067,-121.946062,50,5-20ac -5; owner +5,ATTOM taxassessor (Santa Clara County),,
2 Santa Clara County,COUNTY OF SANTA CLARA,,SAN JOSE,678-08-044,40075,0.920,SANTA CLARA,IP,AGRICULTURE / FARMING,0,0,0,,2020-10-23,2020-10-23,37.251534,-121.772743,50,AGRICULTURE / FARMING -25; <1ac infill +20; owner +5,ATTOM taxassessor (Santa Clara County),,
3 Municipal,CITY OF SAN JOSE,,SAN JOSE,678-23-057,34101,0.783,SANTA CLARA,HS,AGRICULTURE / FARMING,0,0,0,,2010-09-09,2010-09-09,37.252276,-121.766776,50,AGRICULTURE / FARMING -25; <1ac infill +20; owner +5,ATTOM taxassessor (Santa Clara County),,
2 Santa Clara County,SANTA CLARA VALLEY WATER DISTR,,SAN JOSE,230-38-112,14103,0.324,SANTA CLARA,SJ,VACANT LAND,0,0,0,,1999-01-29,,37.350431,-121.910189,50,VACANT LAND +25; <1ac infill +20; owner -45,ATTOM taxassessor (Santa Clara County),,
2 Santa Clara County,SANTA CLARA VALLEY WATER DISTRICT,1145 LELONG ST,SAN JOSE,434-04-013,8700,0.200,SANTA CLARA,LI,VACANT LAND,0,0,0,,2010-08-17,2010-08-17,37.314251,-121.888317,50,VACANT LAND +25; <1ac infill +20; owner -45,ATTOM taxassessor (Santa Clara County),,
2 Santa Clara County,SANTA CLARA COUNTY,,SAN JOSE,706-03-017,7975,0.183,SANTA CLARA,,AGRICULTURE / FARMING,0,0,0,,1993-01-29,,37.239721,-121.793438,50,AGRICULTURE / FARMING -25; <1ac infill +20; owner +5,ATTOM taxassessor (Santa Clara County),,
2 Santa Clara County,SANTA CLARA VALLEY WATER DISTR,,SAN JOSE,676-20-040,7590,0.174,SANTA CLARA,C2,VACANT LAND,0,0,0,,2016-12-30,2014-01-24,37.312454,-121.790978,50,VACANT LAND +25; <1ac infill +20; owner -45,ATTOM taxassessor (Santa Clara County),,
2 Santa Clara County,VALLEY WATER SANTA CLARA,,SAN JOSE,259-15-083,7297,0.000,SANTA CLARA,,VACANT LAND,0,0,0,,2013-04-09,,37.343953,-121.903411,50,VACANT LAND +25; <1ac infill +20; owner -45,ATTOM taxassessor (Santa Clara County),,
2 Santa Clara County,VALLEY WATER SANTA CLARA,,SAN JOSE,230-38-116,6719,0.154,SANTA CLARA,,VACANT LAND,0,0,0,,2013-04-09,2008-12-22,37.350171,-121.910158,50,VACANT LAND +25; <1ac infill +20; owner -45,ATTOM taxassessor (Santa Clara County),,
3 Municipal,SANTA CLARA CITY,,SANTA CLARA,097-08-095,6000,0.138,SANTA CLARA,PD,AGRICULTURE / FARMING,0,0,0,,,,37.395987,-121.94587,50,AGRICULTURE / FARMING -25; <1ac infill +20; owner +5,ATTOM taxassessor (Santa Clara County),,
2 Santa Clara County,SANTA CLARA COUNTY,,SAN JOSE,583-23-019,42291704,970.884,SANTA CLARA,RR-H1,VACANT LAND,0,0,0,,,1975-06-20,37.17408,-121.837714,47,VACANT LAND +25; >100ac whole-area -45; owner +5; zoning RR-H1 +12,ATTOM taxassessor (Santa Clara County),,
2 Santa Clara County,SANTA CLARA COUNTY,,SAN JOSE,742-09-049,15851919,363.910,SANTA CLARA,R120,VACANT LAND,0,0,0,,2016-09-12,2016-09-12,37.181596,-121.807554,47,VACANT LAND +25; >100ac whole-area -45; owner +5; zoning R120 +12,ATTOM taxassessor (Santa Clara County),,
2 Santa Clara County,SANTA CLARA COUNTY,343 CHYNOWETH AVE,SAN JOSE,464-06-020,4959306,113.850,SANTA CLARA,R1-9,VACANT LAND,0,0,0,,,,37.263764,-121.83698,47,VACANT LAND +25; >100ac whole-area -45; owner +5; zoning R1-9 +12,ATTOM taxassessor (Santa Clara County),,
3 Municipal,CITY OF SAN JOSE,334 SAN ANTONIO CT,SAN JOSE,481-46-019,1332500,30.590,SANTA CLARA,R1B6,COMMERCIAL,0,0,0,,2007-06-28,1998-02-20,37.348942,-121.851997,47,COMMERCIAL +5; 20-100ac big -25; owner +5; zoning R1B6 +12,ATTOM taxassessor (Santa Clara County),,
4 School / Public Ed,UNION S D BERRYESSA,1970 MORRILL AVE,SAN JOSE,092-17-036,945462,21.705,SANTA CLARA,R-1-8,Commercial,0,0,0,,,,37.41106,-121.869257,47,Commercial +5; 20-100ac big -25; owner +5; zoning R-1-8 +12,ATTOM taxassessor (Santa Clara County),,
5 State of California,CALIFORNIA STATE,,MOUNTAIN VIEW,015-36-013,189890,4.359,SANTA CLARA,PF,OTHER / UNKNOWN,0,0,0,,,,37.448538,-122.089824,47,1-5ac +12; owner -15,ATTOM taxassessor (Santa Clara County),,
2 Santa Clara County,SANTA CLARA COUNTY TRANSIT DIST,,SAN JOSE,097-04-015,183023,4.202,SANTA CLARA,IP,OTHER / UNKNOWN,0,0,0,,,1975-09-26,37.416652,-121.931643,47,1-5ac +12; owner -15,ATTOM taxassessor (Santa Clara County),,
2 Santa Clara County,SANTA CLARA VTA,,SAN JOSE,241-03-022,176851,4.060,SANTA CLARA,SJ,OTHER / UNKNOWN,0,0,0,,,2002-12-11,37.375818,-121.877139,47,1-5ac +12; owner -15,ATTOM taxassessor (Santa Clara County),,
2 Santa Clara County,SANTA CLARA VTA,,SAN JOSE,254-01-034,170912,3.924,SANTA CLARA,SJ,OTHER / UNKNOWN,0,0,0,,,2002-12-11,37.363571,-121.873728,47,1-5ac +12; owner -15,ATTOM taxassessor (Santa Clara County),,
5 State of California,CALIFORNIA STATE,,SAN JOSE,569-32-048,167869,3.854,SANTA CLARA,LI,OTHER / UNKNOWN,0,0,0,,,,37.253037,-121.884603,47,1-5ac +12; owner -15,ATTOM taxassessor (Santa Clara County),,
5 State of California,CALIFORNIA STATE,,SAN JOSE,467-42-116,164365,3.773,SANTA CLARA,LI,OTHER / UNKNOWN,0,0,0,,,,37.335054,-121.877547,47,1-5ac +12; owner -15,ATTOM taxassessor (Santa Clara County),,
2 Santa Clara County,SANTA CLARA VTA,1565 MABURY RD,SAN JOSE,254-17-113,144183,3.310,SANTA CLARA,IP,INDUSTRIAL,0,0,0,,,,37.365361,-121.872855,47,1-5ac +12; owner -15,ATTOM taxassessor (Santa Clara County),,
5 State of California,CALIFORNIA STATE,,SAN JOSE,689-19-017,140391,3.223,SANTA CLARA,LI,OTHER / UNKNOWN,0,0,0,,,1974-09-30,37.243226,-121.813743,47,1-5ac +12; owner -15,ATTOM taxassessor (Santa Clara County),,
5 State of California,STATE CALIFORNIA,191 N 1ST ST STE A,SAN JOSE,259-34-055,139755,3.208,SANTA CLARA,SJ,OTHER / UNKNOWN,0,0,0,,2018-08-24,2018-08-24,37.338156,-121.893201,47,1-5ac +12; owner -15,ATTOM taxassessor (Santa Clara County),,
2 Santa Clara County,SANTA CLARA VALLEY TRANS AUTHORITY,,SAN JOSE,249-65-077,133140,3.057,SANTA CLARA,SJ,OTHER / UNKNOWN,0,0,0,,2023-07-11,,37.355855,-121.870478,47,1-5ac +12; owner -15,ATTOM taxassessor (Santa Clara County),,
5 State of California,STATE CALIFORNIA,,SAN JOSE,230-24-008,130124,2.987,SANTA CLARA,SJ,OTHER / UNKNOWN,0,0,0,,,,37.349995,-121.91796,47,1-5ac +12; owner -15,ATTOM taxassessor (Santa Clara County),,
5 State of California,CALIFORNIA STATE,10130 BUBB RD,CUPERTINO,357-20-023,129137,2.965,SANTA CLARA,CU,OTHER / UNKNOWN,0,0,0,,,,37.320467,-122.050117,47,1-5ac +12; owner -15,ATTOM taxassessor (Santa Clara County),,
2 Santa Clara County,SANTA CLARA VTA,,SAN JOSE,245-48-006,124987,2.869,SANTA CLARA,SJ,OTHER / UNKNOWN,0,0,0,,,2002-12-11,37.384435,-121.88003,47,1-5ac +12; owner -15,ATTOM taxassessor (Santa Clara County),,
5 State of California,CALIFORNIA STATE,,MOUNTAIN VIEW,015-36-020,106545,2.446,SANTA CLARA,PF,OTHER / UNKNOWN,0,0,0,,,,37.447503,-122.089318,47,1-5ac +12; owner -15,ATTOM taxassessor (Santa Clara County),,
2 Santa Clara County,SANTA CLARA COUNTY TRANSIT DIST,,SAN JOSE,097-04-021,106528,2.446,SANTA CLARA,IP,OTHER / UNKNOWN,0,0,0,,,1975-09-26,37.4214,-121.931193,47,1-5ac +12; owner -15,ATTOM taxassessor (Santa Clara County),,
5 State of California,CALIFORNIA STATE,,SAN JOSE,569-32-050,104878,2.408,SANTA CLARA,LI,OTHER / UNKNOWN,0,0,0,,,,37.253571,-121.881455,47,1-5ac +12; owner -15,ATTOM taxassessor (Santa Clara County),,
2 Santa Clara County,SANTA CLARA COUNTY TRANSIT DIST,,SAN JOSE,694-03-008,103718,2.381,SANTA CLARA,SJ,OTHER / UNKNOWN,0,0,0,,,1984-07-12,37.248813,-121.868554,47,1-5ac +12; owner -15,ATTOM taxassessor (Santa Clara County),,
2 Santa Clara County,SANTA CLARA VTA,,SAN JOSE,462-02-026,103560,0.000,SANTA CLARA,LI,OTHER / UNKNOWN,0,0,0,,2009-05-07,2009-05-07,37.266795,-121.858331,47,1-5ac +12; owner -15,ATTOM taxassessor (Santa Clara County),,
2 Santa Clara County,SANTA CLARA COUNTY TRANSIT DIST,,SAN JOSE,458-13-072,96665,2.219,SANTA CLARA,SJ,OTHER / UNKNOWN,0,0,0,,,1983-07-12,37.254231,-121.866694,47,1-5ac +12; owner -15,ATTOM taxassessor (Santa Clara County),,
2 Santa Clara County,SANTA CLARA COUNTY TRANSIT DIST,,SAN JOSE,083-01-001,95641,2.196,SANTA CLARA,IP,OTHER / UNKNOWN,0,0,0,,,,37.421673,-121.929507,47,1-5ac +12; owner -15,ATTOM taxassessor (Santa Clara County),,
5 State of California,CALIFORNIA STATE,,SAN JOSE,569-32-049,94337,2.166,SANTA CLARA,LI,OTHER / UNKNOWN,0,0,0,,,,37.251874,-121.889089,47,1-5ac +12; owner -15,ATTOM taxassessor (Santa Clara County),,
2 Santa Clara County,SANTA CLARA COUNTY TRANSIT DIST,,SAN JOSE,458-13-071,91551,2.102,SANTA CLARA,SJ,OTHER / UNKNOWN,0,0,0,,,1983-07-12,37.251717,-121.867525,47,1-5ac +12; owner -15,ATTOM taxassessor (Santa Clara County),,
5 State of California,CALIFORNIA STATE,,SAN JOSE,569-08-001,89805,2.062,SANTA CLARA,LI,OTHER / UNKNOWN,0,0,0,,,,37.251851,-121.88803,47,1-5ac +12; owner -15,ATTOM taxassessor (Santa Clara County),,
5 State of California,CALIFORNIA STATE,,SAN JOSE,567-02-053,87881,2.018,SANTA CLARA,SJ,OTHER / UNKNOWN,0,0,0,,,,37.250151,-121.911784,47,1-5ac +12; owner -15,ATTOM taxassessor (Santa Clara County),,
5 State of California,CALIFORNIA STATE,,SAN JOSE,612-67-004,83081,1.907,SANTA CLARA,HS,OTHER / UNKNOWN,0,0,0,,,,37.375156,-121.79854,47,1-5ac +12; owner -15,ATTOM taxassessor (Santa Clara County),,
2 Santa Clara County,SANTA CLARA VALLEY TRANS AUTHORITY,901 BERRYESSA RD,SAN JOSE,254-17-056,81893,1.880,SANTA CLARA,SJ,OTHER / UNKNOWN,0,0,0,,2023-07-11,,37.369666,-121.875097,47,1-5ac +12; owner -15,ATTOM taxassessor (Santa Clara County),,
5 State of California,CALIFORNIA STATE,,MOUNTAIN VIEW,015-36-026,80644,1.851,SANTA CLARA,PF,OTHER / UNKNOWN,0,0,0,,,,37.43392,-122.085191,47,1-5ac +12; owner -15,ATTOM taxassessor (Santa Clara County),,
2 Santa Clara County,SANTA CLARA VTA,,SAN JOSE,694-03-024,76967,1.767,SANTA CLARA,SJ,OTHER / UNKNOWN,0,0,0,,,1984-07-12,37.244172,-121.870922,47,1-5ac +12; owner -15,ATTOM taxassessor (Santa Clara County),,
5 State of California,CALIFORNIA STATE,,SAN JOSE,456-26-033,76489,1.756,SANTA CLARA,,OTHER / UNKNOWN,0,0,0,,,,37.289892,-121.870746,47,1-5ac +12; owner -15,ATTOM taxassessor (Santa Clara County),,
5 State of California,CALIFORNIA STATE,,SAN JOSE,237-20-059,73490,1.687,SANTA CLARA,LI-PD,OTHER / UNKNOWN,0,0,0,,,1973-05-04,37.383479,-121.911035,47,1-5ac +12; owner -15,ATTOM taxassessor (Santa Clara County),,
5 State of California,CALIFORNIA STATE,,SAN JOSE,467-46-093,70659,1.622,SANTA CLARA,CG,OTHER / UNKNOWN,0,0,0,,,1979-12-04,37.33306,-121.886152,47,1-5ac +12; owner -15,ATTOM taxassessor (Santa Clara County),,
2 Santa Clara County,SANTA CLARA COUNTY TRANSIT DIST,2220 EASTRIDGE LOOP,SAN JOSE,491-04-045,70586,1.620,SANTA CLARA,SJ,OTHER / UNKNOWN,0,0,0,,,1987-09-17,37.329589,-121.812653,47,1-5ac +12; owner -15,ATTOM taxassessor (Santa Clara County),,
5 State of California,CALIFORNIA STATE,,SAN JOSE,464-28-011,69080,1.586,SANTA CLARA,SJ,OTHER / UNKNOWN,0,0,0,,,1973-08-03,37.254705,-121.858029,47,1-5ac +12; owner -15,ATTOM taxassessor (Santa Clara County),,
5 State of California,CALIFORNIA STATE,DENTWOOD DR,SAN JOSE,569-08-002,66331,1.523,SANTA CLARA,SJ,OTHER / UNKNOWN,0,0,0,,,,37.251279,-121.889937,47,1-5ac +12; owner -15,ATTOM taxassessor (Santa Clara County),,
2 Santa Clara County,SANTA CLARA VALLEY TRANS AUTHORITY,,SAN JOSE,467-07-052,60081,1.379,SANTA CLARA,SJ,OTHER / UNKNOWN,0,0,0,,2023-07-11,,37.35219,-121.86769,47,1-5ac +12; owner -15,ATTOM taxassessor (Santa Clara County),,
2 Santa Clara County,SANTA CLARA VTA,,SAN JOSE,692-27-071,56404,1.295,SANTA CLARA,,OTHER / UNKNOWN,0,0,0,,2011-06-29,2011-06-29,37.246711,-121.830535,47,1-5ac +12; owner -15,ATTOM taxassessor (Santa Clara County),,
2 Santa Clara County,SANTA CLARA VTA,,SAN JOSE,467-07-070,56370,1.294,SANTA CLARA,,OTHER / UNKNOWN,0,0,0,,,2002-12-11,37.350829,-121.866348,47,1-5ac +12; owner -15,ATTOM taxassessor (Santa Clara County),,
5 State of California,STATE OF CALIFORNIA,1095 HOMESTEAD RD,SANTA CLARA,269-22-094,54886,1.260,SANTA CLARA,SC,OTHER / UNKNOWN,0,0,0,,2009-04-29,2009-04-29,37.348831,-121.945092,47,1-5ac +12; owner -15,ATTOM taxassessor (Santa Clara County),,
5 State of California,CALIFORNIA STATE,,SAN JOSE,569-08-048,53198,1.221,SANTA CLARA,LI,OTHER / UNKNOWN,0,0,0,,,,37.250912,-121.891164,47,1-5ac +12; owner -15,ATTOM taxassessor (Santa Clara County),,
2 Santa Clara County,SANTA CLARA VALLEY TRANS AUTHORITY,,SAN JOSE,472-05-069,52708,1.210,SANTA CLARA,SJ,OTHER / UNKNOWN,0,0,0,,2023-07-11,,37.343661,-121.862966,47,1-5ac +12; owner -15,ATTOM taxassessor (Santa Clara County),,
2 Santa Clara County,SANTA CLARA VALLEY TRANS AUTHORITY,,SAN JOSE,244-01-006,51098,1.173,SANTA CLARA,SJ,OTHER / UNKNOWN,0,0,0,,2023-07-11,,37.404957,-121.888126,47,1-5ac +12; owner -15,ATTOM taxassessor (Santa Clara County),,
5 State of California,CALIFORNIA STATE,,SAN JOSE,264-48-110,50700,1.164,SANTA CLARA,LI,OTHER / UNKNOWN,0,0,0,,,1989-07-12,37.317936,-121.889273,47,1-5ac +12; owner -15,ATTOM taxassessor (Santa Clara County),,
2 Santa Clara County,SANTA CLARA VALLEY TRANS AUTHORITY,MCKAY DR,SAN JOSE,244-15-006,50497,1.159,SANTA CLARA,SJ,OTHER / UNKNOWN,0,0,0,,2023-07-11,,37.399622,-121.885237,47,1-5ac +12; owner -15,ATTOM taxassessor (Santa Clara County),,
5 State of California,STATE CALIFORNIA,,SAN JOSE,456-26-003,49067,1.126,SANTA CLARA,SJ,OTHER / UNKNOWN,0,0,0,,,,37.293556,-121.871856,47,1-5ac +12; owner -15,ATTOM taxassessor (Santa Clara County),,
2 Santa Clara County,SANTA CLARA VALLEY TRANS AUTHORITY,,SAN JOSE,249-64-020,48887,1.122,SANTA CLARA,LI,OTHER / UNKNOWN,0,0,0,,2023-07-11,,37.360358,-121.871982,47,1-5ac +12; owner -15,ATTOM taxassessor (Santa Clara County),,
5 State of California,CALIFORNIA STATE,,SAN JOSE,419-38-104,48007,0.000,SANTA CLARA,LI,OTHER / UNKNOWN,0,0,0,,,,37.250499,-121.921714,47,1-5ac +12; owner -15,ATTOM taxassessor (Santa Clara County),,
5 State of California,CALIFORNIA STATE,,SAN JOSE,434-04-075,47257,1.085,SANTA CLARA,SJ,OTHER / UNKNOWN,0,0,0,,,1987-03-12,37.314996,-121.886798,47,1-5ac +12; owner -15,ATTOM taxassessor (Santa Clara County),,
5 State of California,CALIFORNIA STATE,,SAN JOSE,692-27-077,44417,1.020,SANTA CLARA,,OTHER / UNKNOWN,0,0,0,,,,37.246094,-121.830324,47,1-5ac +12; owner -15,ATTOM taxassessor (Santa Clara County),,
2 Santa Clara County,SANTA CLARA VALLEY WATER DIST,760 MALONE RD,SAN JOSE,439-26-062,39700,0.911,SANTA CLARA,R1,Residential,0,0,0,,1998-01-05,,37.297005,-121.88087,47,Residential +10; <1ac infill +20; owner -45; zoning R1 +12,ATTOM taxassessor (Santa Clara County),,
2 Santa Clara County,SANTA CLARA VALLEY WATER DISTRICT,120 ARROYO WAY,SAN JOSE,467-29-027,36764,0.844,SANTA CLARA,R1-8,Residential,267700,104200,371900,0.389,2023-05-19,2023-05-19,37.342215,-121.87171,47,Residential +10; <1ac infill +20; owner -45; zoning R1-8 +12,ATTOM taxassessor (Santa Clara County),,
2 Santa Clara County,SANTA CLARA VALLEY WATER DISTRICT,382 S 17TH ST,SAN JOSE,467-39-103,30000,0.689,SANTA CLARA,R1,Residential,1248480,520200,1768680,0.417,2023-11-16,2023-11-16,37.337726,-121.869987,47,Residential +10; <1ac infill +20; owner -45; zoning R1 +12,ATTOM taxassessor (Santa Clara County),,
5 State of California,STATE OF CA DEPT OF TRANSPTN,,SAN JOSE,458-20-078,22326,0.513,SANTA CLARA,R1,PUBLIC WORKS,0,0,0,,2009-10-13,,37.259816,-121.859622,47,PUBLIC WORKS -35; <1ac infill +20; zoning R1 +12,ATTOM taxassessor (Santa Clara County),,
2 Santa Clara County,SANTA CLARA VALLEY WATER DISTRICT,150 ARROYO WAY,SAN JOSE,467-29-026,19328,0.444,SANTA CLARA,R1-8,Residential,0,0,0,,2022-11-23,2022-11-23,37.341828,-121.871303,47,Residential +10; <1ac infill +20; owner -45; zoning R1-8 +12,ATTOM taxassessor (Santa Clara County),,
2 Santa Clara County,SANTA CLARA VALLEY WATER DISTR,1759 GUADALUPE AVE,SAN JOSE,456-03-051,16264,0.373,SANTA CLARA,R1,Residential,0,0,0,,1994-12-29,,37.301763,-121.881423,47,Residential +10; <1ac infill +20; owner -45; zoning R1 +12,ATTOM taxassessor (Santa Clara County),,
2 Santa Clara County,SANTA CLARA VALLEY WATER DISTRICT,166 ARROYO WAY,SAN JOSE,467-29-036,15872,0.364,SANTA CLARA,R1-8,Residential,0,0,0,,2022-12-16,2022-12-16,37.341493,-121.871071,47,Residential +10; <1ac infill +20; owner -45; zoning R1-8 +12,ATTOM taxassessor (Santa Clara County),,
2 Santa Clara County,SANTA CLARA VALLEY WATER DIST,2156 LAUSETT AVE,SAN JOSE,481-20-030,11371,0.261,SANTA CLARA,R1-8,Residential,0,0,0,,2003-06-20,,37.354248,-121.846319,47,Residential +10; <1ac infill +20; owner -45; zoning R1-8 +12,ATTOM taxassessor (Santa Clara County),,
2 Santa Clara County,SANTA CLARA VALLEY WATER DISTR,1661 MACKEY AVE,SAN JOSE,434-27-044,10494,0.241,SANTA CLARA,R1-8,Residential,0,0,0,,2006-08-16,2006-08-16,37.304802,-121.882212,47,Residential +10; <1ac infill +20; owner -45; zoning R1-8 +12,ATTOM taxassessor (Santa Clara County),,
2 Santa Clara County,SANTA CLARA VALLEY WATER DISTR,1603 MACKEY AVE,SAN JOSE,434-27-038,10309,0.237,SANTA CLARA,R1-8,Residential,0,0,0,,2017-09-25,,37.30557,-121.882732,47,Residential +10; <1ac infill +20; owner -45; zoning R1-8 +12,ATTOM taxassessor (Santa Clara County),,
2 Santa Clara County,SANTA CLARA VALLEY WATER DISTR,1633 MACKEY AVE,SAN JOSE,434-27-041,9593,0.220,SANTA CLARA,R1-8,Residential,0,0,0,,2008-08-22,2008-08-22,37.305197,-121.882448,47,Residential +10; <1ac infill +20; owner -45; zoning R1-8 +12,ATTOM taxassessor (Santa Clara County),,
2 Santa Clara County,SANTA CLARA VALLEY WATER DISTRICT,1719 GUADALUPE AVE,SAN JOSE,456-03-049,6250,0.143,SANTA CLARA,R1-5,Residential,0,0,0,,2013-07-31,2013-07-31,37.302387,-121.881274,47,Residential +10; <1ac infill +20; owner -45; zoning R1-5 +12,ATTOM taxassessor (Santa Clara County),,
2 Santa Clara County,SANTA CLARA VALLEY WATER DISTR,1014 TWIN BROOK DR,SAN JOSE,264-62-028,6068,0.139,SANTA CLARA,R1-8,Residential,0,0,0,,2001-10-10,,37.307706,-121.911221,47,Residential +10; <1ac infill +20; owner -45; zoning R1-8 +12,ATTOM taxassessor (Santa Clara County),,
1 Federal,UNITED STATES AMERICA,,MOUNTAIN VIEW,116-17-006,583128,13.387,SANTA CLARA,PF,OTHER / UNKNOWN,0,0,0,,,,37.409559,-122.0669,45,5-20ac -5,ATTOM taxassessor (Santa Clara County),,
1 Federal,UNITED STATES POSTAL SERVICE,,PALO ALTO,008-01-049,286625,6.580,SANTA CLARA,PA,OTHER / UNKNOWN,0,0,0,,,1976-07-12,37.451598,-122.12395,45,5-20ac -5,ATTOM taxassessor (Santa Clara County),,
3 Municipal,SAN JOSE CITY,488 CURIE DR,SAN JOSE,689-60-054,250906,5.760,SANTA CLARA,A(PD),Residential,0,0,0,,,,37.229155,-121.818964,45,Residential +10; 5-20ac -5; owner +5; zoning A(PD) -15,ATTOM taxassessor (Santa Clara County),,
1 Federal,UNITED STATES POSTAL SERVICE,21701 STEVENS CREEK BLVD,CUPERTINO,326-20-054,227427,5.221,SANTA CLARA,CU,OTHER / UNKNOWN,0,0,0,,,1986-12-24,37.324029,-122.053999,45,5-20ac -5,ATTOM taxassessor (Santa Clara County),,
2 Santa Clara County,SANTA CLARA COUNTY,,SAN JOSE,230-37-038,217240,4.987,SANTA CLARA,R1-8,PUBLIC WORKS,0,0,0,,2013-05-30,2013-05-30,37.35293,-121.908481,44,PUBLIC WORKS -35; 1-5ac +12; owner +5; zoning R1-8 +12,ATTOM taxassessor (Santa Clara County),,
3 Municipal,SANTA CLARA CITY,695 MORELAND WAY,SANTA CLARA,097-08-089,196020,4.500,SANTA CLARA,R1,PUBLIC WORKS,0,0,0,,2018-05-31,2018-05-31,37.396067,-121.947464,44,PUBLIC WORKS -35; 1-5ac +12; owner +5; zoning R1 +12,ATTOM taxassessor (Santa Clara County),,
3 Municipal,SAN JOSE CITY,,SAN JOSE,259-15-080,175714,4.034,SANTA CLARA,R,PUBLIC WORKS,0,0,0,,,1980-11-18,37.342965,-121.904099,44,PUBLIC WORKS -35; 1-5ac +12; owner +5; zoning R +12,ATTOM taxassessor (Santa Clara County),,
3 Municipal,SAN JOSE CITY,322 W TAYLOR ST,SAN JOSE,259-16-125,170910,3.924,SANTA CLARA,R,PUBLIC WORKS,0,0,0,,,,37.344755,-121.906086,44,PUBLIC WORKS -35; 1-5ac +12; owner +5; zoning R +12,ATTOM taxassessor (Santa Clara County),,
3 Municipal,SAN JOSE CITY,480 VENDOME ST,SAN JOSE,259-15-082,164508,3.777,SANTA CLARA,R,PUBLIC WORKS,0,0,0,,,1987-06-17,37.34212,-121.902945,44,PUBLIC WORKS -35; 1-5ac +12; owner +5; zoning R +12,ATTOM taxassessor (Santa Clara County),,
3 Municipal,SAN JOSE CITY,,SAN JOSE,660-06-006,155509,3.570,SANTA CLARA,R1,PUBLIC WORKS,0,0,0,,,1992-06-18,37.279267,-121.752379,44,PUBLIC WORKS -35; 1-5ac +12; owner +5; zoning R1 +12,ATTOM taxassessor (Santa Clara County),,
3 Municipal,SAN FRANCISCO CITY & CO OF SFPUC,,PALO ALTO,142-22-001,154638,3.550,SANTA CLARA,R1E-1,PUBLIC WORKS,337506,0,337506,0.000,,,37.408525,-122.158337,44,PUBLIC WORKS -35; 1-5ac +12; owner +5; zoning R1E-1 +12,ATTOM taxassessor (Santa Clara County),,
3 Municipal,SAN JOSE CITY,,SAN JOSE,660-05-069,134165,3.080,SANTA CLARA,R1,PUBLIC WORKS,0,0,0,,,1992-06-18,37.278551,-121.750583,44,PUBLIC WORKS -35; 1-5ac +12; owner +5; zoning R1 +12,ATTOM taxassessor (Santa Clara County),,
2 Santa Clara County,SANTA CLARA COUNTY,,SAN JOSE,701-65-001,112820,2.590,SANTA CLARA,R1B8,PUBLIC WORKS,0,0,0,,,1982-03-11,37.203326,-121.828354,44,PUBLIC WORKS -35; 1-5ac +12; owner +5; zoning R1B8 +12,ATTOM taxassessor (Santa Clara County),,
3 Municipal,CITY OF SAN JOSE-PUBLIC WORKS,,SAN JOSE,455-60-025,111561,2.561,SANTA CLARA,R1,PUBLIC WORKS,0,0,0,,2009-12-07,2009-12-07,37.282015,-121.854963,44,PUBLIC WORKS -35; 1-5ac +12; owner +5; zoning R1 +12,ATTOM taxassessor (Santa Clara County),,
3 Municipal,SAN JOSE CITY,,SAN JOSE,704-18-061,108029,2.480,SANTA CLARA,R1-8,PUBLIC WORKS,0,0,0,,,1977-05-31,37.231811,-121.794084,44,PUBLIC WORKS -35; 1-5ac +12; owner +5; zoning R1-8 +12,ATTOM taxassessor (Santa Clara County),,
3 Municipal,SAN JOSE CITY,CHYNOWETH PARK CT,SAN JOSE,685-28-107,107158,2.460,SANTA CLARA,RIB6,PUBLIC WORKS,0,0,0,,,1987-01-15,37.259481,-121.818741,44,PUBLIC WORKS -35; 1-5ac +12; owner +5; zoning RIB6 +12,ATTOM taxassessor (Santa Clara County),,
3 Municipal,CITY OF SAN JOSE,10 MEADOWLANDS LN,SAN JOSE,660-05-009,107158,2.460,SANTA CLARA,R1,PUBLIC WORKS,0,0,0,,1992-06-18,,37.27786,-121.749239,44,PUBLIC WORKS -35; 1-5ac +12; owner +5; zoning R1 +12,ATTOM taxassessor (Santa Clara County),,
3 Municipal,SAN FRANCISCO CITY & COUNTY OF,GIANERA ST,SANTA CLARA,104-06-041,105415,2.420,SANTA CLARA,R1A,PUBLIC WORKS,25419,0,25419,0.000,,,37.401155,-121.965904,44,PUBLIC WORKS -35; 1-5ac +12; owner +5; zoning R1A +12,ATTOM taxassessor (Santa Clara County),,
3 Municipal,SAN JOSE CITY,VILLAGEWOOD WAY,SAN JOSE,701-19-027,98881,2.270,SANTA CLARA,R1B3,PUBLIC WORKS,0,0,0,,,1977-07-25,37.211617,-121.83527,44,PUBLIC WORKS -35; 1-5ac +12; owner +5; zoning R1B3 +12,ATTOM taxassessor (Santa Clara County),,
3 Municipal,SAN FRANCISCO CITY & COUNTY OF,,SUNNYVALE,110-16-122,98446,2.260,SANTA CLARA,R0,PUBLIC WORKS,52485,0,52485,0.000,,,37.396579,-122.005848,44,PUBLIC WORKS -35; 1-5ac +12; owner +5; zoning R0 +12,ATTOM taxassessor (Santa Clara County),,
3 Municipal,SAN FRANCISCO CITY & COUNTY OF,FAIRWOOD AVE,SUNNYVALE,104-25-042,97531,2.239,SANTA CLARA,R0,PUBLIC WORKS,31689,0,31689,0.000,,,37.397067,-121.993165,44,PUBLIC WORKS -35; 1-5ac +12; owner +5; zoning R0 +12,ATTOM taxassessor (Santa Clara County),,
3 Municipal,SAN FRANCISCO CITY & COUNTY OF,,MOUNTAIN VIEW,154-01-027,95832,2.200,SANTA CLARA,R312,PUBLIC WORKS,452244,0,452244,0.000,,,37.399838,-122.09736,44,PUBLIC WORKS -35; 1-5ac +12; owner +5; zoning R312 +12,ATTOM taxassessor (Santa Clara County),,
3 Municipal,SAN JOSE CITY,101 BRANHAM LN E,SAN JOSE,684-53-032,90605,2.080,SANTA CLARA,R1,PUBLIC WORKS,0,0,0,,,1984-09-28,37.267917,-121.820869,44,PUBLIC WORKS -35; 1-5ac +12; owner +5; zoning R1 +12,ATTOM taxassessor (Santa Clara County),,
3 Municipal,SAN JOSE CITY,1227 MCLAUGHLIN AVE,SAN JOSE,477-47-028,89298,2.050,SANTA CLARA,R1,PUBLIC WORKS,0,0,0,,,,37.330426,-121.852722,44,PUBLIC WORKS -35; 1-5ac +12; owner +5; zoning R1 +12,ATTOM taxassessor (Santa Clara County),,
3 Municipal,SAN FRANCISCO CITY & CO OF,ESCUELA AVE,MOUNTAIN VIEW,154-01-030,82764,1.900,SANTA CLARA,R312,PUBLIC WORKS,361956,0,361956,0.000,,,37.400097,-122.093531,44,PUBLIC WORKS -35; 1-5ac +12; owner +5; zoning R312 +12,ATTOM taxassessor (Santa Clara County),,
2 Santa Clara County,SANTA CLARA COUNTY,,PALO ALTO,132-06-040,82347,1.890,SANTA CLARA,R1,PUBLIC WORKS,0,0,0,,,,37.421108,-122.112106,44,PUBLIC WORKS -35; 1-5ac +12; owner +5; zoning R1 +12,ATTOM taxassessor (Santa Clara County),,
3 Municipal,SAN FRANCISCO CITY & COUNTY OF SFPUC,,SUNNYVALE,104-28-070,81283,1.866,SANTA CLARA,R0,PUBLIC WORKS,33211,0,33211,0.000,,,37.397768,-121.989194,44,PUBLIC WORKS -35; 1-5ac +12; owner +5; zoning R0 +12,ATTOM taxassessor (Santa Clara County),,
3 Municipal,SAN FRANCISCO CITY & COUNTY OF,LAKEWOOD PARK,SUNNYVALE,110-23-104,72745,1.670,SANTA CLARA,R1,PUBLIC WORKS,229269,0,229269,0.000,,,37.396646,-121.997507,44,PUBLIC WORKS -35; 1-5ac +12; owner +5; zoning R1 +12,ATTOM taxassessor (Santa Clara County),,
3 Municipal,SAN JOSE CITY,,SAN JOSE,284-07-016,72745,1.670,SANTA CLARA,R1,PUBLIC WORKS,0,0,0,,1998-06-05,1998-06-05,37.305792,-121.914742,44,PUBLIC WORKS -35; 1-5ac +12; owner +5; zoning R1 +12,ATTOM taxassessor (Santa Clara County),,
3 Municipal,CITY OF SAN JOSE,,SAN JOSE,455-93-081,72222,1.658,SANTA CLARA,R1-8,PUBLIC WORKS,0,0,0,,2019-01-16,,37.284317,-121.852755,44,PUBLIC WORKS -35; 1-5ac +12; owner +5; zoning R1-8 +12,ATTOM taxassessor (Santa Clara County),,
3 Municipal,SAN FRANCISCO CITY & COUNTY OF SFPUC,,SUNNYVALE,104-28-072,69478,1.595,SANTA CLARA,R0,PUBLIC WORKS,20201,0,20201,0.000,,,37.397684,-121.98822,44,PUBLIC WORKS -35; 1-5ac +12; owner +5; zoning R0 +12,ATTOM taxassessor (Santa Clara County),,
3 Municipal,SAN JOSE CITY,,SAN JOSE,708-18-068,65776,1.510,SANTA CLARA,R1-8P,PUBLIC WORKS,0,0,0,,,1977-12-02,37.220992,-121.766786,44,PUBLIC WORKS -35; 1-5ac +12; owner +5; zoning R1-8P +12,ATTOM taxassessor (Santa Clara County),,
3 Municipal,SAN JOSE CITY,280 W TAYLOR ST,SAN JOSE,259-16-119,58021,1.332,SANTA CLARA,R,PUBLIC WORKS,0,0,0,,,,37.345879,-121.904713,44,PUBLIC WORKS -35; 1-5ac +12; owner +5; zoning R +12,ATTOM taxassessor (Santa Clara County),,
2 Santa Clara County,SANTA CLARA COUNTY,,SAN JOSE,742-09-052,53448,1.227,SANTA CLARA,R120,PUBLIC WORKS,0,0,0,,,,37.184515,-121.812825,44,PUBLIC WORKS -35; 1-5ac +12; owner +5; zoning R120 +12,ATTOM taxassessor (Santa Clara County),,
3 Municipal,SAN FRANCISCO CITY & COUNTY OF,,SUNNYVALE,110-24-039,51836,1.190,SANTA CLARA,R0,PUBLIC WORKS,27882,0,27882,0.000,,,37.396606,-122.000338,44,PUBLIC WORKS -35; 1-5ac +12; owner +5; zoning R0 +12,ATTOM taxassessor (Santa Clara County),,
3 Municipal,SAN JOSE CITY,,SAN JOSE,659-78-047,50181,1.152,SANTA CLARA,R1,PUBLIC WORKS,0,0,0,,2007-03-09,2007-03-09,37.321096,-121.775657,44,PUBLIC WORKS -35; 1-5ac +12; owner +5; zoning R1 +12,ATTOM taxassessor (Santa Clara County),,
3 Municipal,SAN FRANCISCO CITY & COUNTY OF,GRANADA DR,MOUNTAIN VIEW,150-24-020,49223,1.130,SANTA CLARA,R3-2*,PUBLIC WORKS,71530,0,71530,0.000,,,37.40144,-122.083794,44,PUBLIC WORKS -35; 1-5ac +12; owner +5; zoning R3-2* +12,ATTOM taxassessor (Santa Clara County),,
3 Municipal,SAN FRANCISCO CITY & COUNTY OF,MEADOWLAKE DR,SUNNYVALE,110-20-013,48787,1.120,SANTA CLARA,R1,PUBLIC WORKS,26142,0,26142,0.000,,,37.396607,-122.002533,44,PUBLIC WORKS -35; 1-5ac +12; owner +5; zoning R1 +12,ATTOM taxassessor (Santa Clara County),,
3 Municipal,SAN FRANCISCO CITY & CO OF,724 ARASTRADERO RD,PALO ALTO,137-29-016,47045,1.080,SANTA CLARA,R1B1,PUBLIC WORKS,75611,0,75611,0.000,,,37.401089,-122.131094,44,PUBLIC WORKS -35; 1-5ac +12; owner +5; zoning R1B1 +12,ATTOM taxassessor (Santa Clara County),,
3 Municipal,SAN FRANCISCO CITY & CO OF SFPUC,,SUNNYVALE,110-28-002,44867,1.030,SANTA CLARA,RMH,PUBLIC WORKS,44830,0,44830,0.000,,,37.396694,-122.01083,44,PUBLIC WORKS -35; 1-5ac +12; owner +5; zoning RMH +12,ATTOM taxassessor (Santa Clara County),,
3 Municipal,SAN FRANCISCO CITY & CO OF,WILDROSE WAY,MOUNTAIN VIEW,150-19-032,43996,1.010,SANTA CLARA,R3-1*,PUBLIC WORKS,63973,0,63973,0.000,,,37.401412,-122.085881,44,PUBLIC WORKS -35; 1-5ac +12; owner +5; zoning R3-1* +12,ATTOM taxassessor (Santa Clara County),,
4 School / Public Ed,SAN JOSE UNIFIED S D,BRET HARTE DR,SAN JOSE,701-06-017,2186276,50.190,SANTA CLARA,R1-5,OTHER / UNKNOWN,0,0,0,,,,37.215056,-121.844697,42,20-100ac big -25; owner +5; zoning R1-5 +12,ATTOM taxassessor (Santa Clara County),,
3 Municipal,SAN JOSE CITY,,SAN JOSE,595-08-002,1973082,45.296,SANTA CLARA,R1-8,OTHER / UNKNOWN,0,0,0,,,,37.403018,-121.788126,42,20-100ac big -25; owner +5; zoning R1-8 +12,ATTOM taxassessor (Santa Clara County),,
2 Santa Clara County,SANTA CLARA COUNTY,,SAN JOSE,729-50-003,1305734,29.976,SANTA CLARA,R1-1,OTHER / UNKNOWN,0,0,0,,,1979-06-25,37.17497,-121.672881,42,20-100ac big -25; owner +5; zoning R1-1 +12,ATTOM taxassessor (Santa Clara County),,
4 School / Public Ed,S D UNION,,SAN JOSE,567-33-001,1071827,24.606,SANTA CLARA,R1-8,OTHER / UNKNOWN,0,0,0,,,,37.239537,-121.898435,42,20-100ac big -25; owner +5; zoning R1-8 +12,ATTOM taxassessor (Santa Clara County),,
5 State of California,CALIFORNIA STATE,WOODFORD DR,SAN JOSE,447-29-038,390573,8.966,SANTA CLARA,R1-8,OTHER / UNKNOWN,0,0,0,,,1977-03-30,37.260682,-121.909574,42,5-20ac -5; owner -15; zoning R1-8 +12,ATTOM taxassessor (Santa Clara County),,
2 Santa Clara County,SANTA CLARA COUNTY TRANSIT DIST,,SAN JOSE,230-37-036,324539,7.450,SANTA CLARA,R1-8,OTHER / UNKNOWN,0,0,0,,,1984-05-04,37.353805,-121.908907,42,5-20ac -5; owner -15; zoning R1-8 +12,ATTOM taxassessor (Santa Clara County),,
2 Santa Clara County,SANTA CLARA COUNTY,,SAN JOSE,704-09-006,189939,4.360,SANTA CLARA,HS,AGRICULTURE / FARMING,0,0,0,,,1986-11-26,37.226255,-121.795514,42,AGRICULTURE / FARMING -25; 1-5ac +12; owner +5,ATTOM taxassessor (Santa Clara County),,
2 Santa Clara County,SANTA CLARA VALLEY WATER DISTR,,SAN JOSE,434-13-034,173378,3.980,SANTA CLARA,SJ,VACANT LAND,0,0,0,,2005-01-19,,37.311301,-121.886248,42,VACANT LAND +25; 1-5ac +12; owner -45,ATTOM taxassessor (Santa Clara County),,
3 Municipal,SAN JOSE CITY,,SAN JOSE,680-32-031,167166,3.838,SANTA CLARA,,AGRICULTURE / FARMING,0,0,0,,,,37.293677,-121.769692,42,AGRICULTURE / FARMING -25; 1-5ac +12; owner +5,ATTOM taxassessor (Santa Clara County),,
3 Municipal,SAN JOSE CITY,,SAN JOSE,673-14-028,160736,3.690,SANTA CLARA,SJ,AGRICULTURE / FARMING,0,0,0,,,1974-02-26,37.314346,-121.796391,42,AGRICULTURE / FARMING -25; 1-5ac +12; owner +5,ATTOM taxassessor (Santa Clara County),,
3 Municipal,SAN JOSE CITY,931 ZANKER LN,SAN JOSE,015-31-028,142006,3.260,SANTA CLARA,LI,AGRICULTURE / FARMING,0,0,0,,,1975-09-05,37.429067,-121.940237,42,AGRICULTURE / FARMING -25; 1-5ac +12; owner +5,ATTOM taxassessor (Santa Clara County),,
3 Municipal,SAN JOSE CITY,,SAN JOSE,660-21-024,117085,2.688,SANTA CLARA,LI,AGRICULTURE / FARMING,0,0,0,,,1988-08-24,37.304314,-121.767622,42,AGRICULTURE / FARMING -25; 1-5ac +12; owner +5,ATTOM taxassessor (Santa Clara County),,
2 Santa Clara County,SANTA CLARA COUNTY,,SUNNYVALE,104-01-050,111949,2.570,SANTA CLARA,M3,AGRICULTURE / FARMING,0,0,0,,,,37.416007,-121.987205,42,AGRICULTURE / FARMING -25; 1-5ac +12; owner +5,ATTOM taxassessor (Santa Clara County),,
3 Municipal,SAN JOSE CITY,,SAN JOSE,676-55-057,111873,2.568,SANTA CLARA,,AGRICULTURE / FARMING,0,0,0,,,1992-06-03,37.300145,-121.77342,42,AGRICULTURE / FARMING -25; 1-5ac +12; owner +5,ATTOM taxassessor (Santa Clara County),,
2 Santa Clara County,SANTA CLARA COUNTY,,SAN JOSE,583-24-009,102801,2.360,SANTA CLARA,HS-SR,AGRICULTURE / FARMING,0,0,0,,,,37.169593,-121.853868,42,AGRICULTURE / FARMING -25; 1-5ac +12; owner +5,ATTOM taxassessor (Santa Clara County),,
3 Municipal,SUNNYVALE CITY,1240 FAIR OAKS WAY,SUNNYVALE,110-29-035,94793,2.176,SANTA CLARA,M1,AGRICULTURE / FARMING,0,0,0,,,1978-08-18,37.405773,-122.010361,42,AGRICULTURE / FARMING -25; 1-5ac +12; owner +5,ATTOM taxassessor (Santa Clara County),,
3 Municipal,SAN JOSE CITY,,SAN JOSE,254-42-096,93922,2.156,SANTA CLARA,SJ,AGRICULTURE / FARMING,0,0,0,,,1987-08-17,37.370237,-121.869054,42,AGRICULTURE / FARMING -25; 1-5ac +12; owner +5,ATTOM taxassessor (Santa Clara County),,
2 Santa Clara County,SANTA CLARA VALLEY WATER DISTRICT,,SAN JOSE,484-33-052,91476,2.100,SANTA CLARA,IP,VACANT LAND,0,0,0,,2010-12-29,2010-12-29,37.356604,-121.824621,42,VACANT LAND +25; 1-5ac +12; owner -45,ATTOM taxassessor (Santa Clara County),,
3 Municipal,SAN JOSE CITY,,SAN JOSE,689-56-024,88606,2.034,SANTA CLARA,SJ,AGRICULTURE / FARMING,0,0,0,,,1974-09-24,37.226702,-121.807069,42,AGRICULTURE / FARMING -25; 1-5ac +12; owner +5,ATTOM taxassessor (Santa Clara County),,
2 Santa Clara County,SANTA CLARA COUNTY,372 MANILA DR,SAN JOSE,708-01-015,81215,1.864,SANTA CLARA,PUB,AGRICULTURE / FARMING,0,0,0,,,1981-03-06,37.226301,-121.798261,42,AGRICULTURE / FARMING -25; 1-5ac +12; owner +5,ATTOM taxassessor (Santa Clara County),,
2 Santa Clara County,SANTA CLARA VALLEY WATER DIST,,SAN JOSE,567-69-002,77010,1.768,SANTA CLARA,SJ,VACANT LAND,0,0,0,,2000-11-03,,37.238513,-121.885622,42,VACANT LAND +25; 1-5ac +12; owner -45,ATTOM taxassessor (Santa Clara County),,
3 Municipal,SAN JOSE CITY,3799 QUIMBY RD,SAN JOSE,654-03-015,69564,1.597,SANTA CLARA,HS,AGRICULTURE / FARMING,0,0,0,,,,37.332546,-121.761733,42,AGRICULTURE / FARMING -25; 1-5ac +12; owner +5,ATTOM taxassessor (Santa Clara County),,
2 Santa Clara County,SANTA CLARA COUNTY,,SUNNYVALE,104-01-059,67518,1.550,SANTA CLARA,M3,AGRICULTURE / FARMING,0,0,0,,,1968-07-08,37.413249,-121.987293,42,AGRICULTURE / FARMING -25; 1-5ac +12; owner +5,ATTOM taxassessor (Santa Clara County),,
2 Santa Clara County,COUNTY OF SANTA CLARA,,SAN JOSE,678-08-049,65775,1.510,SANTA CLARA,IP,AGRICULTURE / FARMING,0,0,0,,2020-10-23,2020-10-23,37.254028,-121.777091,42,AGRICULTURE / FARMING -25; 1-5ac +12; owner +5,ATTOM taxassessor (Santa Clara County),,
3 Municipal,SAN JOSE CITY,,SAN JOSE,696-32-032,61855,1.420,SANTA CLARA,SJ,AGRICULTURE / FARMING,0,0,0,,,1986-12-09,37.233585,-121.871087,42,AGRICULTURE / FARMING -25; 1-5ac +12; owner +5,ATTOM taxassessor (Santa Clara County),,
2 Santa Clara County,SANTA CLARA VALLEY WATER DISTR,,SAN JOSE,434-04-079,56434,1.296,SANTA CLARA,SJ,VACANT LAND,0,0,0,,2005-01-19,,37.31356,-121.88779,42,VACANT LAND +25; 1-5ac +12; owner -45,ATTOM taxassessor (Santa Clara County),,
4 School / Public Ed,SAN JOSE UNIFIED S D,,SAN JOSE,456-10-003,45302,1.040,SANTA CLARA,M2,AGRICULTURE / FARMING,0,0,0,,,,37.299677,-121.874456,42,AGRICULTURE / FARMING -25; 1-5ac +12; owner +5,ATTOM taxassessor (Santa Clara County),,
3 Municipal,SAN JOSE CITY (CA),SCENIC MEADOW LN,SAN JOSE,660-62-006,44925,1.031,SANTA CLARA,0,AGRICULTURE / FARMING,0,0,0,,1998-07-13,,37.283408,-121.759593,42,AGRICULTURE / FARMING -25; 1-5ac +12; owner +5,ATTOM taxassessor (Santa Clara County),,
3 Municipal,CITY OF SAN JOSE,,SAN JOSE,708-27-007,3467812,79.610,SANTA CLARA,A1250,VACANT LAND,0,0,0,,2019-11-21,2016-03-09,37.206245,-121.733971,40,VACANT LAND +25; 20-100ac big -25; owner +5; zoning A1250 -15,ATTOM taxassessor (Santa Clara County),,
3 Municipal,CITY OF SAN JOSE,,SAN JOSE,708-26-002,1935370,44.430,SANTA CLARA,APD,VACANT LAND,0,0,0,,2019-11-21,2016-03-09,37.212343,-121.738137,40,VACANT LAND +25; 20-100ac big -25; owner +5; zoning APD -15,ATTOM taxassessor (Santa Clara County),,
3 Municipal,SAN JOSE CITY,15350 PENITENCIA CREEK RD,SAN JOSE,599-25-001,1874995,43.044,SANTA CLARA,SJ,Residential,0,0,0,,,,37.394255,-121.819609,40,Residential +10; 20-100ac big -25; owner +5,ATTOM taxassessor (Santa Clara County),,
3 Municipal,CITY OF SAN JOSE,EMADO AVE,SAN JOSE,708-26-001,1780732,40.880,SANTA CLARA,A-PD,VACANT LAND,0,0,0,,2019-11-21,2016-03-09,37.210579,-121.740608,40,VACANT LAND +25; 20-100ac big -25; owner +5; zoning A-PD -15,ATTOM taxassessor (Santa Clara County),,
2 Santa Clara County,SANTA CLARA COUNTY,5285 SNELL AVE,SAN JOSE,464-06-021,1281970,29.430,SANTA CLARA,AW,VACANT LAND,0,0,0,,2004-01-28,2004-01-28,37.260843,-121.832906,40,VACANT LAND +25; 20-100ac big -25; owner +5; zoning AW -15,ATTOM taxassessor (Santa Clara County),,
3 Municipal,CITY OF SAN JOSE,,SAN JOSE,708-27-001,1123412,25.790,SANTA CLARA,A-PD,VACANT LAND,0,0,0,,2019-11-21,2016-03-09,37.208639,-121.736547,40,VACANT LAND +25; 20-100ac big -25; owner +5; zoning A-PD -15,ATTOM taxassessor (Santa Clara County),,
3 Municipal,CITY OF SAN JOSE,,SAN JOSE,708-27-014,1074189,24.660,SANTA CLARA,A125,VACANT LAND,0,0,0,,2019-11-21,2016-03-09,37.203755,-121.73745,40,VACANT LAND +25; 20-100ac big -25; owner +5; zoning A125 -15,ATTOM taxassessor (Santa Clara County),,
3 Municipal,CITY OF SAN JOSE,,SAN JOSE,015-44-012,932663,21.411,SANTA CLARA,A(PD),VACANT LAND,0,0,0,,2014-08-25,2014-08-25,37.428442,-121.963361,40,VACANT LAND +25; 20-100ac big -25; owner +5; zoning A(PD) -15,ATTOM taxassessor (Santa Clara County),,
3 Municipal,CITY OF SAN JOSE-PUBLIC WORKS,502 HILLSDALE AVE,SAN JOSE,455-10-051,875556,20.100,SANTA CLARA,APD,VACANT LAND,0,0,0,,2009-12-07,2009-12-07,37.284405,-121.861509,40,VACANT LAND +25; 20-100ac big -25; owner +5; zoning APD -15,ATTOM taxassessor (Santa Clara County),,
4 School / Public Ed,S D EVERGREEN,3276 CORTONA DR,SAN JOSE,660-32-023,872695,20.034,SANTA CLARA,A-PD,VACANT LAND,0,0,0,,,1989-06-05,37.310932,-121.761958,40,VACANT LAND +25; 20-100ac big -25; owner +5; zoning A-PD -15,ATTOM taxassessor (Santa Clara County),,
3 Municipal,CITY OF SAN JOSE,4041 N 1ST ST,SAN JOSE,097-53-015,217800,5.000,SANTA CLARA,A(PD),COMMERCIAL,0,0,0,,2015-09-18,2015-09-18,37.413902,-121.953857,40,COMMERCIAL +5; 5-20ac -5; owner +5; zoning A(PD) -15,ATTOM taxassessor (Santa Clara County),,
3 Municipal,CITY OF SAN JOSE,2090 EVANS LN,SAN JOSE,456-09-017,43295,0.994,SANTA CLARA,MI,PUBLIC WORKS,0,0,0,,2014-05-14,,37.295972,-121.874668,40,PUBLIC WORKS -35; <1ac infill +20; owner +5,ATTOM taxassessor (Santa Clara County),,
3 Municipal,SAN JOSE CITY,3773 ABORN RD,SAN JOSE,659-09-007,43200,0.992,SANTA CLARA,HS,PUBLIC WORKS,0,0,0,,1997-09-05,1997-09-05,37.3192,-121.759559,40,PUBLIC WORKS -35; <1ac infill +20; owner +5,ATTOM taxassessor (Santa Clara County),,
3 Municipal,SAN JOSE CITY,177 ASBURY ST,SAN JOSE,259-06-055,42350,0.972,SANTA CLARA,C,PUBLIC WORKS,0,0,0,,1998-11-04,1998-11-04,37.348956,-121.904445,40,PUBLIC WORKS -35; <1ac infill +20; owner +5,ATTOM taxassessor (Santa Clara County),,
3 Municipal,SAN JOSE CITY,,SAN JOSE,690-17-034,40788,0.936,SANTA CLARA,SJ,PUBLIC WORKS,0,0,0,,,1977-09-16,37.255715,-121.824345,40,PUBLIC WORKS -35; <1ac infill +20; owner +5,ATTOM taxassessor (Santa Clara County),,
3 Municipal,SANTA CLARA CITY,1889 MARKET ST,SANTA CLARA,269-25-096,40510,0.930,SANTA CLARA,B,PUBLIC WORKS,0,0,0,,,1987-05-15,37.34235,-121.953646,40,PUBLIC WORKS -35; <1ac infill +20; owner +5,ATTOM taxassessor (Santa Clara County),,
3 Municipal,SAN FRANCISCO CITY & COUNTY OF,,MOUNTAIN VIEW,148-16-010,40480,0.929,SANTA CLARA,CRA,PUBLIC WORKS,320056,0,320056,0.000,,,37.402886,-122.114617,40,PUBLIC WORKS -35; <1ac infill +20; owner +5,ATTOM taxassessor (Santa Clara County),,
2 Santa Clara County,SANTA CLARA COUNTY,13650 STEVENS CANYON RD,CUPERTINO,351-19-005,40075,0.920,SANTA CLARA,HS,PUBLIC WORKS,0,0,0,,,1982-09-28,37.285872,-122.077883,40,PUBLIC WORKS -35; <1ac infill +20; owner +5,ATTOM taxassessor (Santa Clara County),,
3 Municipal,CITY OF SAN JOSE,,SAN JOSE,685-06-003,39600,0.909,SANTA CLARA,M,PUBLIC WORKS,0,0,0,,2023-01-26,,37.268361,-121.823774,40,PUBLIC WORKS -35; <1ac infill +20; owner +5,ATTOM taxassessor (Santa Clara County),,
3 Municipal,SAN FRANCISCO CITY & CO OF SFPUC,,SUNNYVALE,165-44-008,39204,0.900,SANTA CLARA,M1,PUBLIC WORKS,42449,0,42449,0.000,,,37.398868,-122.031387,40,PUBLIC WORKS -35; <1ac infill +20; owner +5,ATTOM taxassessor (Santa Clara County),,
3 Municipal,SANTA CLARA CITY,,SANTA CLARA,216-45-059,38902,0.893,SANTA CLARA,ML,PUBLIC WORKS,0,0,0,,,,37.380059,-121.970659,40,PUBLIC WORKS -35; <1ac infill +20; owner +5,ATTOM taxassessor (Santa Clara County),,
4 School / Public Ed,SAN JOSE UNIFIED S D,890 E WILLIAM ST,SAN JOSE,472-33-007,36154,0.830,SANTA CLARA,SJ,PUBLIC WORKS,0,0,0,,,1974-04-22,37.336851,-121.866126,40,PUBLIC WORKS -35; <1ac infill +20; owner +5,ATTOM taxassessor (Santa Clara County),,
3 Municipal,SAN FRANCISCO CITY & CO OF SFPUC,,SUNNYVALE,165-44-007,32670,0.750,SANTA CLARA,M1,PUBLIC WORKS,35460,0,35460,0.000,,,37.3984,-122.032793,40,PUBLIC WORKS -35; <1ac infill +20; owner +5,ATTOM taxassessor (Santa Clara County),,
3 Municipal,MT VIEW CITY,555 E EVELYN AVE,MOUNTAIN VIEW,161-15-018,29664,0.681,SANTA CLARA,P(30),PUBLIC WORKS,0,0,0,,2019-10-11,2019-10-11,37.385997,-122.054764,40,PUBLIC WORKS -35; <1ac infill +20; owner +5,ATTOM taxassessor (Santa Clara County),,
3 Municipal,SANTA CLARA CITY,5111 STARS AND STRIPES DR,SANTA CLARA,104-03-041,26000,0.597,SANTA CLARA,SC,PUBLIC WORKS,0,0,0,,,,37.407021,-121.968769,40,PUBLIC WORKS -35; <1ac infill +20; owner +5,ATTOM taxassessor (Santa Clara County),,
3 Municipal,CUPERTINO CITY,1000 S STELLING RD,CUPERTINO,359-25-049,20625,0.473,SANTA CLARA,PR,PUBLIC WORKS,0,0,0,,,1981-11-16,37.310612,-122.041032,40,PUBLIC WORKS -35; <1ac infill +20; owner +5,ATTOM taxassessor (Santa Clara County),,
3 Municipal,SAN JOSE CITY (CA),3090 ALUM ROCK AVE,SAN JOSE,484-21-043,19044,0.437,SANTA CLARA,C1,PUBLIC WORKS,0,0,0,,2002-08-09,,37.364771,-121.82762,40,PUBLIC WORKS -35; <1ac infill +20; owner +5,ATTOM taxassessor (Santa Clara County),,
3 Municipal,SAN JOSE CITY,,SAN JOSE,230-39-129,16117,0.370,SANTA CLARA,00,PUBLIC WORKS,0,0,0,,,1974-09-27,37.349135,-121.914938,40,PUBLIC WORKS -35; <1ac infill +20; owner +5,ATTOM taxassessor (Santa Clara County),,
3 Municipal,SAN FRANCISCO CITY & COUNTY OF,,MOUNTAIN VIEW,148-16-035,16000,0.367,SANTA CLARA,CRA,PUBLIC WORKS,104570,0,104570,0.000,,,37.403997,-122.113149,40,PUBLIC WORKS -35; <1ac infill +20; owner +5,ATTOM taxassessor (Santa Clara County),,
3 Municipal,SAN FRANCISCO CITY & COUNTY OF,,MOUNTAIN VIEW,148-16-011,15840,0.364,SANTA CLARA,CRA,PUBLIC WORKS,103982,0,103982,0.000,,,37.403587,-122.11378,40,PUBLIC WORKS -35; <1ac infill +20; owner +5,ATTOM taxassessor (Santa Clara County),,
5 State of California,CALIFORNIA STATE,,CUPERTINO,342-52-001,14156,0.325,SANTA CLARA,A,OTHER / UNKNOWN,0,0,0,,,,37.340117,-122.090122,40,<1ac infill +20; owner -15; zoning A -15,ATTOM taxassessor (Santa Clara County),,
2 Santa Clara County,SANTA CLARA COUNTY,,SAN JOSE,678-93-037,13604,0.312,SANTA CLARA,LI,PUBLIC WORKS,0,0,0,,,,37.256691,-121.791373,40,PUBLIC WORKS -35; <1ac infill +20; owner +5,ATTOM taxassessor (Santa Clara County),,
3 Municipal,SAN JOSE CITY,,SANTA CLARA,230-03-041,13504,0.310,SANTA CLARA,M2,PUBLIC WORKS,202,0,202,0.000,,,37.371491,-121.937746,40,PUBLIC WORKS -35; <1ac infill +20; owner +5,ATTOM taxassessor (Santa Clara County),,
3 Municipal,CUPERTINO CITY,10461 MILLER AVE,CUPERTINO,369-15-009,12370,0.284,SANTA CLARA,PUB,PUBLIC WORKS,0,0,0,,1995-03-10,1995-03-10,37.316393,-122.013635,40,PUBLIC WORKS -35; <1ac infill +20; owner +5,ATTOM taxassessor (Santa Clara County),,
3 Municipal,CITY OF SAN JOSE,,SAN JOSE,685-06-004,12197,0.280,SANTA CLARA,CN,PUBLIC WORKS,0,0,0,,2023-01-26,,37.267542,-121.822604,40,PUBLIC WORKS -35; <1ac infill +20; owner +5,ATTOM taxassessor (Santa Clara County),,
3 Municipal,MT VIEW CITY,,MOUNTAIN VIEW,148-15-014,11630,0.267,SANTA CLARA,PUB,PUBLIC WORKS,0,0,0,,,1974-07-08,37.407103,-122.110281,40,PUBLIC WORKS -35; <1ac infill +20; owner +5,ATTOM taxassessor (Santa Clara County),,
3 Municipal,SAN FRANCISCO CITY & COUNTY OF,,PALO ALTO,167-04-001,10454,0.240,SANTA CLARA,PF,PUBLIC WORKS,10147,0,10147,0.000,,,37.401219,-122.12479,40,PUBLIC WORKS -35; <1ac infill +20; owner +5,ATTOM taxassessor (Santa Clara County),,
2 Santa Clara County,SANTA CLARA COUNTY,,SAN JOSE,678-93-038,9891,0.227,SANTA CLARA,LI,PUBLIC WORKS,0,0,0,,,,37.256789,-121.790572,40,PUBLIC WORKS -35; <1ac infill +20; owner +5,ATTOM taxassessor (Santa Clara County),,
4 School / Public Ed,SAN JOSE UNIFIED SCHOOL DIST,86 N 6TH ST,SAN JOSE,467-19-053,9453,0.217,SANTA CLARA,C3,PUBLIC WORKS,0,0,0,,2001-02-05,,37.34002,-121.885793,40,PUBLIC WORKS -35; <1ac infill +20; owner +5,ATTOM taxassessor (Santa Clara County),,
3 Municipal,SAN JOSE CITY,,SAN JOSE,692-26-041,8953,0.206,SANTA CLARA,C1H,PUBLIC WORKS,0,0,0,,,,37.250013,-121.830538,40,PUBLIC WORKS -35; <1ac infill +20; owner +5,ATTOM taxassessor (Santa Clara County),,
3 Municipal,SAN FRANCISCO CITY & COUNTY OF,,SAN JOSE,097-07-013,8000,0.184,SANTA CLARA,IP,PUBLIC WORKS,2575,0,2575,0.000,,,37.408962,-121.942222,40,PUBLIC WORKS -35; <1ac infill +20; owner +5,ATTOM taxassessor (Santa Clara County),,
2 Santa Clara County,SANTA CLARA VTA,,SAN JOSE,458-11-029,7841,0.000,SANTA CLARA,A-20S,OTHER / UNKNOWN,0,0,0,,2011-06-29,,37.258262,-121.860003,40,<1ac infill +20; owner -15; zoning A-20S -15,ATTOM taxassessor (Santa Clara County),,
3 Municipal,SAN JOSE CITY,298 W SAN CARLOS ST,SAN JOSE,264-28-158,7840,0.180,SANTA CLARA,C3,PUBLIC WORKS,0,0,0,,1993-12-23,1993-12-23,37.328575,-121.892016,40,PUBLIC WORKS -35; <1ac infill +20; owner +5,ATTOM taxassessor (Santa Clara County),,
3 Municipal,SAN FRANCISCO CITY & COUNTY OF,,PALO ALTO,167-04-002,6970,0.160,SANTA CLARA,PF,PUBLIC WORKS,10147,0,10147,0.000,,,37.401079,-122.126313,40,PUBLIC WORKS -35; <1ac infill +20; owner +5,ATTOM taxassessor (Santa Clara County),,
3 Municipal,SAN FRANCISCO CITY & CO OF SFPUC,,MOUNTAIN VIEW,160-04-017,6970,0.160,SANTA CLARA,PF,PUBLIC WORKS,29346,0,29346,0.000,,,37.401552,-122.065195,40,PUBLIC WORKS -35; <1ac infill +20; owner +5,ATTOM taxassessor (Santa Clara County),,
3 Municipal,CITY OF SAN JOSE,,SAN JOSE,467-12-005,6480,0.149,SANTA CLARA,CG,PUBLIC WORKS,0,0,0,,2006-03-23,2006-03-23,37.345527,-121.871556,40,PUBLIC WORKS -35; <1ac infill +20; owner +5,ATTOM taxassessor (Santa Clara County),,
3 Municipal,CITY OF SAN JOSE,456 AUTUMN CT,SAN JOSE,259-29-041,6000,0.138,SANTA CLARA,LI,PUBLIC WORKS,0,0,0,,2016-05-23,2009-04-10,37.335408,-121.900837,40,PUBLIC WORKS -35; <1ac infill +20; owner +5,ATTOM taxassessor (Santa Clara County),,
2 Santa Clara County,SANTA CLARA VALLEY OPEN SPACE AUTHORITY,,SAN JOSE,742-12-008,165200,3.793,SANTA CLARA,R120,Residential,0,0,0,,,2003-02-14,37.147355,-121.777607,39,Residential +10; 1-5ac +12; owner -45; zoning R120 +12,ATTOM taxassessor (Santa Clara County),,
3 Municipal,CITY OF SAN JOSE,,SAN JOSE,595-07-012,819364,18.810,SANTA CLARA,R1-1,AGRICULTURE / FARMING,0,0,0,,1992-04-13,,37.398678,-121.810046,37,AGRICULTURE / FARMING -25; 5-20ac -5; owner +5; zoning R1-1 +12,ATTOM taxassessor (Santa Clara County),,
2 Santa Clara County,SANTA CLARA COUNTY,,SAN JOSE,725-15-001,635646,14.592,SANTA CLARA,R1B1,AGRICULTURE / FARMING,0,0,0,,,1974-12-23,37.21951,-121.741853,37,AGRICULTURE / FARMING -25; 5-20ac -5; owner +5; zoning R1B1 +12,ATTOM taxassessor (Santa Clara County),,
2 Santa Clara County,SANTA CLARA VALLEY HABITAT AGENCY,,SAN JOSE,708-21-004,509380,11.694,SANTA CLARA,R18PD,VACANT LAND,0,0,0,,2022-11-22,2022-11-22,37.21644,-121.762582,37,VACANT LAND +25; 5-20ac -5; owner -45; zoning R18PD +12,ATTOM taxassessor (Santa Clara County),,
4 School / Public Ed,MORGAN HILL UNIFIED S D,AVENIDA GRANDE,SAN JOSE,706-26-013,348480,8.000,SANTA CLARA,R1-8P,AGRICULTURE / FARMING,0,0,0,,,1974-10-04,37.227897,-121.769947,37,AGRICULTURE / FARMING -25; 5-20ac -5; owner +5; zoning R1-8P +12,ATTOM taxassessor (Santa Clara County),,
3 Municipal,SAN JOSE CITY,,SAN JOSE,577-03-007,295337,6.780,SANTA CLARA,R1B8,AGRICULTURE / FARMING,0,0,0,,1998-10-29,1998-10-29,37.232626,-121.892262,37,AGRICULTURE / FARMING -25; 5-20ac -5; owner +5; zoning R1B8 +12,ATTOM taxassessor (Santa Clara County),,
2 Santa Clara County,SANTA CLARA COUNTY TRANSIT DIST,,SAN JOSE,458-11-020,163492,3.753,SANTA CLARA,A-20S,COMMERCIAL,0,0,0,,,1989-06-05,37.257865,-121.861232,37,COMMERCIAL +5; 1-5ac +12; owner -15; zoning A-20S -15,ATTOM taxassessor (Santa Clara County),,
2 Santa Clara County,SANTA CLARA COUNTY TRANSIT DIST,5300 TERNER WAY,SAN JOSE,458-11-019,52707,1.210,SANTA CLARA,A-20S,COMMERCIAL,0,0,0,,,1989-06-05,37.257951,-121.862226,37,COMMERCIAL +5; 1-5ac +12; owner -15; zoning A-20S -15,ATTOM taxassessor (Santa Clara County),,
2 Santa Clara County,VALLEY WATER SANTA CLARA,,SAN JOSE,230-38-118,9231,0.212,SANTA CLARA,R1-8,OTHER / UNKNOWN,0,0,0,,2013-04-09,2008-12-22,37.350725,-121.910351,37,<1ac infill +20; owner -45; zoning R1-8 +12,ATTOM taxassessor (Santa Clara County),,
3 Municipal,MT VIEW CITY,2700 N SHORELINE BLVD,MOUNTAIN VIEW,116-05-076,3128227,71.814,SANTA CLARA,PF,Commercial,0,0,0,,,,37.430217,-122.082572,35,Commercial +5; 20-100ac big -25; owner +5,ATTOM taxassessor (Santa Clara County),,
3 Municipal,CITY OF MOUNTAIN VIEW,2600 N SHORELINE BLVD,MOUNTAIN VIEW,116-20-042,2888370,66.308,SANTA CLARA,P(34),COMMERCIAL,0,0,0,,1996-12-19,,37.425746,-122.083759,35,COMMERCIAL +5; 20-100ac big -25; owner +5,ATTOM taxassessor (Santa Clara County),,
5 State of California,STATE CALIFORNIA,,SANTA CLARA,104-01-109,2166468,49.735,SANTA CLARA,LI,VACANT LAND,0,0,0,,,1991-04-04,37.415779,-121.983765,35,VACANT LAND +25; 20-100ac big -25; owner -15,ATTOM taxassessor (Santa Clara County),,
2 Santa Clara County,SANTA CLARA COUNTY,999 E CARIBBEAN DR,SUNNYVALE,110-05-014,1978433,45.419,SANTA CLARA,SU,Commercial,0,0,0,,,1973-03-15,37.415665,-121.99254,35,Commercial +5; 20-100ac big -25; owner +5,ATTOM taxassessor (Santa Clara County),,
3 Municipal,MT VIEW CITY,1594 CHARLESTON RD,MOUNTAIN VIEW,116-20-043,1676189,38.480,SANTA CLARA,PF,COMMERCIAL,0,0,0,,,,37.42601,-122.079843,35,COMMERCIAL +5; 20-100ac big -25; owner +5,ATTOM taxassessor (Santa Clara County),,
3 Municipal,SAN JOSE CITY,368 EDUCATIONAL PARK DR,SAN JOSE,254-08-009,1348750,30.963,SANTA CLARA,SJ,Commercial,0,0,0,,,,37.364687,-121.854721,35,Commercial +5; 20-100ac big -25; owner +5,ATTOM taxassessor (Santa Clara County),,
3 Municipal,SAN JOSE CITY,1560 OAKLAND RD,SAN JOSE,241-14-001,1252786,28.760,SANTA CLARA,SJ,Commercial,0,0,0,,,,37.376842,-121.891808,35,Commercial +5; 20-100ac big -25; owner +5,ATTOM taxassessor (Santa Clara County),,
3 Municipal,SUNNYVALE CITY,605 MACARA AVE,SUNNYVALE,165-39-015,1208643,27.747,SANTA CLARA,M1,Commercial,0,0,0,,,,37.396299,-122.041641,35,Commercial +5; 20-100ac big -25; owner +5,ATTOM taxassessor (Santa Clara County),,
4 School / Public Ed,UNION H S D FREMONT,10100 FINCH AVE,CUPERTINO,375-06-002,1206999,27.709,SANTA CLARA,CU,Commercial,0,0,0,,,,37.319696,-122.00907,35,Commercial +5; 20-100ac big -25; owner +5,ATTOM taxassessor (Santa Clara County),,
3 Municipal,SAN JOSE CITY,2251 AIRPORT BLVD,SAN JOSE,230-02-021,1117137,25.646,SANTA CLARA,SJ,Commercial,0,0,0,,,,37.374375,-121.936336,35,Commercial +5; 20-100ac big -25; owner +5,ATTOM taxassessor (Santa Clara County),,
4 School / Public Ed,SANTA CLARA UNIFIED S D,2550 CABRILLO AVE,SANTA CLARA,216-05-009,1116170,25.624,SANTA CLARA,SC,Commercial,0,0,0,,,,37.357798,-121.970924,35,Commercial +5; 20-100ac big -25; owner +5,ATTOM taxassessor (Santa Clara County),,
3 Municipal,SAN JOSE CITY,2995 TUERS RD,SAN JOSE,499-34-001,1072447,24.620,SANTA CLARA,SJ,Commercial,0,0,0,,,1977-08-26,37.30246,-121.830937,35,Commercial +5; 20-100ac big -25; owner +5,ATTOM taxassessor (Santa Clara County),,
4 School / Public Ed,ROCK UNION S D ALUM,1720 HOPKINS DR,SAN JOSE,486-27-001,1022436,23.472,SANTA CLARA,SJ,Commercial,0,0,0,,,,37.337809,-121.829651,35,Commercial +5; 20-100ac big -25; owner +5,ATTOM taxassessor (Santa Clara County),,
4 School / Public Ed,GROVE S D OAK,4955 EDENVIEW DR,SAN JOSE,684-25-001,1011306,23.216,SANTA CLARA,SJ,Commercial,0,0,0,,,,37.267656,-121.813567,35,Commercial +5; 20-100ac big -25; owner +5,ATTOM taxassessor (Santa Clara County),,
3 Municipal,SANTA CLARA CITY,4900 MARIE P DEBARTOLO WAY,SANTA CLARA,104-43-055,975918,22.404,SANTA CLARA,PD,COMMERCIAL,0,0,0,,,,37.403055,-121.969639,35,COMMERCIAL +5; 20-100ac big -25; owner +5,ATTOM taxassessor (Santa Clara County),,
4 School / Public Ed,SAN JOSE UNIFIED S D,1260 BRANHAM LN,SAN JOSE,569-01-054,965223,22.159,SANTA CLARA,SJ,Commercial,0,0,0,,,,37.260482,-121.881531,35,Commercial +5; 20-100ac big -25; owner +5,ATTOM taxassessor (Santa Clara County),,
4 School / Public Ed,UNION S D BERRYESSA,925 PIEDMONT RD,SAN JOSE,591-17-001,964174,22.134,SANTA CLARA,SJ,Commercial,0,0,0,,,,37.392411,-121.845566,35,Commercial +5; 20-100ac big -25; owner +5,ATTOM taxassessor (Santa Clara County),,
4 School / Public Ed,WEST VALLEYMISSION COMMUNITY COLLEGE DIST,3113 MISSION COLLEGE BLVD,SANTA CLARA,104-16-112,891250,20.460,SANTA CLARA,SC,Commercial,0,0,0,,,,37.389194,-121.983399,35,Commercial +5; 20-100ac big -25; owner +5,ATTOM taxassessor (Santa Clara County),,
4 School / Public Ed,UNION S D CAMPBELL,295 CHERRY LN,CAMPBELL,305-29-002,875943,20.109,SANTA CLARA,P-F,Commercial,0,0,0,,,1968-04-29,37.282772,-121.956447,35,Commercial +5; 20-100ac big -25; owner +5,ATTOM taxassessor (Santa Clara County),,
3 Municipal,SAN JOSE CITY,,SAN JOSE,497-48-004,828047,19.009,SANTA CLARA,A,OTHER / UNKNOWN,0,0,0,,,1976-11-26,37.299926,-121.833815,35,5-20ac -5; owner +5; zoning A -15,ATTOM taxassessor (Santa Clara County),,
2 Santa Clara County,SANTA CLARA COUNTY TRANSIT DIST,2440 S 10TH ST,SAN JOSE,477-21-088,827515,18.997,SANTA CLARA,SJ,Commercial,0,0,0,,,1988-07-15,37.307186,-121.855184,35,Commercial +5; 5-20ac -5; owner -15,ATTOM taxassessor (Santa Clara County),,
3 Municipal,SAN JOSE CITY,,SAN JOSE,097-33-032,823720,18.910,SANTA CLARA,A(PD),OTHER / UNKNOWN,0,0,0,,,1981-08-26,37.404518,-121.921776,35,5-20ac -5; owner +5; zoning A(PD) -15,ATTOM taxassessor (Santa Clara County),,
2 Santa Clara County,SANTA CLARA COUNTY,,SAN JOSE,679-06-006,279004,6.405,SANTA CLARA,A1-25,OTHER / UNKNOWN,0,0,0,,,,37.278414,-121.805006,35,5-20ac -5; owner +5; zoning A1-25 -15,ATTOM taxassessor (Santa Clara County),,
5 State of California,CALIFORNIA STATE,444 W ALMA AVE,SAN JOSE,434-20-024,262610,6.029,SANTA CLARA,SJ,Commercial,0,0,0,,,1986-09-30,37.308901,-121.882417,35,Commercial +5; 5-20ac -5; owner -15,ATTOM taxassessor (Santa Clara County),,
3 Municipal,SAN JOSE CITY,1924 YERBA BUENA RD,SAN JOSE,679-14-001,43124,0.990,SANTA CLARA,APD,AGRICULTURE / FARMING,0,0,0,,,1978-10-19,37.299317,-121.801647,35,AGRICULTURE / FARMING -25; <1ac infill +20; owner +5; zoning APD -15,ATTOM taxassessor (Santa Clara County),,
3 Municipal,SAN JOSE CITY,,SAN JOSE,659-56-001,34630,0.795,SANTA CLARA,A,AGRICULTURE / FARMING,0,0,0,,,,37.313015,-121.775327,35,AGRICULTURE / FARMING -25; <1ac infill +20; owner +5; zoning A -15,ATTOM taxassessor (Santa Clara County),,
3 Municipal,SAN JOSE CITY (CA),,SAN JOSE,679-17-023,33105,0.760,SANTA CLARA,A,AGRICULTURE / FARMING,0,0,0,,2002-09-04,,37.294582,-121.788512,35,AGRICULTURE / FARMING -25; <1ac infill +20; owner +5; zoning A -15,ATTOM taxassessor (Santa Clara County),,
3 Municipal,SAN JOSE CITY,,SAN JOSE,706-04-022,29227,0.000,SANTA CLARA,A140,AGRICULTURE / FARMING,0,0,0,,,,37.240919,-121.793811,35,AGRICULTURE / FARMING -25; <1ac infill +20; owner +5; zoning A140 -15,ATTOM taxassessor (Santa Clara County),,
3 Municipal,SAN JOSE CITY,,SAN JOSE,659-51-010,21830,0.501,SANTA CLARA,A,AGRICULTURE / FARMING,0,0,0,,,,37.312584,-121.775816,35,AGRICULTURE / FARMING -25; <1ac infill +20; owner +5; zoning A -15,ATTOM taxassessor (Santa Clara County),,
2 Santa Clara County,SANTA CLARA COUNTY,,SAN JOSE,627-03-008,21780,0.500,SANTA CLARA,AR-SR,AGRICULTURE / FARMING,0,0,0,,,1980-04-01,37.346028,-121.724834,35,AGRICULTURE / FARMING -25; <1ac infill +20; owner +5; zoning AR-SR -15,ATTOM taxassessor (Santa Clara County),,
3 Municipal,CITY OF SAN JOSE,,SAN JOSE,659-52-048,14374,0.330,SANTA CLARA,A,AGRICULTURE / FARMING,0,0,0,,2006-01-18,2006-01-18,37.32321,-121.769714,35,AGRICULTURE / FARMING -25; <1ac infill +20; owner +5; zoning A -15,ATTOM taxassessor (Santa Clara County),,
2 Santa Clara County,SANTA CLARA COUNTY,325 CASSELINO DR,SAN JOSE,742-12-009,40205880,923.000,SANTA CLARA,R120,Residential,0,0,0,,,,37.156307,-121.771895,32,Residential +10; >100ac whole-area -45; owner +5; zoning R120 +12,ATTOM taxassessor (Santa Clara County),,
4 School / Public Ed,SAN JOSE UNIFIED S D,,SAN JOSE,261-04-015,216493,4.970,SANTA CLARA,SJ,PUBLIC WORKS,0,0,0,,,1988-02-17,37.334352,-121.913721,32,PUBLIC WORKS -35; 1-5ac +12; owner +5,ATTOM taxassessor (Santa Clara County),,
2 Santa Clara County,SANTA CLARA COUNTY,55 W YOUNGER AVE,SAN JOSE,230-36-077,214750,4.930,SANTA CLARA,SJ,PUBLIC WORKS,0,0,0,,,,37.35505,-121.906277,32,PUBLIC WORKS -35; 1-5ac +12; owner +5,ATTOM taxassessor (Santa Clara County),,
2 Santa Clara County,SANTA CLARA COUNTY,,SAN JOSE,575-09-013,207254,4.758,SANTA CLARA,HS-SR,PUBLIC WORKS,0,0,0,,,1991-07-19,37.203184,-121.890042,32,PUBLIC WORKS -35; 1-5ac +12; owner +5,ATTOM taxassessor (Santa Clara County),,
4 School / Public Ed,S D CAMBRIAN,4115 JACKSOL DR,SAN JOSE,421-02-089,206910,4.750,SANTA CLARA,LI,PUBLIC WORKS,0,0,0,,,,37.257182,-121.941174,32,PUBLIC WORKS -35; 1-5ac +12; owner +5,ATTOM taxassessor (Santa Clara County),,
3 Municipal,SAN JOSE CITY,,SAN JOSE,494-24-015,204704,4.699,SANTA CLARA,SJ,PUBLIC WORKS,0,0,0,,,1973-02-08,37.297084,-121.823621,32,PUBLIC WORKS -35; 1-5ac +12; owner +5,ATTOM taxassessor (Santa Clara County),,
4 School / Public Ed,SAN JOSE UNIFIED S D,,SAN JOSE,264-56-091,199940,4.590,SANTA CLARA,SJ,PUBLIC WORKS,0,0,0,,,,37.310095,-121.9008,32,PUBLIC WORKS -35; 1-5ac +12; owner +5,ATTOM taxassessor (Santa Clara County),,
2 Santa Clara County,SANTA CLARA COUNTY,,SAN JOSE,583-23-012,196323,4.507,SANTA CLARA,HS-SR,PUBLIC WORKS,0,0,0,,,1973-07-23,37.162644,-121.841115,32,PUBLIC WORKS -35; 1-5ac +12; owner +5,ATTOM taxassessor (Santa Clara County),,
3 Municipal,SAN JOSE CITY,,SANTA CLARA,230-03-074,196020,4.500,SANTA CLARA,M2,PUBLIC WORKS,92345,0,92345,0.000,,,37.372769,-121.942377,32,PUBLIC WORKS -35; 1-5ac +12; owner +5,ATTOM taxassessor (Santa Clara County),,
3 Municipal,SANTA CLARA CITY,,SANTA CLARA,104-03-042,188633,4.330,SANTA CLARA,PD,PUBLIC WORKS,0,0,0,,2021-02-18,2021-02-18,37.406127,-121.96885,32,PUBLIC WORKS -35; 1-5ac +12; owner +5,ATTOM taxassessor (Santa Clara County),,
3 Municipal,SAN FRANCISCO CITY & COUNTY OF,GREAT AMERICA PKWY,SANTA CLARA,104-43-004,188615,4.330,SANTA CLARA,PM,PUBLIC WORKS,66138,0,66138,0.000,,,37.39961,-121.973809,32,PUBLIC WORKS -35; 1-5ac +12; owner +5,ATTOM taxassessor (Santa Clara County),,
3 Municipal,SAN FRANCISCO CITY & COUNTY OF,,SAN JOSE,097-07-004,179032,4.110,SANTA CLARA,IP,PUBLIC WORKS,59750,0,59750,0.000,,,37.410332,-121.938545,32,PUBLIC WORKS -35; 1-5ac +12; owner +5,ATTOM taxassessor (Santa Clara County),,
3 Municipal,CITY OF SAN JOSE,,SAN JOSE,660-49-005,175546,4.030,SANTA CLARA,HS,PUBLIC WORKS,0,0,0,,2013-11-04,2013-11-04,37.272917,-121.74069,32,PUBLIC WORKS -35; 1-5ac +12; owner +5,ATTOM taxassessor (Santa Clara County),,
4 School / Public Ed,SAN JOSE UNIFIED S D,,SAN JOSE,472-25-095,173368,3.980,SANTA CLARA,SJ,PUBLIC WORKS,0,0,0,,,,37.329022,-121.877313,32,PUBLIC WORKS -35; 1-5ac +12; owner +5,ATTOM taxassessor (Santa Clara County),,
3 Municipal,CITY OF SAN JOSE,,SAN JOSE,660-46-001,172062,3.950,SANTA CLARA,HS,PUBLIC WORKS,0,0,0,,2013-11-04,2013-11-04,37.277548,-121.739686,32,PUBLIC WORKS -35; 1-5ac +12; owner +5,ATTOM taxassessor (Santa Clara County),,
3 Municipal,SAN FRANCISCO CITY & CO OF,,MOUNTAIN VIEW,160-53-001,153331,3.520,SANTA CLARA,ML,PUBLIC WORKS,256608,0,256608,0.000,,,37.400726,-122.055349,32,PUBLIC WORKS -35; 1-5ac +12; owner +5,ATTOM taxassessor (Santa Clara County),,
3 Municipal,SANTA CLARA CITY,,SANTA CLARA,097-08-111,148016,3.398,SANTA CLARA,I,PUBLIC WORKS,0,0,0,,,,37.400345,-121.946869,32,PUBLIC WORKS -35; 1-5ac +12; owner +5,ATTOM taxassessor (Santa Clara County),,
4 School / Public Ed,SAN JOSE UNIFIED SCHOOL DISTRI,1402 MONTEREY HWY,SAN JOSE,477-07-012,147232,3.380,SANTA CLARA,CIC,PUBLIC WORKS,0,0,0,,2015-11-12,2015-11-12,37.316637,-121.872387,32,PUBLIC WORKS -35; 1-5ac +12; owner +5,ATTOM taxassessor (Santa Clara County),,
3 Municipal,SAN JOSE CITY,277 MARTINVALE LN,SAN JOSE,230-02-007,141570,3.250,SANTA CLARA,LI,PUBLIC WORKS,0,0,0,,,,37.359327,-121.933147,32,PUBLIC WORKS -35; 1-5ac +12; owner +5,ATTOM taxassessor (Santa Clara County),,
3 Municipal,SUNNYVALE CITY,700 ALL AMERICA WAY,SUNNYVALE,165-02-003,135000,3.099,SANTA CLARA,C2,PUBLIC WORKS,0,0,0,,2010-08-26,2010-08-26,37.370426,-122.039862,32,PUBLIC WORKS -35; 1-5ac +12; owner +5,ATTOM taxassessor (Santa Clara County),,
3 Municipal,SAN FRANCISCO CITY & CO OF,,SAN JOSE,097-84-022,132628,3.045,SANTA CLARA,IP,PUBLIC WORKS,0,0,0,,,1971-03-12,37.412085,-121.933783,32,PUBLIC WORKS -35; 1-5ac +12; owner +5,ATTOM taxassessor (Santa Clara County),,
5 State of California,CALIFORNIA STATE,,SAN JOSE,627-05-004,132269,3.037,SANTA CLARA,AR-SR,OTHER / UNKNOWN,0,0,0,,,1981-07-23,37.32281,-121.669155,32,1-5ac +12; owner -15; zoning AR-SR -15,ATTOM taxassessor (Santa Clara County),,
4 School / Public Ed,SAN JOSE UNIFIED S D,55 N 7TH ST,SAN JOSE,467-19-052,129373,2.970,SANTA CLARA,SJ,PUBLIC WORKS,0,0,0,,,1976-02-11,37.339588,-121.885177,32,PUBLIC WORKS -35; 1-5ac +12; owner +5,ATTOM taxassessor (Santa Clara County),,
3 Municipal,SANTA CLARA CITY,,SANTA CLARA,104-03-043,124728,2.863,SANTA CLARA,PD,PUBLIC WORKS,0,0,0,,2021-02-18,2021-02-18,37.405236,-121.970811,32,PUBLIC WORKS -35; 1-5ac +12; owner +5,ATTOM taxassessor (Santa Clara County),,
3 Municipal,SAN JOSE CITY,,SAN JOSE,690-17-033,121994,2.801,SANTA CLARA,SJ,PUBLIC WORKS,0,0,0,,,1977-09-16,37.256427,-121.824365,32,PUBLIC WORKS -35; 1-5ac +12; owner +5,ATTOM taxassessor (Santa Clara County),,
3 Municipal,SAN FRANCISCO CITY & COUNTY OF,,SUNNYVALE,110-13-036,115870,2.660,SANTA CLARA,M1,PUBLIC WORKS,116207,0,116207,0.000,,,37.398644,-122.019673,32,PUBLIC WORKS -35; 1-5ac +12; owner +5,ATTOM taxassessor (Santa Clara County),,
2 Santa Clara County,SANTA CLARA COUNTY,976 LENZEN AVE,SAN JOSE,261-03-025,113559,0.000,SANTA CLARA,M1,PUBLIC WORKS,0,0,0,,,1974-08-22,37.334285,-121.911793,32,PUBLIC WORKS -35; 1-5ac +12; owner +5,ATTOM taxassessor (Santa Clara County),,
4 School / Public Ed,SAN JOSE UNIFIED S D,,SAN JOSE,264-37-012,111078,2.550,SANTA CLARA,SJ,PUBLIC WORKS,0,0,0,,,,37.321241,-121.881525,32,PUBLIC WORKS -35; 1-5ac +12; owner +5,ATTOM taxassessor (Santa Clara County),,
3 Municipal,CITY OF SAN JOSE,,SAN JOSE,660-49-031,109335,2.510,SANTA CLARA,HS,PUBLIC WORKS,0,0,0,,2013-11-04,2013-11-04,37.272632,-121.742825,32,PUBLIC WORKS -35; 1-5ac +12; owner +5,ATTOM taxassessor (Santa Clara County),,
3 Municipal,SAN FRANCISCO CITY & CO OF,,PALO ALTO,167-04-015,107158,2.460,SANTA CLARA,PF,PUBLIC WORKS,85088,0,85088,0.000,,,37.400916,-122.12756,32,PUBLIC WORKS -35; 1-5ac +12; owner +5,ATTOM taxassessor (Santa Clara County),,
3 Municipal,SAN FRANCISCO CITY & CO OF,,SUNNYVALE,110-14-189,105415,2.420,SANTA CLARA,M1,PUBLIC WORKS,101644,0,101644,0.000,,,37.397608,-122.014941,32,PUBLIC WORKS -35; 1-5ac +12; owner +5,ATTOM taxassessor (Santa Clara County),,
3 Municipal,PALO ALTO CITY,1431 WAVERLEY ST,PALO ALTO,124-07-040,103672,2.380,SANTA CLARA,PF,PUBLIC WORKS,0,0,0,,1996-02-12,1996-02-12,37.439994,-122.148277,32,PUBLIC WORKS -35; 1-5ac +12; owner +5,ATTOM taxassessor (Santa Clara County),,
2 Santa Clara County,SANTA CLARA COUNTY,VACANT LOT,SAN JOSE,742-12-007,103237,2.370,SANTA CLARA,HS-SR,PUBLIC WORKS,0,0,0,,1999-01-19,1999-01-19,37.148535,-121.764081,32,PUBLIC WORKS -35; 1-5ac +12; owner +5,ATTOM taxassessor (Santa Clara County),,
2 Santa Clara County,SANTA CLARA COUNTY,,SAN JOSE,583-23-014,103159,2.368,SANTA CLARA,HS,PUBLIC WORKS,0,0,0,,,,37.163829,-121.8333,32,PUBLIC WORKS -35; 1-5ac +12; owner +5,ATTOM taxassessor (Santa Clara County),,
3 Municipal,CITY OF SAN JOSE,,SAN JOSE,660-46-016,102801,2.360,SANTA CLARA,HS,PUBLIC WORKS,0,0,0,,2013-11-04,2013-11-04,37.276357,-121.742023,32,PUBLIC WORKS -35; 1-5ac +12; owner +5,ATTOM taxassessor (Santa Clara County),,
3 Municipal,SAN JOSE CITY,107 BALBACH ST,SAN JOSE,264-30-136,102528,2.354,SANTA CLARA,CG,PUBLIC WORKS,0,0,0,,2011-03-09,2011-03-09,37.328643,-121.887053,32,PUBLIC WORKS -35; 1-5ac +12; owner +5,ATTOM taxassessor (Santa Clara County),,
3 Municipal,SAN FRANCISCO CITY & COUNTY OF,,MOUNTAIN VIEW,160-04-019,96703,2.220,SANTA CLARA,PF,PUBLIC WORKS,352047,0,352047,0.000,,,37.401389,-122.067451,32,PUBLIC WORKS -35; 1-5ac +12; owner +5,ATTOM taxassessor (Santa Clara County),,
3 Municipal,SAN FRANCISCO CITY & COUNTY OF,CLYDE AVE,MOUNTAIN VIEW,160-55-018,94090,2.160,SANTA CLARA,ML,PUBLIC WORKS,53934,0,53934,0.000,,,37.39898,-122.045982,32,PUBLIC WORKS -35; 1-5ac +12; owner +5,ATTOM taxassessor (Santa Clara County),,
2 Santa Clara County,COUNTY OF SANTA CLARA,,SAN JOSE,678-08-047,91911,2.110,SANTA CLARA,IP,PUBLIC WORKS,0,0,0,,2020-10-23,2020-10-23,37.255606,-121.778703,32,PUBLIC WORKS -35; 1-5ac +12; owner +5,ATTOM taxassessor (Santa Clara County),,
3 Municipal,SAN FRANCISCO CITY & COUNTY OF,,MOUNTAIN VIEW,160-55-017,88862,2.040,SANTA CLARA,ML,PUBLIC WORKS,112866,0,112866,0.000,,,37.399484,-122.048684,32,PUBLIC WORKS -35; 1-5ac +12; owner +5,ATTOM taxassessor (Santa Clara County),,
3 Municipal,PALO ALTO CITY,250 HAMILTON AVE,PALO ALTO,120-27-011,88426,2.030,SANTA CLARA,PA,PUBLIC WORKS,0,0,0,,,,37.444406,-122.160034,32,PUBLIC WORKS -35; 1-5ac +12; owner +5,ATTOM taxassessor (Santa Clara County),,
3 Municipal,SAN FRANCISCO CITY & CO OF,,MOUNTAIN VIEW,150-26-005,85377,1.960,SANTA CLARA,P(5),PUBLIC WORKS,247745,0,247745,0.000,,,37.401442,-122.080979,32,PUBLIC WORKS -35; 1-5ac +12; owner +5,ATTOM taxassessor (Santa Clara County),,
3 Municipal,SAN JOSE CITY,180 WOZ WAY,SAN JOSE,264-27-086,85377,1.960,SANTA CLARA,CG,PUBLIC WORKS,0,0,0,,,1975-02-07,37.326223,-121.891329,32,PUBLIC WORKS -35; 1-5ac +12; owner +5,ATTOM taxassessor (Santa Clara County),,
3 Municipal,CITY OF SANTA CLARA,,SANTA CLARA,290-26-043,83199,1.910,SANTA CLARA,PD,PUBLIC WORKS,0,0,0,,2018-09-14,2018-02-07,37.339793,-121.978688,32,PUBLIC WORKS -35; 1-5ac +12; owner +5,ATTOM taxassessor (Santa Clara County),,
3 Municipal,SANTA CLARA CITY,,SANTA CLARA,216-45-057,81014,1.860,SANTA CLARA,ML,PUBLIC WORKS,0,0,0,,,,37.380487,-121.970803,32,PUBLIC WORKS -35; 1-5ac +12; owner +5,ATTOM taxassessor (Santa Clara County),,
3 Municipal,SAN FRANCISCO CITY & CO OF,,SUNNYVALE,165-40-006,77537,1.780,SANTA CLARA,M1,PUBLIC WORKS,56991,0,56991,0.000,,1974-01-30,37.397787,-122.035053,32,PUBLIC WORKS -35; 1-5ac +12; owner +5,ATTOM taxassessor (Santa Clara County),,
3 Municipal,SUNNYVALE CITY,,SUNNYVALE,110-02-071,76426,1.755,SANTA CLARA,M3,PUBLIC WORKS,0,0,0,,1998-12-23,1998-12-23,37.402113,-122.032957,32,PUBLIC WORKS -35; 1-5ac +12; owner +5,ATTOM taxassessor (Santa Clara County),,
3 Municipal,SAN FRANCISCO CITY & COUNTY OF SFPU,SHOWERS DR,MOUNTAIN VIEW,148-22-014,75980,1.744,SANTA CLARA,P(9),PUBLIC WORKS,357311,0,357311,0.000,2015-04-03,2015-04-03,37.402703,-122.108582,32,PUBLIC WORKS -35; 1-5ac +12; owner +5,ATTOM taxassessor (Santa Clara County),,
2 Santa Clara County,SANTA CLARA COUNTY,2410 SENTER RD,SAN JOSE,497-41-099,75663,1.737,SANTA CLARA,CO,PUBLIC WORKS,0,0,0,,1997-01-09,,37.307463,-121.84625,32,PUBLIC WORKS -35; 1-5ac +12; owner +5,ATTOM taxassessor (Santa Clara County),,
3 Municipal,SAN JOSE CITY,1888 WOODCREEK LN,SAN JOSE,477-20-135,75265,1.728,SANTA CLARA,SJ,PUBLIC WORKS,0,0,0,,,1988-11-01,37.316616,-121.854218,32,PUBLIC WORKS -35; 1-5ac +12; owner +5,ATTOM taxassessor (Santa Clara County),,
3 Municipal,SAN JOSE CITY,,SAN JOSE,455-13-036,74760,1.716,SANTA CLARA,,PUBLIC WORKS,0,0,0,,,,37.284727,-121.878118,32,PUBLIC WORKS -35; 1-5ac +12; owner +5,ATTOM taxassessor (Santa Clara County),,
3 Municipal,SAN JOSE CITY,,SAN JOSE,577-10-050,73522,1.688,SANTA CLARA,SJ,PUBLIC WORKS,0,0,0,,,1973-06-01,37.23262,-121.875559,32,PUBLIC WORKS -35; 1-5ac +12; owner +5,ATTOM taxassessor (Santa Clara County),,
3 Municipal,CITY OF CUPERTINO,,CUPERTINO,356-05-005,67953,1.560,SANTA CLARA,HS,PUBLIC WORKS,0,0,0,,2021-01-29,2018-05-25,37.312842,-122.063962,32,PUBLIC WORKS -35; 1-5ac +12; owner +5,ATTOM taxassessor (Santa Clara County),,
3 Municipal,SAN FRANCISCO CITY & CO OF,,MOUNTAIN VIEW,160-55-001,66647,1.530,SANTA CLARA,ML,PUBLIC WORKS,66014,0,66014,0.000,,,37.399933,-122.051376,32,PUBLIC WORKS -35; 1-5ac +12; owner +5,ATTOM taxassessor (Santa Clara County),,
3 Municipal,SAN FRANCISCO CITY & COUNTY OF,,MOUNTAIN VIEW,148-29-021,65340,1.500,SANTA CLARA,P(11),PUBLIC WORKS,236099,0,236099,0.000,,,37.401677,-122.105554,32,PUBLIC WORKS -35; 1-5ac +12; owner +5,ATTOM taxassessor (Santa Clara County),,
3 Municipal,SAN JOSE CITY,6025 SILVER CREEK VALLEY RD,SAN JOSE,679-02-013,64033,1.470,SANTA CLARA,1PC,PUBLIC WORKS,0,0,0,,,1983-07-19,37.258232,-121.789874,32,PUBLIC WORKS -35; 1-5ac +12; owner +5,ATTOM taxassessor (Santa Clara County),,
3 Municipal,JOSE CITY OF PUBLIC WORKS RE,,SAN JOSE,230-54-015,63398,1.455,SANTA CLARA,ML,PUBLIC WORKS,0,0,0,,2008-07-09,,37.346403,-121.925188,32,PUBLIC WORKS -35; 1-5ac +12; owner +5,ATTOM taxassessor (Santa Clara County),,
3 Municipal,SANTA CLARA CITY,2930 CORONADO DR,SANTA CLARA,216-46-022,61420,1.410,SANTA CLARA,MP,PUBLIC WORKS,0,0,0,,,,37.375042,-121.973093,32,PUBLIC WORKS -35; 1-5ac +12; owner +5,ATTOM taxassessor (Santa Clara County),,
3 Municipal,SAN FRANCISCO CITY & COUNTY OF,,MOUNTAIN VIEW,148-36-032,60984,1.400,SANTA CLARA,P(14),PUBLIC WORKS,247892,0,247892,0.000,,,37.399957,-122.100745,32,PUBLIC WORKS -35; 1-5ac +12; owner +5,ATTOM taxassessor (Santa Clara County),,
3 Municipal,SAN JOSE CITY,300 ALMADEN BLVD,SAN JOSE,264-29-098,58787,1.350,SANTA CLARA,SJ,PUBLIC WORKS,0,0,0,,,,37.329597,-121.889204,32,PUBLIC WORKS -35; 1-5ac +12; owner +5,ATTOM taxassessor (Santa Clara County),,
2 Santa Clara County,SANTA CLARA COUNTY,270 GRANT AVE,PALO ALTO,124-29-017,57934,1.330,SANTA CLARA,CC,PUBLIC WORKS,0,0,0,,,,37.427018,-122.141771,32,PUBLIC WORKS -35; 1-5ac +12; owner +5,ATTOM taxassessor (Santa Clara County),,
3 Municipal,SAN JOSE CITY,300 ALMADEN BLVD,SAN JOSE,264-29-097,54956,1.262,SANTA CLARA,SJ,PUBLIC WORKS,0,0,0,,,,37.329751,-121.889639,32,PUBLIC WORKS -35; 1-5ac +12; owner +5,ATTOM taxassessor (Santa Clara County),,
3 Municipal,SAN FRANCISCO CITY & CO OF SFPUC,,MOUNTAIN VIEW,158-50-193,53579,1.230,SANTA CLARA,P,PUBLIC WORKS,76200,0,76200,0.000,,,37.400795,-122.07132,32,PUBLIC WORKS -35; 1-5ac +12; owner +5,ATTOM taxassessor (Santa Clara County),,
3 Municipal,CITY OF MOUNTAIN VIEW,771 N RENGSTORFF AVE,MOUNTAIN VIEW,153-04-028,52709,1.210,SANTA CLARA,CS,PUBLIC WORKS,0,0,0,,2013-06-13,2013-06-13,37.413723,-122.091897,32,PUBLIC WORKS -35; 1-5ac +12; owner +5,ATTOM taxassessor (Santa Clara County),,
3 Municipal,SAN FRANCISCO CITY & CO OF SFPUC,HAMELIN CT,SUNNYVALE,110-07-022,49658,1.140,SANTA CLARA,M1,PUBLIC WORKS,79405,0,79405,0.000,,,37.400562,-122.030457,32,PUBLIC WORKS -35; 1-5ac +12; owner +5,ATTOM taxassessor (Santa Clara County),,
3 Municipal,SAN FRANCISCO CITY & COUNTY OF SFPU,545 SAN ANTONIO RD,MOUNTAIN VIEW,148-22-001,48138,1.105,SANTA CLARA,P(9),PUBLIC WORKS,369818,0,369818,0.000,2015-04-03,2015-04-03,37.403414,-122.11097,32,PUBLIC WORKS -35; 1-5ac +12; owner +5,ATTOM taxassessor (Santa Clara County),,
2 Santa Clara County,SANTA CLARA COUNTY,,PALO ALTO,124-29-008,47044,1.080,SANTA CLARA,CC,PUBLIC WORKS,0,0,0,,,,37.427237,-122.142189,32,PUBLIC WORKS -35; 1-5ac +12; owner +5,ATTOM taxassessor (Santa Clara County),,
3 Municipal,SANTA CLARA CITY,1350 HOPE DR,SANTA CLARA,097-08-061,46609,1.070,SANTA CLARA,I,PUBLIC WORKS,0,0,0,,2000-02-15,2000-02-15,37.400729,-121.953315,32,PUBLIC WORKS -35; 1-5ac +12; owner +5,ATTOM taxassessor (Santa Clara County),,
3 Municipal,PALO ALTO CITY,445 BRYANT ST,PALO ALTO,120-15-107,45490,1.044,SANTA CLARA,MIXED,PUBLIC WORKS,0,0,0,,,1977-06-17,37.44662,-122.162067,32,PUBLIC WORKS -35; 1-5ac +12; owner +5,ATTOM taxassessor (Santa Clara County),,
3 Municipal,SAN FRANCISCO CITY & CO OF,,SAN JOSE,097-84-023,45421,1.043,SANTA CLARA,IP,PUBLIC WORKS,0,0,0,,,1971-03-12,37.413807,-121.929461,32,PUBLIC WORKS -35; 1-5ac +12; owner +5,ATTOM taxassessor (Santa Clara County),,
3 Municipal,CITY OF SANTA CLARA,,SANTA CLARA,303-17-051,43560,1.000,SANTA CLARA,,PUBLIC WORKS,0,0,0,,2011-12-23,,37.326804,-121.954186,32,PUBLIC WORKS -35; 1-5ac +12; owner +5,ATTOM taxassessor (Santa Clara County),,
5 State of California,CALIFORNIA STATE,7140 SHARON DR,SAN JOSE,372-22-002,29251,0.672,SANTA CLARA,R1B2,PUBLIC WORKS,0,0,0,,2007-11-26,2007-11-26,37.29795,-122.029239,32,PUBLIC WORKS -35; <1ac infill +20; owner -15; zoning R1B2 +12,ATTOM taxassessor (Santa Clara County),,
2 Santa Clara County,SANTA CLARA COUNTY TRANSIT DIST,,SAN JOSE,462-02-024,16755,0.000,SANTA CLARA,R110,PUBLIC WORKS,0,0,0,,,1982-09-10,37.267761,-121.858938,32,PUBLIC WORKS -35; <1ac infill +20; owner -15; zoning R110 +12,ATTOM taxassessor (Santa Clara County),,
5 State of California,CALIFORNIA STATE,,SAN JOSE,372-21-020,6991,0.160,SANTA CLARA,R1B2,PUBLIC WORKS,0,0,0,,,1990-03-02,37.297238,-122.028795,32,PUBLIC WORKS -35; <1ac infill +20; owner -15; zoning R1B2 +12,ATTOM taxassessor (Santa Clara County),,
3 Municipal,SUNNYVALE CITY,CROSSMAN AVE,SUNNYVALE,110-03-001,3999244,91.810,SANTA CLARA,SU,OTHER / UNKNOWN,0,0,0,,,,37.417805,-122.010603,30,20-100ac big -25; owner +5,ATTOM taxassessor (Santa Clara County),,
3 Municipal,SAN JOSE CITY,2065 AIRPORT BLVD,SAN JOSE,230-02-006,3885838,89.207,SANTA CLARA,SJ,OTHER / UNKNOWN,0,0,0,,,1959-01-07,37.36773,-121.929144,30,20-100ac big -25; owner +5,ATTOM taxassessor (Santa Clara County),,
4 School / Public Ed,SIDE UNION H S D EAST,,SAN JOSE,254-05-050,3573606,82.039,SANTA CLARA,SJ,OTHER / UNKNOWN,0,0,0,,,,37.369171,-121.857767,30,20-100ac big -25; owner +5,ATTOM taxassessor (Santa Clara County),,
3 Municipal,SAN JOSE CITY,,SAN JOSE,627-22-004,2989522,68.630,SANTA CLARA,SJ,OTHER / UNKNOWN,0,0,0,,,,37.398557,-121.754823,30,20-100ac big -25; owner +5,ATTOM taxassessor (Santa Clara County),,
3 Municipal,MT VIEW CITY,,MOUNTAIN VIEW,116-06-024,2702007,62.030,SANTA CLARA,,OTHER / UNKNOWN,0,0,0,,,,37.430489,-122.073811,30,20-100ac big -25; owner +5,ATTOM taxassessor (Santa Clara County),,
3 Municipal,CUPERTINO CITY,,CUPERTINO,359-25-024,2681989,61.570,SANTA CLARA,CU,OTHER / UNKNOWN,0,0,0,,,1985-03-15,37.310289,-122.038937,30,20-100ac big -25; owner +5,ATTOM taxassessor (Santa Clara County),,
1 Federal,UNITED STATES AMERICA,,MOUNTAIN VIEW,116-07-010,2630152,60.380,SANTA CLARA,PF,Commercial,0,0,0,,,1972-12-01,37.426481,-122.064623,30,Commercial +5; 20-100ac big -25,ATTOM taxassessor (Santa Clara County),,
3 Municipal,SANTA CLARA CITY,,SANTA CLARA,097-01-039,2601838,59.730,SANTA CLARA,SC,OTHER / UNKNOWN,0,0,0,,,1973-01-29,37.412379,-121.966999,30,20-100ac big -25; owner +5,ATTOM taxassessor (Santa Clara County),,
3 Municipal,SAN JOSE CITY,VARGAS DR,SAN JOSE,577-04-033,2565859,58.904,SANTA CLARA,SJ,OTHER / UNKNOWN,0,0,0,,,1979-10-18,37.23579,-121.87961,30,20-100ac big -25; owner +5,ATTOM taxassessor (Santa Clara County),,
2 Santa Clara County,SANTA CLARA COUNTY,,SAN JOSE,729-48-006,2495941,57.299,SANTA CLARA,SJ,OTHER / UNKNOWN,0,0,0,,,1976-07-20,37.188953,-121.650702,30,20-100ac big -25; owner +5,ATTOM taxassessor (Santa Clara County),,
2 Santa Clara County,SANTA CLARA COUNTY,,SAN JOSE,742-09-039,2407561,55.270,SANTA CLARA,HS-SR,OTHER / UNKNOWN,0,0,0,,,1979-03-30,37.18669,-121.789517,30,20-100ac big -25; owner +5,ATTOM taxassessor (Santa Clara County),,
4 School / Public Ed,PALO ALTO UNIFIED S D,15 EMBARCADERO RD,PALO ALTO,124-21-001,2197059,50.438,SANTA CLARA,PA,OTHER / UNKNOWN,0,0,0,,,,37.43577,-122.15557,30,20-100ac big -25; owner +5,ATTOM taxassessor (Santa Clara County),,
4 School / Public Ed,SIDE UNION H S D EAST,,SAN JOSE,659-21-022,2118850,48.642,SANTA CLARA,,OTHER / UNKNOWN,0,0,0,,,1976-02-06,37.322946,-121.778932,30,20-100ac big -25; owner +5,ATTOM taxassessor (Santa Clara County),,
2 Santa Clara County,SANTA CLARA COUNTY,,CUPERTINO,351-18-013,2014564,46.248,SANTA CLARA,HS,OTHER / UNKNOWN,0,0,0,,,,37.296624,-122.074666,30,20-100ac big -25; owner +5,ATTOM taxassessor (Santa Clara County),,
3 Municipal,SAN JOSE CITY,,SAN JOSE,494-22-017,1994506,45.788,SANTA CLARA,SJ,OTHER / UNKNOWN,0,0,0,,,,37.292509,-121.822721,30,20-100ac big -25; owner +5,ATTOM taxassessor (Santa Clara County),,
4 School / Public Ed,UNION H S D CAMPBELL,3800 BLACKFORD AVE,SAN JOSE,299-33-007,1974822,45.336,SANTA CLARA,SJ,OTHER / UNKNOWN,0,0,0,,,,37.312292,-121.96839,30,20-100ac big -25; owner +5,ATTOM taxassessor (Santa Clara County),,
4 School / Public Ed,SIDE UNION H S D EAST,,SAN JOSE,676-05-016,1952814,44.830,SANTA CLARA,SJ,OTHER / UNKNOWN,0,0,0,,,,37.304094,-121.805124,30,20-100ac big -25; owner +5,ATTOM taxassessor (Santa Clara County),,
3 Municipal,SAN JOSE CITY,,SAN JOSE,241-14-002,1945113,44.654,SANTA CLARA,SJ,OTHER / UNKNOWN,0,0,0,,,,37.37953,-121.892703,30,20-100ac big -25; owner +5,ATTOM taxassessor (Santa Clara County),,
4 School / Public Ed,SIDE UNION H S D EAST,,SAN JOSE,689-11-001,1883833,43.247,SANTA CLARA,SJ,OTHER / UNKNOWN,0,0,0,,,,37.23551,-121.827618,30,20-100ac big -25; owner +5,ATTOM taxassessor (Santa Clara County),,
3 Municipal,MT VIEW CITY,,MOUNTAIN VIEW,015-36-038,1768972,40.610,SANTA CLARA,PF,INDUSTRIAL,0,0,0,,,,37.447431,-122.090087,30,20-100ac big -25; owner +5,ATTOM taxassessor (Santa Clara County),,
3 Municipal,SANTA CLARA CITY,,SANTA CLARA,104-43-052,1763416,40.483,SANTA CLARA,SC,OTHER / UNKNOWN,0,0,0,,,1985-06-05,37.401291,-121.973425,30,20-100ac big -25; owner +5,ATTOM taxassessor (Santa Clara County),,
4 School / Public Ed,SAN JOSE UNIFIED S D,,SAN JOSE,567-48-002,1742621,40.005,SANTA CLARA,SJ,OTHER / UNKNOWN,0,0,0,,,,37.246083,-121.880464,30,20-100ac big -25; owner +5,ATTOM taxassessor (Santa Clara County),,
3 Municipal,SAN JOSE CITY,,SAN JOSE,481-39-025,1739600,39.936,SANTA CLARA,SJ,OTHER / UNKNOWN,0,0,0,,,,37.340028,-121.846723,30,20-100ac big -25; owner +5,ATTOM taxassessor (Santa Clara County),,
3 Municipal,MT VIEW CITY,,MOUNTAIN VIEW,015-36-018,1715035,39.372,SANTA CLARA,PF,OTHER / UNKNOWN,0,0,0,,,,37.431809,-122.07959,30,20-100ac big -25; owner +5,ATTOM taxassessor (Santa Clara County),,
4 School / Public Ed,UNION H S D CAMPBELL,,SAN JOSE,403-11-004,1712344,39.310,SANTA CLARA,SJ,OTHER / UNKNOWN,0,0,0,,,,37.271716,-121.985483,30,20-100ac big -25; owner +5,ATTOM taxassessor (Santa Clara County),,
3 Municipal,PALO ALTO CITY,,PALO ALTO,351-25-011,1698840,39.000,SANTA CLARA,PA,OTHER / UNKNOWN,0,0,0,,,,37.329016,-122.1697,30,20-100ac big -25; owner +5,ATTOM taxassessor (Santa Clara County),,
3 Municipal,SUNNYVALE CITY,,SUNNYVALE,110-02-070,1693080,38.868,SANTA CLARA,SU,OTHER / UNKNOWN,0,0,0,,,,37.419726,-122.020841,30,20-100ac big -25; owner +5,ATTOM taxassessor (Santa Clara County),,
2 Santa Clara County,SANTA CLARA COUNTY,,SAN JOSE,491-13-001,1692306,38.850,SANTA CLARA,IP,OTHER / UNKNOWN,0,0,0,,,,37.333885,-121.819897,30,20-100ac big -25; owner +5,ATTOM taxassessor (Santa Clara County),,
2 Santa Clara County,SANTA CLARA COUNTY,,SUNNYVALE,110-39-002,1634712,37.528,SANTA CLARA,SU,OTHER / UNKNOWN,0,0,0,,,1973-03-15,37.416259,-122.000193,30,20-100ac big -25; owner +5,ATTOM taxassessor (Santa Clara County),,
4 School / Public Ed,UNION H S D FREMONT,,SAN JOSE,378-20-003,1613547,37.042,SANTA CLARA,SJ,OTHER / UNKNOWN,0,0,0,,,,37.300279,-122.003937,30,20-100ac big -25; owner +5,ATTOM taxassessor (Santa Clara County),,
4 School / Public Ed,PALO ALTO UNIFIED S D,,PALO ALTO,132-06-001,1519167,34.875,SANTA CLARA,PA,OTHER / UNKNOWN,0,0,0,,,,37.420365,-122.116519,30,20-100ac big -25; owner +5,ATTOM taxassessor (Santa Clara County),,
4 School / Public Ed,PLEASANT S D MT,,SAN JOSE,649-03-005,1470785,0.000,SANTA CLARA,SJ,OTHER / UNKNOWN,0,0,0,,,,37.346954,-121.798765,30,20-100ac big -25; owner +5,ATTOM taxassessor (Santa Clara County),,
4 School / Public Ed,UNION H S D CAMPBELL,,SAN JOSE,569-26-004,1458487,33.482,SANTA CLARA,SJ,OTHER / UNKNOWN,0,0,0,,,,37.252786,-121.898481,30,20-100ac big -25; owner +5,ATTOM taxassessor (Santa Clara County),,
4 School / Public Ed,UNION H S D FREMONT,21370 HOMESTEAD RD,CUPERTINO,326-05-089,1451102,0.000,SANTA CLARA,CU,OTHER / UNKNOWN,0,0,0,,,,37.335831,-122.048251,30,20-100ac big -25; owner +5,ATTOM taxassessor (Santa Clara County),,
3 Municipal,SANTA CLARA CITY,,SANTA CLARA,104-01-102,1447193,33.223,SANTA CLARA,M1,INDUSTRIAL,0,0,0,,,,37.412261,-121.9732,30,20-100ac big -25; owner +5,ATTOM taxassessor (Santa Clara County),,
3 Municipal,SAN JOSE CITY,,SAN JOSE,679-14-003,1423933,32.689,SANTA CLARA,SJ,OTHER / UNKNOWN,0,0,0,,,1978-10-19,37.296709,-121.795207,30,20-100ac big -25; owner +5,ATTOM taxassessor (Santa Clara County),,
4 School / Public Ed,SIDE UNION H S D EAST,,SAN JOSE,477-20-158,1406071,32.279,SANTA CLARA,SJ,OTHER / UNKNOWN,0,0,0,,,,37.318915,-121.849662,30,20-100ac big -25; owner +5,ATTOM taxassessor (Santa Clara County),,
2 Santa Clara County,SANTA CLARA COUNTY,1553 BERGER DR,SAN JOSE,237-14-086,1354736,31.101,SANTA CLARA,SJ,OTHER / UNKNOWN,0,0,0,,,,37.374995,-121.896816,30,20-100ac big -25; owner +5,ATTOM taxassessor (Santa Clara County),,
3 Municipal,SANTA CLARA CITY,909 KIELY BLVD,SANTA CLARA,290-29-009,1337376,30.702,SANTA CLARA,SC,OTHER / UNKNOWN,0,0,0,,,1972-12-07,37.342149,-121.974383,30,20-100ac big -25; owner +5,ATTOM taxassessor (Santa Clara County),,
3 Municipal,MT VIEW CITY,,MOUNTAIN VIEW,116-04-007,1291554,29.650,SANTA CLARA,MV,OTHER / UNKNOWN,0,0,0,,,,37.428486,-122.089922,30,20-100ac big -25; owner +5,ATTOM taxassessor (Santa Clara County),,
2 Santa Clara County,SANTA CLARA COUNTY,,CUPERTINO,351-21-009,1262550,28.984,SANTA CLARA,CU,OTHER / UNKNOWN,0,0,0,,,,37.303673,-122.074879,30,20-100ac big -25; owner +5,ATTOM taxassessor (Santa Clara County),,
4 School / Public Ed,SIDE UNION H S D EAST,,SAN JOSE,592-01-024,1258798,28.898,SANTA CLARA,SJ,OTHER / UNKNOWN,0,0,0,,,,37.382127,-121.853199,30,20-100ac big -25; owner +5,ATTOM taxassessor (Santa Clara County),,
4 School / Public Ed,UNION H S D FREMONT,21840 MCCLELLAN RD,CUPERTINO,356-09-001,1258574,28.893,SANTA CLARA,CU,OTHER / UNKNOWN,0,0,0,,,,37.313702,-122.056736,30,20-100ac big -25; owner +5,ATTOM taxassessor (Santa Clara County),,
3 Municipal,MT VIEW CITY,2450 GARCIA AVE,MOUNTAIN VIEW,116-03-015,1251507,28.731,SANTA CLARA,PF,OTHER / UNKNOWN,0,0,0,,,,37.429993,-122.09433,30,20-100ac big -25; owner +5,ATTOM taxassessor (Santa Clara County),,
4 School / Public Ed,S D UNION,,CAMPBELL,527-50-003,1250059,28.697,SANTA CLARA,CA,OTHER / UNKNOWN,0,0,0,,,,37.241893,-121.919572,30,20-100ac big -25; owner +5,ATTOM taxassessor (Santa Clara County),,
3 Municipal,SUNNYVALE CITY,1010 S WOLFE RD,SUNNYVALE,213-47-009,1231441,28.270,SANTA CLARA,,OTHER / UNKNOWN,0,0,0,,,1974-02-14,37.355572,-122.010872,30,20-100ac big -25; owner +5,ATTOM taxassessor (Santa Clara County),,
4 School / Public Ed,ROCK UNION S D ALUM,,SAN JOSE,592-19-001,1231341,28.268,SANTA CLARA,SJ,OTHER / UNKNOWN,0,0,0,,,,37.374988,-121.841851,30,20-100ac big -25; owner +5,ATTOM taxassessor (Santa Clara County),,
3 Municipal,MT VIEW CITY,,MOUNTAIN VIEW,116-22-027,1215759,27.910,SANTA CLARA,MV,OTHER / UNKNOWN,0,0,0,,,,37.426561,-122.07445,30,20-100ac big -25; owner +5,ATTOM taxassessor (Santa Clara County),,
3 Municipal,SAN JOSE CITY,,SAN JOSE,230-02-022,1213280,27.853,SANTA CLARA,SJ,OTHER / UNKNOWN,0,0,0,,,,37.374704,-121.942045,30,20-100ac big -25; owner +5,ATTOM taxassessor (Santa Clara County),,
3 Municipal,SUNNYVALE CITY,,SUNNYVALE,160-56-004,1197354,27.488,SANTA CLARA,SU,OTHER / UNKNOWN,0,0,0,,,,37.399186,-122.044768,30,20-100ac big -25; owner +5,ATTOM taxassessor (Santa Clara County),,
2 Santa Clara County,SANTA CLARA COUNTY,,SAN JOSE,491-05-001,1194236,27.416,SANTA CLARA,IP,OTHER / UNKNOWN,0,0,0,,,,37.332137,-121.816252,30,20-100ac big -25; owner +5,ATTOM taxassessor (Santa Clara County),,
4 School / Public Ed,SANTA CLARA UNIFIED S D,3445 LOCHINVAR AVE,SANTA CLARA,290-23-088,1144858,26.282,SANTA CLARA,SC,OTHER / UNKNOWN,0,0,0,,,,37.340692,-121.990152,30,20-100ac big -25; owner +5,ATTOM taxassessor (Santa Clara County),,
4 School / Public Ed,S D MORELAND,,SAN JOSE,381-18-001,1112952,25.550,SANTA CLARA,SJ,OTHER / UNKNOWN,0,0,0,,,,37.304701,-121.986762,30,20-100ac big -25; owner +5,ATTOM taxassessor (Santa Clara County),,
2 Santa Clara County,COUNTY OF SANTA CLARA,5750 FONTANOSO WAY,SAN JOSE,679-02-022,1104680,25.360,SANTA CLARA,IPC,INDUSTRIAL,0,0,0,,2018-11-09,2012-12-26,37.260765,-121.786604,30,20-100ac big -25; owner +5,ATTOM taxassessor (Santa Clara County),,
3 Municipal,SAN JOSE CITY,496 MCLAUGHLIN AVE,SAN JOSE,499-34-002,1104246,25.350,SANTA CLARA,SJ,OTHER / UNKNOWN,0,0,0,,,,37.301366,-121.830485,30,20-100ac big -25; owner +5,ATTOM taxassessor (Santa Clara County),,
3 Municipal,SAN JOSE CITY,,SAN JOSE,477-12-032,1100328,25.260,SANTA CLARA,SJ,OTHER / UNKNOWN,0,0,0,,,1973-09-06,37.321761,-121.856028,30,20-100ac big -25; owner +5,ATTOM taxassessor (Santa Clara County),,
3 Municipal,SAN JOSE CITY,,SAN JOSE,241-02-006,1079558,24.783,SANTA CLARA,SJ,OTHER / UNKNOWN,0,0,0,,,1983-08-16,37.380302,-121.887128,30,20-100ac big -25; owner +5,ATTOM taxassessor (Santa Clara County),,
2 Santa Clara County,SANTA CLARA COUNTY,,SAN JOSE,491-12-068,1044569,23.980,SANTA CLARA,SJ,OTHER / UNKNOWN,0,0,0,,,,37.333415,-121.823439,30,20-100ac big -25; owner +5,ATTOM taxassessor (Santa Clara County),,
3 Municipal,SAN JOSE CITY,,SAN JOSE,477-38-001,1013535,23.268,SANTA CLARA,SJ,OTHER / UNKNOWN,0,0,0,,,,37.320409,-121.858907,30,20-100ac big -25; owner +5,ATTOM taxassessor (Santa Clara County),,
4 School / Public Ed,GROVE S D OAK,,SAN JOSE,687-35-001,1000133,22.960,SANTA CLARA,SJ,OTHER / UNKNOWN,0,0,0,,,,37.239306,-121.837502,30,20-100ac big -25; owner +5,ATTOM taxassessor (Santa Clara County),,
4 School / Public Ed,UNION S D CUPERTINO,,CUPERTINO,356-12-001,997834,22.907,SANTA CLARA,CU,OTHER / UNKNOWN,0,0,0,,,,37.310794,-122.052745,30,20-100ac big -25; owner +5,ATTOM taxassessor (Santa Clara County),,
3 Municipal,SAN JOSE CITY,,SAN JOSE,595-07-016,994329,22.827,SANTA CLARA,SJ,OTHER / UNKNOWN,0,0,0,,,,37.405159,-121.79186,30,20-100ac big -25; owner +5,ATTOM taxassessor (Santa Clara County),,
3 Municipal,MT VIEW CITY,1600 AMPHITHEATRE PKWY # PY,MOUNTAIN VIEW,116-21-046,940896,21.600,SANTA CLARA,P(34),INDUSTRIAL,0,0,0,,1999-09-27,1999-09-27,37.422022,-122.08429,30,20-100ac big -25; owner +5,ATTOM taxassessor (Santa Clara County),,
3 Municipal,SAN JOSE CITY,1600 S 10TH ST,SAN JOSE,477-38-007,927828,21.300,SANTA CLARA,M4,INDUSTRIAL,0,0,0,,,1993-11-16,37.317872,-121.86128,30,20-100ac big -25; owner +5,ATTOM taxassessor (Santa Clara County),,
2 Santa Clara County,SANTA CLARA COUNTY,,SAN JOSE,679-04-003,887919,20.384,SANTA CLARA,SJ,OTHER / UNKNOWN,0,0,0,,,,37.264353,-121.792957,30,20-100ac big -25; owner +5,ATTOM taxassessor (Santa Clara County),,
4 School / Public Ed,UNION S D CUPERTINO,,SUNNYVALE,320-14-001,886482,20.351,SANTA CLARA,SU,OTHER / UNKNOWN,0,0,0,,,,37.339506,-122.057998,30,20-100ac big -25; owner +5,ATTOM taxassessor (Santa Clara County),,
5 State of California,CALIFORNIA STATE,,SAN JOSE,692-03-001,870673,19.988,SANTA CLARA,SJ,OTHER / UNKNOWN,0,0,0,,,,37.243111,-121.807772,30,5-20ac -5; owner -15,ATTOM taxassessor (Santa Clara County),,
5 State of California,CALIFORNIA STATE,,SAN JOSE,097-04-038,852755,19.577,SANTA CLARA,IP,OTHER / UNKNOWN,0,0,0,,,,37.408587,-121.924474,30,5-20ac -5; owner -15,ATTOM taxassessor (Santa Clara County),,
1 Federal,UNITED STATES AMERICA,,MOUNTAIN VIEW,153-24-021,752241,17.269,SANTA CLARA,A1-20,OTHER / UNKNOWN,0,0,0,,,2004-03-01,37.402325,-122.072872,30,5-20ac -5; zoning A1-20 -15,ATTOM taxassessor (Santa Clara County),,
5 State of California,CALIFORNIA STATE,,SAN JOSE,477-05-003,740084,16.990,SANTA CLARA,SJ,OTHER / UNKNOWN,0,0,0,,,1979-11-08,37.320376,-121.868741,30,5-20ac -5; owner -15,ATTOM taxassessor (Santa Clara County),,
2 Santa Clara County,SANTA CLARA COUNTY TRANSIT DIST,,SAN JOSE,097-04-018,640691,14.708,SANTA CLARA,IP,OTHER / UNKNOWN,0,0,0,,,1975-09-26,37.417798,-121.931118,30,5-20ac -5; owner -15,ATTOM taxassessor (Santa Clara County),,
5 State of California,CALIFORNIA STATE,,SAN JOSE,569-18-010,487415,11.190,SANTA CLARA,LI,OTHER / UNKNOWN,0,0,0,,,,37.250096,-121.909625,30,5-20ac -5; owner -15,ATTOM taxassessor (Santa Clara County),,
2 Santa Clara County,SANTA CLARA VTA,1620 BERRYESSA RD,SAN JOSE,254-17-110,443005,10.170,SANTA CLARA,M1,INDUSTRIAL,0,0,0,,,,37.372201,-121.874845,30,5-20ac -5; owner -15,ATTOM taxassessor (Santa Clara County),,
1 Federal,USA,,MOUNTAIN VIEW,015-36-024,440827,10.120,SANTA CLARA,F,INDUSTRIAL,0,0,0,,2003-03-06,,37.449089,-122.086497,30,5-20ac -5; zoning F -15,ATTOM taxassessor (Santa Clara County),,
5 State of California,STATE CALIFORNIA,,SAN JOSE,706-06-020,434416,0.000,SANTA CLARA,M1,OTHER / UNKNOWN,0,0,0,,,,37.242819,-121.802561,30,5-20ac -5; owner -15,ATTOM taxassessor (Santa Clara County),,
5 State of California,CALIFORNIA STATE,1251 S 10TH ST,SAN JOSE,477-05-002,430907,9.892,SANTA CLARA,SJ,OTHER / UNKNOWN,0,0,0,,,1979-11-08,37.32107,-121.867276,30,5-20ac -5; owner -15,ATTOM taxassessor (Santa Clara County),,
2 Santa Clara County,SANTA CLARA COUNTY TRANSIT DIST,,SAN JOSE,097-04-017,430151,9.875,SANTA CLARA,IP,OTHER / UNKNOWN,0,0,0,,,1975-09-26,37.418146,-121.930318,30,5-20ac -5; owner -15,ATTOM taxassessor (Santa Clara County),,
5 State of California,CALIFORNIA STATE,,SAN JOSE,419-44-105,352044,8.082,SANTA CLARA,CN,OTHER / UNKNOWN,0,0,0,,,,37.250569,-121.916814,30,5-20ac -5; owner -15,ATTOM taxassessor (Santa Clara County),,
5 State of California,STATE OF CALIFOR,,SAN JOSE,706-03-015,349337,8.020,SANTA CLARA,,OTHER / UNKNOWN,0,0,0,,1990-11-30,,37.239809,-121.791286,30,5-20ac -5; owner -15,ATTOM taxassessor (Santa Clara County),,
5 State of California,CALIFORNIA STATE,436 E SAN FERNANDO ST,SAN JOSE,467-52-006,323617,7.429,SANTA CLARA,SJ,OTHER / UNKNOWN,0,0,0,,,,37.337097,-121.879146,30,5-20ac -5; owner -15,ATTOM taxassessor (Santa Clara County),,
5 State of California,CALIFORNIA STATE,,CAMPBELL,403-25-019,318643,7.315,SANTA CLARA,CA,OTHER / UNKNOWN,0,0,0,,,,37.270489,-121.992206,30,5-20ac -5; owner -15,ATTOM taxassessor (Santa Clara County),,
5 State of California,CALIFORNIA STATE,,SAN JOSE,237-21-011,271409,6.231,SANTA CLARA,SJ,OTHER / UNKNOWN,0,0,0,,,,37.369582,-121.902841,30,5-20ac -5; owner -15,ATTOM taxassessor (Santa Clara County),,
5 State of California,STATE CALIFORNIA,350 COTTLE RD,SAN JOSE,706-04-012,261360,6.000,SANTA CLARA,M1,OTHER / UNKNOWN,0,0,0,,,,37.240866,-121.796055,30,5-20ac -5; owner -15,ATTOM taxassessor (Santa Clara County),,
2 Santa Clara County,SANTA CLARA COUNTY TRANSIT DIST,,SAN JOSE,694-03-010,259275,5.952,SANTA CLARA,SJ,OTHER / UNKNOWN,0,0,0,,,1982-06-10,37.24558,-121.870273,30,5-20ac -5; owner -15,ATTOM taxassessor (Santa Clara County),,
5 State of California,CALIFORNIA STATE,,SAN JOSE,477-06-002,246894,5.668,SANTA CLARA,SJ,OTHER / UNKNOWN,0,0,0,,,1986-08-22,37.319976,-121.870592,30,5-20ac -5; owner -15,ATTOM taxassessor (Santa Clara County),,
5 State of California,CALIFORNIA STATE,,SAN JOSE,569-28-012,237736,5.458,SANTA CLARA,LI,OTHER / UNKNOWN,0,0,0,,,,37.250857,-121.893507,30,5-20ac -5; owner -15,ATTOM taxassessor (Santa Clara County),,
5 State of California,CALIFORNIA STATE,,SAN JOSE,372-19-040,227759,5.229,SANTA CLARA,SJ,OTHER / UNKNOWN,0,0,0,,,,37.296563,-122.028053,30,5-20ac -5; owner -15,ATTOM taxassessor (Santa Clara County),,
2 Santa Clara County,SANTA CLARA VALLEY TRANS AUTHORITY,,SAN JOSE,244-13-001,219010,5.028,SANTA CLARA,SJ,OTHER / UNKNOWN,0,0,0,,2023-07-11,,37.393064,-121.882875,30,5-20ac -5; owner -15,ATTOM taxassessor (Santa Clara County),,
2 Santa Clara County,SANTA CLARA COUNTY TRANSIT DIS,,SUNNYVALE,110-29-034,29650,0.681,SANTA CLARA,M1,AGRICULTURE / FARMING,0,0,0,,1997-09-29,,37.406348,-122.009862,30,AGRICULTURE / FARMING -25; <1ac infill +20; owner -15,ATTOM taxassessor (Santa Clara County),,
2 Santa Clara County,SANTA CLARA COU TRANSIT DIST,,SAN JOSE,706-03-018,28423,0.653,SANTA CLARA,,AGRICULTURE / FARMING,0,0,0,,2009-02-05,2009-02-05,37.238985,-121.79006,30,AGRICULTURE / FARMING -25; <1ac infill +20; owner -15,ATTOM taxassessor (Santa Clara County),,
2 Santa Clara County,VALLEY WATER SANTA CLARA,455 COLEMAN AVE,SAN JOSE,259-14-009,13500,0.310,SANTA CLARA,M4,Commercial,0,0,0,,1996-06-28,,37.340835,-121.902907,30,Commercial +5; <1ac infill +20; owner -45,ATTOM taxassessor (Santa Clara County),,
2 Santa Clara County,SANTA CLARA VALLEY WATER DISTR,454 WILLOW ST,SAN JOSE,434-04-004,8460,0.194,SANTA CLARA,M1,Commercial,0,0,0,,2004-10-28,2000-03-31,37.31453,-121.88912,30,Commercial +5; <1ac infill +20; owner -45,ATTOM taxassessor (Santa Clara County),,
4 School / Public Ed,SAN JOSE COMMUNITY COLLEGE,,SAN JOSE,660-21-014,846806,19.440,SANTA CLARA,R1-5,PUBLIC WORKS,0,0,0,,,,37.300732,-121.760391,27,PUBLIC WORKS -35; 5-20ac -5; owner +5; zoning R1-5 +12,ATTOM taxassessor (Santa Clara County),,
4 School / Public Ed,S D MORELAND,,SAN JOSE,381-08-031,472190,10.840,SANTA CLARA,R1-8,PUBLIC WORKS,0,0,0,,,,37.3132,-121.983639,27,PUBLIC WORKS -35; 5-20ac -5; owner +5; zoning R1-8 +12,ATTOM taxassessor (Santa Clara County),,
4 School / Public Ed,MCKINLEY S D FRANKLIN,1313 AUDUBON DR,SAN JOSE,477-31-050,462607,10.620,SANTA CLARA,R1-8,PUBLIC WORKS,0,0,0,,,,37.328691,-121.847572,27,PUBLIC WORKS -35; 5-20ac -5; owner +5; zoning R1-8 +12,ATTOM taxassessor (Santa Clara County),,
4 School / Public Ed,S D MORELAND,,SAN JOSE,381-15-003,409856,9.409,SANTA CLARA,R1-8,PUBLIC WORKS,0,0,0,,,,37.306381,-121.986561,27,PUBLIC WORKS -35; 5-20ac -5; owner +5; zoning R1-8 +12,ATTOM taxassessor (Santa Clara County),,
4 School / Public Ed,SAN JOSE UNIFIED S D,4245 MEG DR,SAN JOSE,462-10-007,378607,0.000,SANTA CLARA,R1-8,PUBLIC WORKS,0,0,0,,,,37.269733,-121.854977,27,PUBLIC WORKS -35; 5-20ac -5; owner +5; zoning R1-8 +12,ATTOM taxassessor (Santa Clara County),,
4 School / Public Ed,FOOTHILL COMMUNITY COLLEGE,,CUPERTINO,359-01-002,371131,8.520,SANTA CLARA,R1,PUBLIC WORKS,0,0,0,,,1973-07-20,37.321567,-122.048242,27,PUBLIC WORKS -35; 5-20ac -5; owner +5; zoning R1 +12,ATTOM taxassessor (Santa Clara County),,
4 School / Public Ed,S D MORELAND,,SAN JOSE,381-05-146,365468,8.390,SANTA CLARA,R1-8,PUBLIC WORKS,0,0,0,,,,37.297663,-121.991011,27,PUBLIC WORKS -35; 5-20ac -5; owner +5; zoning R1-8 +12,ATTOM taxassessor (Santa Clara County),,
4 School / Public Ed,SIDE UNION H S D EAST,3200 SENTER RD,SAN JOSE,494-23-006,354709,8.143,SANTA CLARA,R1B6,PUBLIC WORKS,0,0,0,,,,37.294663,-121.830417,27,PUBLIC WORKS -35; 5-20ac -5; owner +5; zoning R1B6 +12,ATTOM taxassessor (Santa Clara County),,
4 School / Public Ed,UNION S D BERRYESSA,,SAN JOSE,587-02-012,337590,7.750,SANTA CLARA,R1B6,PUBLIC WORKS,0,0,0,,,1973-07-27,37.403459,-121.858114,27,PUBLIC WORKS -35; 5-20ac -5; owner +5; zoning R1B6 +12,ATTOM taxassessor (Santa Clara County),,
3 Municipal,SAN FRANCISCO CITY & COUNTY OF,SUTHERLAND AVE,SUNNYVALE,110-15-011,324522,7.450,SANTA CLARA,R1,PUBLIC WORKS,6059,0,6059,0.000,,,37.396554,-122.009598,27,PUBLIC WORKS -35; 5-20ac -5; owner +5; zoning R1 +12,ATTOM taxassessor (Santa Clara County),,
4 School / Public Ed,ELEMENTARY S D EVERGREEN,361 FOWLER RD,SAN JOSE,660-60-035,309352,7.102,SANTA CLARA,R110,PUBLIC WORKS,0,0,0,,1998-05-29,1998-05-29,37.311687,-121.766848,27,PUBLIC WORKS -35; 5-20ac -5; owner +5; zoning R110 +12,ATTOM taxassessor (Santa Clara County),,
3 Municipal,SAN FRANCISCO CITY & CO OF SFPUC,,PALO ALTO,142-18-044,232174,5.330,SANTA CLARA,R4,PUBLIC WORKS,506583,0,506583,0.000,,,37.405511,-122.150857,27,PUBLIC WORKS -35; 5-20ac -5; owner +5; zoning R4 +12,ATTOM taxassessor (Santa Clara County),,
4 School / Public Ed,SAN JOSE UNIFIED S D,2230 UNIFIED WAY,SAN JOSE,456-19-002,230183,0.000,SANTA CLARA,R1AB,PUBLIC WORKS,0,0,0,,,,37.296902,-121.872606,27,PUBLIC WORKS -35; 5-20ac -5; owner +5; zoning R1AB +12,ATTOM taxassessor (Santa Clara County),,
4 School / Public Ed,SAN JOSE UNIFIED S D,470 JACKSON ST,SAN JOSE,249-34-001,227979,5.234,SANTA CLARA,R2,PUBLIC WORKS,0,0,0,,,,37.350647,-121.887753,27,PUBLIC WORKS -35; 5-20ac -5; owner +5; zoning R2 +12,ATTOM taxassessor (Santa Clara County),,
3 Municipal,SAN JOSE CITY,,SAN JOSE,694-01-028,220414,5.060,SANTA CLARA,R1,PUBLIC WORKS,0,0,0,,,1979-11-30,37.238652,-121.870091,27,PUBLIC WORKS -35; 5-20ac -5; owner +5; zoning R1 +12,ATTOM taxassessor (Santa Clara County),,
2 Santa Clara County,SANTA CLARA COUNTY,,PALO ALTO,132-06-038,219531,5.040,SANTA CLARA,R1,PUBLIC WORKS,0,0,0,,,,37.420342,-122.111485,27,PUBLIC WORKS -35; 5-20ac -5; owner +5; zoning R1 +12,ATTOM taxassessor (Santa Clara County),,
3 Municipal,SAN JOSE CITY,STRATTON PL,SAN JOSE,245-16-047,218235,5.010,SANTA CLARA,R1B6,PUBLIC WORKS,0,0,0,,,1975-05-02,37.388674,-121.873135,27,PUBLIC WORKS -35; 5-20ac -5; owner +5; zoning R1B6 +12,ATTOM taxassessor (Santa Clara County),,
3 Municipal,SAN JOSE CITY,,SAN JOSE,679-01-008,196818,4.518,SANTA CLARA,A,AGRICULTURE / FARMING,0,0,0,,,1992-10-06,37.268764,-121.786043,27,AGRICULTURE / FARMING -25; 1-5ac +12; owner +5; zoning A -15,ATTOM taxassessor (Santa Clara County),,
3 Municipal,SUNNYVALE CITY,,SUNNYVALE,201-35-008,128938,2.960,SANTA CLARA,A,AGRICULTURE / FARMING,0,0,0,,,1975-05-28,37.365738,-122.036215,27,AGRICULTURE / FARMING -25; 1-5ac +12; owner +5; zoning A -15,ATTOM taxassessor (Santa Clara County),,
3 Municipal,SAN JOSE CITY,,SAN JOSE,706-04-021,120952,0.000,SANTA CLARA,A140,AGRICULTURE / FARMING,0,0,0,,,,37.238423,-121.79372,27,AGRICULTURE / FARMING -25; 1-5ac +12; owner +5; zoning A140 -15,ATTOM taxassessor (Santa Clara County),,
3 Municipal,SAN JOSE CITY,,SAN JOSE,652-08-032,118483,2.720,SANTA CLARA,A,AGRICULTURE / FARMING,0,0,0,,,1980-07-01,37.336236,-121.779772,27,AGRICULTURE / FARMING -25; 1-5ac +12; owner +5; zoning A -15,ATTOM taxassessor (Santa Clara County),,
5 State of California,STATE OF CA DEPT OF TRANSPTN,,SAN JOSE,230-39-128,101930,2.340,SANTA CLARA,00,PUBLIC WORKS,0,0,0,,2010-09-01,,37.349449,-121.915818,27,PUBLIC WORKS -35; 1-5ac +12,ATTOM taxassessor (Santa Clara County),,
3 Municipal,SAN JOSE CITY,,SAN JOSE,679-14-002,81893,1.880,SANTA CLARA,APD,AGRICULTURE / FARMING,0,0,0,,,1978-10-19,37.299128,-121.800991,27,AGRICULTURE / FARMING -25; 1-5ac +12; owner +5; zoning APD -15,ATTOM taxassessor (Santa Clara County),,
2 Santa Clara County,SANTA CLARA COUNTY,859 N CAPITOL AVE,SAN JOSE,254-29-022,81226,1.865,SANTA CLARA,A,AGRICULTURE / FARMING,0,0,0,,,1982-09-13,37.381849,-121.857012,27,AGRICULTURE / FARMING -25; 1-5ac +12; owner +5; zoning A -15,ATTOM taxassessor (Santa Clara County),,
5 State of California,STATE OF CA DEPT OF TRANSPTN,,SAN JOSE,230-39-130,76230,1.750,SANTA CLARA,00,PUBLIC WORKS,0,0,0,,2010-09-01,,37.3489,-121.917014,27,PUBLIC WORKS -35; 1-5ac +12,ATTOM taxassessor (Santa Clara County),,
1 Federal,UNITED STATES POST SERVICE,1050 KIELY BLVD,SANTA CLARA,290-27-013,61420,1.410,SANTA CLARA,C,PUBLIC WORKS,0,0,0,,1995-10-26,,37.345421,-121.978527,27,PUBLIC WORKS -35; 1-5ac +12,ATTOM taxassessor (Santa Clara County),,
3 Municipal,CITY OF SAN JOSE,,SAN JOSE,254-17-099,52836,1.213,SANTA CLARA,A,AGRICULTURE / FARMING,0,0,0,,2004-08-23,,37.370373,-121.872651,27,AGRICULTURE / FARMING -25; 1-5ac +12; owner +5; zoning A -15,ATTOM taxassessor (Santa Clara County),,
3 Municipal,SAN JOSE CITY,,SAN JOSE,245-16-006,43996,1.010,SANTA CLARA,A,AGRICULTURE / FARMING,0,0,0,,,1975-05-02,37.389403,-121.873358,27,AGRICULTURE / FARMING -25; 1-5ac +12; owner +5; zoning A -15,ATTOM taxassessor (Santa Clara County),,
1 Federal,UNITED STATES AMERICA,1233 N MATHILDA AVE,SUNNYVALE,110-02-015,1920996,44.100,SANTA CLARA,MPI,INDUSTRIAL,0,0,0,,,,37.412923,-122.028452,25,20-100ac big -25,ATTOM taxassessor (Santa Clara County),,
2 Santa Clara County,SANTA CLARA COUNTY,,SAN JOSE,583-55-004,788000,18.090,SANTA CLARA,HS-SR,AGRICULTURE / FARMING,0,0,0,,,,37.164624,-121.846834,25,AGRICULTURE / FARMING -25; 5-20ac -5; owner +5,ATTOM taxassessor (Santa Clara County),,
3 Municipal,SAN JOSE CITY,902 BLANCHARD RD,SAN JOSE,708-25-009,721353,0.000,SANTA CLARA,SJ,AGRICULTURE / FARMING,0,0,0,,,,37.213465,-121.74481,25,AGRICULTURE / FARMING -25; 5-20ac -5; owner +5,ATTOM taxassessor (Santa Clara County),,
2 Santa Clara County,SANTA CLARA COUNTY,,SUNNYVALE,110-39-001,707196,16.235,SANTA CLARA,SU,AGRICULTURE / FARMING,0,0,0,,,1973-03-15,37.414454,-121.999616,25,AGRICULTURE / FARMING -25; 5-20ac -5; owner +5,ATTOM taxassessor (Santa Clara County),,
3 Municipal,CITY OF SAN JOSE,SANTA TERESA BLVD,SAN JOSE,708-25-004,656884,15.080,SANTA CLARA,SJ,AGRICULTURE / FARMING,0,0,0,,2019-11-21,2017-06-01,37.215407,-121.742596,25,AGRICULTURE / FARMING -25; 5-20ac -5; owner +5,ATTOM taxassessor (Santa Clara County),,
3 Municipal,SANTA CLARA CITY,,SANTA CLARA,104-49-009,592416,13.600,SANTA CLARA,SC,AGRICULTURE / FARMING,0,0,0,,,,37.408904,-121.979807,25,AGRICULTURE / FARMING -25; 5-20ac -5; owner +5,ATTOM taxassessor (Santa Clara County),,
2 Santa Clara County,COUNTY OF SANTA CLARA,,SAN JOSE,742-08-033,541886,12.440,SANTA CLARA,HS,AGRICULTURE / FARMING,0,0,0,,2009-10-30,2009-10-30,37.192998,-121.815542,25,AGRICULTURE / FARMING -25; 5-20ac -5; owner +5,ATTOM taxassessor (Santa Clara County),,
2 Santa Clara County,COUNTY OF SANTA CLARA,,SAN JOSE,742-09-036,505296,11.600,SANTA CLARA,HS,AGRICULTURE / FARMING,0,0,0,,2009-10-30,2009-10-30,37.185577,-121.795663,25,AGRICULTURE / FARMING -25; 5-20ac -5; owner +5,ATTOM taxassessor (Santa Clara County),,
2 Santa Clara County,SANTA CLARA COUNTY,,SAN JOSE,704-09-005,464055,10.653,SANTA CLARA,HS,AGRICULTURE / FARMING,0,0,0,,,1986-11-26,37.225659,-121.795328,25,AGRICULTURE / FARMING -25; 5-20ac -5; owner +5,ATTOM taxassessor (Santa Clara County),,
3 Municipal,SAN JOSE CITY,850 SINGLETON RD,SAN JOSE,494-24-016,460512,10.572,SANTA CLARA,SJ,AGRICULTURE / FARMING,0,0,0,,,1973-02-08,37.296642,-121.824437,25,AGRICULTURE / FARMING -25; 5-20ac -5; owner +5,ATTOM taxassessor (Santa Clara County),,
3 Municipal,SAN JOSE CITY,,SAN JOSE,660-52-027,400458,9.193,SANTA CLARA,0,AGRICULTURE / FARMING,0,0,0,,,,37.28317,-121.758939,25,AGRICULTURE / FARMING -25; 5-20ac -5; owner +5,ATTOM taxassessor (Santa Clara County),,
4 School / Public Ed,UNION S D BERRYESSA,,SAN JOSE,586-06-007,399010,9.160,SANTA CLARA,SJ,AGRICULTURE / FARMING,0,0,0,,,1974-01-30,37.410518,-121.858117,25,AGRICULTURE / FARMING -25; 5-20ac -5; owner +5,ATTOM taxassessor (Santa Clara County),,
3 Municipal,SAN JOSE CITY,SKYFARM CT,SAN JOSE,575-20-025,374180,8.590,SANTA CLARA,PUB,AGRICULTURE / FARMING,0,0,0,,,1978-10-02,37.22145,-121.884499,25,AGRICULTURE / FARMING -25; 5-20ac -5; owner +5,ATTOM taxassessor (Santa Clara County),,
2 Santa Clara County,SANTA CLARA COUNTY,,SUNNYVALE,104-01-064,324958,7.460,SANTA CLARA,M3,AGRICULTURE / FARMING,0,0,0,,,,37.413058,-121.988281,25,AGRICULTURE / FARMING -25; 5-20ac -5; owner +5,ATTOM taxassessor (Santa Clara County),,
2 Santa Clara County,SANTA CLARA COUNTY,,SANTA CLARA,104-01-049,311454,7.150,SANTA CLARA,M3,AGRICULTURE / FARMING,0,0,0,,,1973-03-15,37.416011,-121.988245,25,AGRICULTURE / FARMING -25; 5-20ac -5; owner +5,ATTOM taxassessor (Santa Clara County),,
3 Municipal,CITY OF SAN JOSE,,SAN JOSE,679-13-006,308200,7.075,SANTA CLARA,,AGRICULTURE / FARMING,0,0,0,,2006-08-08,2006-08-08,37.297544,-121.801222,25,AGRICULTURE / FARMING -25; 5-20ac -5; owner +5,ATTOM taxassessor (Santa Clara County),,
2 Santa Clara County,SANTA CLARA COUNTY,,SAN JOSE,583-23-016,265588,6.097,SANTA CLARA,HS-SR,AGRICULTURE / FARMING,0,0,0,,,1973-07-23,37.164584,-121.830516,25,AGRICULTURE / FARMING -25; 5-20ac -5; owner +5,ATTOM taxassessor (Santa Clara County),,
3 Municipal,SAN JOSE CITY,,SAN JOSE,679-13-004,257051,5.901,SANTA CLARA,,AGRICULTURE / FARMING,0,0,0,,,,37.294377,-121.791493,25,AGRICULTURE / FARMING -25; 5-20ac -5; owner +5,ATTOM taxassessor (Santa Clara County),,
2 Santa Clara County,SANTA CLARA VALLEY HABITAT AGENCY,,SAN JOSE,708-21-005,225855,5.185,SANTA CLARA,HS-SR,VACANT LAND,0,0,0,,2022-11-22,2022-11-22,37.216417,-121.760607,25,VACANT LAND +25; 5-20ac -5; owner -45,ATTOM taxassessor (Santa Clara County),,
3 Municipal,SAN FRANCISCO CITY & COUNTY OF,FITZGERALD ST,SANTA CLARA,104-43-003,43124,0.990,SANTA CLARA,A,PUBLIC WORKS,15066,0,15066,0.000,,,37.399954,-121.968728,25,PUBLIC WORKS -35; <1ac infill +20; owner +5; zoning A -15,ATTOM taxassessor (Santa Clara County),,
4 School / Public Ed,ELEMENTARY S D EVERGREEN,4090 CORTONA CT,SAN JOSE,659-54-109,37897,0.870,SANTA CLARA,A-PD,PUBLIC WORKS,0,0,0,,2002-05-07,2002-05-07,37.3123,-121.767467,25,PUBLIC WORKS -35; <1ac infill +20; owner +5; zoning A-PD -15,ATTOM taxassessor (Santa Clara County),,
2 Santa Clara County,SANTA CLARA COUNTY,,SAN JOSE,627-22-015,35719,0.820,SANTA CLARA,AR,PUBLIC WORKS,0,0,0,,1997-01-21,,37.369907,-121.723176,25,PUBLIC WORKS -35; <1ac infill +20; owner +5; zoning AR -15,ATTOM taxassessor (Santa Clara County),,
3 Municipal,SAN JOSE CITY,,SAN JOSE,249-09-013,31362,0.720,SANTA CLARA,A(PD),PUBLIC WORKS,0,0,0,,,,37.355362,-121.892762,25,PUBLIC WORKS -35; <1ac infill +20; owner +5; zoning A(PD) -15,ATTOM taxassessor (Santa Clara County),,
2 Santa Clara County,SANTA CLARA VALLEY WATER DISTR,,SAN JOSE,434-04-002,28858,0.662,SANTA CLARA,SJ,OTHER / UNKNOWN,0,0,0,,2005-01-19,,37.314542,-121.889513,25,<1ac infill +20; owner -45,ATTOM taxassessor (Santa Clara County),,
3 Municipal,SAN JOSE CITY,4001 EVERGREEN VILLAGE SQ,SAN JOSE,659-56-065,26571,0.610,SANTA CLARA,A,PUBLIC WORKS,0,0,0,,,,37.313327,-121.774511,25,PUBLIC WORKS -35; <1ac infill +20; owner +5; zoning A -15,ATTOM taxassessor (Santa Clara County),,
2 Santa Clara County,SANTA CLARA VALLEY WATER DISTRICT,,CUPERTINO,369-39-029,25685,0.590,SANTA CLARA,CU,OTHER / UNKNOWN,0,0,0,,,1961-12-13,37.315119,-122.027735,25,<1ac infill +20; owner -45,ATTOM taxassessor (Santa Clara County),,
2 Santa Clara County,SANTA CLARA VALLEY WATER DISTRICT,,CUPERTINO,369-37-001,23155,0.532,SANTA CLARA,CU,OTHER / UNKNOWN,0,0,0,,,1961-12-13,37.313815,-122.029735,25,<1ac infill +20; owner -45,ATTOM taxassessor (Santa Clara County),,
2 Santa Clara County,COUNTY OF SANTA CLARA,675 E SANTA CLARA ST,SAN JOSE,467-14-088,21344,0.490,SANTA CLARA,A-PD,PUBLIC WORKS,0,0,0,,2010-01-27,2010-01-27,37.343534,-121.875793,25,PUBLIC WORKS -35; <1ac infill +20; owner +5; zoning A-PD -15,ATTOM taxassessor (Santa Clara County),,
2 Santa Clara County,SANTA CLARA VALLEY WATER DISTR,,SAN JOSE,434-04-083,17823,0.000,SANTA CLARA,,OTHER / UNKNOWN,0,0,0,,2010-12-21,,37.314705,-121.888631,25,<1ac infill +20; owner -45,ATTOM taxassessor (Santa Clara County),,
2 Santa Clara County,SANTA CLARA VALLEY WATER DISTRICT,,CAMPBELL,406-01-003,17424,0.400,SANTA CLARA,PF/OS,OTHER / UNKNOWN,0,0,0,,,,37.278411,-121.965333,25,<1ac infill +20; owner -45,ATTOM taxassessor (Santa Clara County),,
3 Municipal,SAN JOSE CITY,,SAN JOSE,696-13-041,17019,0.391,SANTA CLARA,A,PUBLIC WORKS,0,0,0,,,1992-08-13,37.223575,-121.851322,25,PUBLIC WORKS -35; <1ac infill +20; owner +5; zoning A -15,ATTOM taxassessor (Santa Clara County),,
3 Municipal,SUNNYVALE CITY,362 MACARA AVE,SUNNYVALE,165-32-008,16380,0.376,SANTA CLARA,A,PUBLIC WORKS,0,0,0,,,1984-11-20,37.389101,-122.042365,25,PUBLIC WORKS -35; <1ac infill +20; owner +5; zoning A -15,ATTOM taxassessor (Santa Clara County),,
2 Santa Clara County,COUNTY OF SANTA CLARA,675 E SANTA CLARA ST,SAN JOSE,467-14-089,12785,0.294,SANTA CLARA,A-PD,PUBLIC WORKS,0,0,0,,2010-01-27,2010-01-27,37.343363,-121.876191,25,PUBLIC WORKS -35; <1ac infill +20; owner +5; zoning A-PD -15,ATTOM taxassessor (Santa Clara County),,
2 Santa Clara County,SANTA CLARA VALLEY WATER DISTR,255 HOBSON ST,SAN JOSE,259-16-069,12600,0.289,SANTA CLARA,SJ,OTHER / UNKNOWN,0,0,0,,1999-01-29,,37.344581,-121.903695,25,<1ac infill +20; owner -45,ATTOM taxassessor (Santa Clara County),,
2 Santa Clara County,COUNTY OF SANTA CLARA,70 N 15TH ST,SAN JOSE,467-14-052,12570,0.289,SANTA CLARA,A-PD,PUBLIC WORKS,0,0,0,,2010-01-27,2010-01-27,37.344168,-121.876742,25,PUBLIC WORKS -35; <1ac infill +20; owner +5; zoning A-PD -15,ATTOM taxassessor (Santa Clara County),,
2 Santa Clara County,VALLEY WATER SANTA CLARA,,SAN JOSE,259-15-085,11581,0.000,SANTA CLARA,,OTHER / UNKNOWN,0,0,0,,2013-04-09,2008-12-22,37.34363,-121.903102,25,<1ac infill +20; owner -45,ATTOM taxassessor (Santa Clara County),,
2 Santa Clara County,SANTA CLARA VALLEY WATER DISTR,450 WILLOW ST,SAN JOSE,434-04-084,11522,0.000,SANTA CLARA,SJ,OTHER / UNKNOWN,0,0,0,,2010-12-21,,37.314594,-121.888949,25,<1ac infill +20; owner -45,ATTOM taxassessor (Santa Clara County),,
2 Santa Clara County,VALLEY WATER SANTA CLARA,,SAN JOSE,259-15-084,10371,0.000,SANTA CLARA,,OTHER / UNKNOWN,0,0,0,,2013-04-09,,37.3435,-121.903029,25,<1ac infill +20; owner -45,ATTOM taxassessor (Santa Clara County),,
2 Santa Clara County,VALLEY WATER SANTA CLARA,,SAN JOSE,259-16-123,9586,0.220,SANTA CLARA,,OTHER / UNKNOWN,0,0,0,,2013-04-09,2008-12-22,37.345475,-121.904718,25,<1ac infill +20; owner -45,ATTOM taxassessor (Santa Clara County),,
2 Santa Clara County,VALLEY WATER SANTA CLARA,,SAN JOSE,259-16-124,7565,0.174,SANTA CLARA,,OTHER / UNKNOWN,0,0,0,,2013-04-09,2008-12-22,37.34523,-121.90507,25,<1ac infill +20; owner -45,ATTOM taxassessor (Santa Clara County),,
2 Santa Clara County,SC VALLEY WATER DISTRICT,,SAN JOSE,259-15-018,7250,0.166,SANTA CLARA,SJ,OTHER / UNKNOWN,0,0,0,,1992-11-10,,37.34284,-121.902471,25,<1ac infill +20; owner -45,ATTOM taxassessor (Santa Clara County),,
2 Santa Clara County,VALLEY WATER SANTA CLARA,,SAN JOSE,259-16-058,7050,0.162,SANTA CLARA,SJ,OTHER / UNKNOWN,0,0,0,,2013-04-09,2008-12-22,37.345539,-121.905404,25,<1ac infill +20; owner -45,ATTOM taxassessor (Santa Clara County),,
3 Municipal,SAN JOSE CITY,,SAN JOSE,687-26-034,6881,0.000,SANTA CLARA,APD,PUBLIC WORKS,0,0,0,,2009-03-27,,37.249944,-121.839576,25,PUBLIC WORKS -35; <1ac infill +20; owner +5; zoning APD -15,ATTOM taxassessor (Santa Clara County),,
3 Municipal,SAN JOSE CITY,,SAN JOSE,687-26-035,6799,0.156,SANTA CLARA,APD,PUBLIC WORKS,0,0,0,,,2009-04-02,37.250956,-121.834474,25,PUBLIC WORKS -35; <1ac infill +20; owner +5; zoning APD -15,ATTOM taxassessor (Santa Clara County),,
2 Santa Clara County,SANTA CLARA VALLEY WATER DISTRICT,,CUPERTINO,369-35-042,6623,0.152,SANTA CLARA,CU,OTHER / UNKNOWN,0,0,0,,,1961-12-13,37.313815,-122.028462,25,<1ac infill +20; owner -45,ATTOM taxassessor (Santa Clara County),,
5 State of California,CALIFORNIA STATE,14858 BRANHAM LN,SAN JOSE,419-31-061,165572,3.801,SANTA CLARA,R1-8,PUBLIC WORKS,0,0,0,,,,37.250398,-121.928831,24,PUBLIC WORKS -35; 1-5ac +12; owner -15; zoning R1-8 +12,ATTOM taxassessor (Santa Clara County),,
2 Santa Clara County,SANTA CLARA COUNTY,,SAN JOSE,583-21-005,24780828,568.890,SANTA CLARA,RR-H1,OTHER / UNKNOWN,0,0,0,,,1973-07-23,37.186266,-121.830393,22,>100ac whole-area -45; owner +5; zoning RR-H1 +12,ATTOM taxassessor (Santa Clara County),,
2 Santa Clara County,SANTA CLARA COUNTY,,SAN JOSE,583-26-001,22210067,509.873,SANTA CLARA,RR-H1,OTHER / UNKNOWN,0,0,0,,,1973-07-23,37.1812,-121.85434,22,>100ac whole-area -45; owner +5; zoning RR-H1 +12,ATTOM taxassessor (Santa Clara County),,
2 Santa Clara County,SANTA CLARA COUNTY,,SAN JOSE,583-25-011,20350651,467.187,SANTA CLARA,RR-H1,OTHER / UNKNOWN,0,0,0,,,1973-07-23,37.190633,-121.854948,22,>100ac whole-area -45; owner +5; zoning RR-H1 +12,ATTOM taxassessor (Santa Clara County),,
5 State of California,CALIFORNIA STATE,,SAN JOSE,569-05-005,95396,2.190,SANTA CLARA,LI,AGRICULTURE / FARMING,0,0,0,,,1990-01-30,37.252655,-121.884978,22,AGRICULTURE / FARMING -25; 1-5ac +12; owner -15,ATTOM taxassessor (Santa Clara County),,
3 Municipal,SAN JOSE CITY,16260 PENITENCIA CREEK RD,SAN JOSE,612-46-001,12767125,293.093,SANTA CLARA,SJ,Residential,0,0,0,,,,37.404167,-121.792155,20,Residential +10; >100ac whole-area -45; owner +5,ATTOM taxassessor (Santa Clara County),,
3 Municipal,SAN JOSE CITY,15350 PENITENCIA CREEK RD,SAN JOSE,595-07-015,8566396,196.657,SANTA CLARA,SJ,Residential,0,0,0,,,,37.398525,-121.805581,20,Residential +10; >100ac whole-area -45; owner +5,ATTOM taxassessor (Santa Clara County),,
3 Municipal,CITY OF PALO ALTO,,PALO ALTO,008-04-001,6665116,153.010,SANTA CLARA,A,VACANT LAND,0,0,0,,2016-07-28,,37.445471,-122.113311,20,VACANT LAND +25; >100ac whole-area -45; owner +5; zoning A -15,ATTOM taxassessor (Santa Clara County),,
3 Municipal,SANTA CLARA CITY OF SPORTS & OPEN S,,SANTA CLARA,097-05-106,1372247,31.503,SANTA CLARA,A,COMMERCIAL,0,0,0,,,1989-02-09,37.406888,-121.956708,20,COMMERCIAL +5; 20-100ac big -25; owner +5; zoning A -15,ATTOM taxassessor (Santa Clara County),,
5 State of California,CALIFORNIA STATE,1604 HOPE DR,SANTA CLARA,097-08-052,789742,18.130,SANTA CLARA,APD,COMMERCIAL,0,0,0,,,,37.398358,-121.955868,20,COMMERCIAL +5; 5-20ac -5; owner -15; zoning APD -15,ATTOM taxassessor (Santa Clara County),,
2 Santa Clara County,SANTA CLARA COUNTY TRANSIT DIST,5300 TERNER WAY,SAN JOSE,458-11-021,297514,6.830,SANTA CLARA,A-20S,COMMERCIAL,0,0,0,,,,37.256923,-121.861808,20,COMMERCIAL +5; 5-20ac -5; owner -15; zoning A-20S -15,ATTOM taxassessor (Santa Clara County),,
2 Santa Clara County,SANTA CLARA VTA,1039 COLEMAN RD,SAN JOSE,694-02-031,251733,5.779,SANTA CLARA,APD,COMMERCIAL,0,0,0,,,,37.243805,-121.870618,20,COMMERCIAL +5; 5-20ac -5; owner -15; zoning APD -15,ATTOM taxassessor (Santa Clara County),,
5 State of California,CALIFORNIA STATE,15015 CARTER AVE,SAN JOSE,569-18-084,41382,0.950,SANTA CLARA,CN,PUBLIC WORKS,0,0,0,,,,37.25107,-121.90926,20,PUBLIC WORKS -35; <1ac infill +20; owner -15,ATTOM taxassessor (Santa Clara County),,
1 Federal,UNITED STATES AMERICA,,SUNNYVALE,160-56-003,27443,0.630,SANTA CLARA,A2B4,PUBLIC WORKS,0,0,0,,,1963-10-23,37.398455,-122.04317,20,PUBLIC WORKS -35; <1ac infill +20; zoning A2B4 -15,ATTOM taxassessor (Santa Clara County),,
5 State of California,CALIFORNIA STATE,,SAN JOSE,456-09-020,27263,0.626,SANTA CLARA,MI,PUBLIC WORKS,0,0,0,,,,37.295072,-121.873066,20,PUBLIC WORKS -35; <1ac infill +20; owner -15,ATTOM taxassessor (Santa Clara County),,
2 Santa Clara County,SANTA CLARA VLY TRANS AUTH VTA,1108 COLEMAN AVE,SAN JOSE,230-46-066,25264,0.580,SANTA CLARA,00,PUBLIC WORKS,0,0,0,,,2003-08-08,37.35087,-121.920009,20,PUBLIC WORKS -35; <1ac infill +20; owner -15,ATTOM taxassessor (Santa Clara County),,
5 State of California,STATE CALIFORNIA,,SAN JOSE,421-37-015,20473,0.470,SANTA CLARA,C1,PUBLIC WORKS,0,0,0,,,1994-12-15,37.253722,-121.951072,20,PUBLIC WORKS -35; <1ac infill +20; owner -15,ATTOM taxassessor (Santa Clara County),,
2 Santa Clara County,SANTA CLARA VTA,,SUNNYVALE,216-27-058,10019,0.230,SANTA CLARA,I,PUBLIC WORKS,0,0,0,,,2002-07-26,37.370637,-121.994148,20,PUBLIC WORKS -35; <1ac infill +20; owner -15,ATTOM taxassessor (Santa Clara County),,
5 State of California,STATE OF CALIFORNIA,,SUNNYVALE,110-02-072,9411,0.216,SANTA CLARA,M3,PUBLIC WORKS,0,0,0,,2007-08-28,,37.401984,-122.03373,20,PUBLIC WORKS -35; <1ac infill +20; owner -15,ATTOM taxassessor (Santa Clara County),,
2 Santa Clara County,SANTA CLARA VTA,70 BARACK OBAMA BLVD,SAN JOSE,259-38-114,6600,0.152,SANTA CLARA,M1H,PUBLIC WORKS,0,0,0,,2001-03-02,2001-05-03,37.330012,-121.899751,20,PUBLIC WORKS -35; <1ac infill +20; owner -15,ATTOM taxassessor (Santa Clara County),,
3 Municipal,SAN JOSE CITY,415 YERBA BUENA RD,SAN JOSE,660-20-005,1227317,28.175,SANTA CLARA,R16,AGRICULTURE / FARMING,0,0,0,,,1975-01-15,37.302017,-121.759103,17,AGRICULTURE / FARMING -25; 20-100ac big -25; owner +5; zoning R16 +12,ATTOM taxassessor (Santa Clara County),,
4 School / Public Ed,REGENTS OF UNIVERSITY/CALIFORNIA,16070 MOUNT HAMILTON RD,SAN JOSE,627-22-002,181440,4.165,SANTA CLARA,AR,PUBLIC WORKS,0,0,0,,2007-11-30,2007-11-30,37.386178,-121.74312,17,PUBLIC WORKS -35; 1-5ac +12; owner +5; zoning AR -15,ATTOM taxassessor (Santa Clara County),,
3 Municipal,SAN FRANCISCO CITY & CO OF SFPUC,,SAN JOSE,042-02-008,174608,4.008,SANTA CLARA,AR,PUBLIC WORKS,344794,0,344794,0.000,,,37.453952,-121.797043,17,PUBLIC WORKS -35; 1-5ac +12; owner +5; zoning AR -15,ATTOM taxassessor (Santa Clara County),,
3 Municipal,SAN FRANCISCO CITY & CO OF SFPUC,,SAN JOSE,042-01-005,166400,3.820,SANTA CLARA,AR,PUBLIC WORKS,61657,0,61657,0.000,,,37.469891,-121.723976,17,PUBLIC WORKS -35; 1-5ac +12; owner +5; zoning AR -15,ATTOM taxassessor (Santa Clara County),,
2 Santa Clara County,COUNTY OF SANTA CLARA,675 E SANTA CLARA ST,SAN JOSE,467-14-087,118919,2.730,SANTA CLARA,APD,PUBLIC WORKS,0,0,0,,2010-01-27,2010-01-27,37.344132,-121.876306,17,PUBLIC WORKS -35; 1-5ac +12; owner +5; zoning APD -15,ATTOM taxassessor (Santa Clara County),,
2 Santa Clara County,COUNTY OF SANTA CLARA,,SAN JOSE,678-08-033,85621,1.966,SANTA CLARA,A1,PUBLIC WORKS,0,0,0,,2020-10-23,2020-10-23,37.254867,-121.77773,17,PUBLIC WORKS -35; 1-5ac +12; owner +5; zoning A1 -15,ATTOM taxassessor (Santa Clara County),,
2 Santa Clara County,SANTA CLARA COUNTY (CA),,CUPERTINO,342-52-007,81021,1.860,SANTA CLARA,A140,PUBLIC WORKS,0,0,0,,2003-09-26,2003-09-26,37.339007,-122.090259,17,PUBLIC WORKS -35; 1-5ac +12; owner +5; zoning A140 -15,ATTOM taxassessor (Santa Clara County),,
3 Municipal,SAN JOSE CITY (CA),,SAN JOSE,660-32-012,69303,1.591,SANTA CLARA,A,PUBLIC WORKS,0,0,0,,1998-04-22,1988-05-25,37.310777,-121.763118,17,PUBLIC WORKS -35; 1-5ac +12; owner +5; zoning A -15,ATTOM taxassessor (Santa Clara County),,
3 Municipal,CITY OF SAN JOSE,1487 NISICH DR,SAN JOSE,477-55-106,56000,1.286,SANTA CLARA,OS,PUBLIC WORKS,0,0,0,,2005-08-19,2005-08-19,37.318205,-121.833882,17,PUBLIC WORKS -35; 1-5ac +12; owner +5; zoning OS -15,ATTOM taxassessor (Santa Clara County),,
2 Santa Clara County,SANTA CLARA COUNTY OPEN SPACE,33 LAS COLINAS LN,SAN JOSE,706-09-072,50530,1.160,SANTA CLARA,IP,INDUSTRIAL,0,0,0,,2015-05-01,2015-05-01,37.23839,-121.778011,17,1-5ac +12; owner -45,ATTOM taxassessor (Santa Clara County),,
3 Municipal,SAN JOSE CITY,2151 AIRPORT BLVD,SAN JOSE,230-02-025,4830962,110.904,SANTA CLARA,SJ,Commercial,0,0,0,,,,37.367444,-121.933097,15,Commercial +5; >100ac whole-area -45; owner +5,ATTOM taxassessor (Santa Clara County),,
2 Santa Clara County,SANTA CLARA COUNTY,,SAN JOSE,679-06-005,4093769,93.980,SANTA CLARA,A1-25,OTHER / UNKNOWN,0,0,0,,,,37.279951,-121.805538,15,20-100ac big -25; owner +5; zoning A1-25 -15,ATTOM taxassessor (Santa Clara County),,
3 Municipal,SAN JOSE CITY,4235 ZANKER RD,SAN JOSE,015-31-044,2296483,52.720,SANTA CLARA,A,OTHER / UNKNOWN,0,0,0,,,1973-01-09,37.428952,-121.945224,15,20-100ac big -25; owner +5; zoning A -15,ATTOM taxassessor (Santa Clara County),,
2 Santa Clara County,SANTA CLARA COUNTY,,SAN JOSE,494-16-013,2257922,51.835,SANTA CLARA,A-1A,OTHER / UNKNOWN,0,0,0,,,1973-02-26,37.28048,-121.810757,15,20-100ac big -25; owner +5; zoning A-1A -15,ATTOM taxassessor (Santa Clara County),,
2 Santa Clara County,SANTA CLARA COUNTY,,SAN JOSE,678-02-032,1904155,43.713,SANTA CLARA,A1-20,OTHER / UNKNOWN,0,0,0,,,1985-05-01,37.230658,-121.752575,15,20-100ac big -25; owner +5; zoning A1-20 -15,ATTOM taxassessor (Santa Clara County),,
2 Santa Clara County,SANTA CLARA COUNTY,,SAN JOSE,679-04-002,1762311,40.457,SANTA CLARA,A1-25,OTHER / UNKNOWN,0,0,0,,,,37.2614,-121.792802,15,20-100ac big -25; owner +5; zoning A1-25 -15,ATTOM taxassessor (Santa Clara County),,
3 Municipal,SAN JOSE CITY,,SAN JOSE,015-31-061,1647003,37.810,SANTA CLARA,A,OTHER / UNKNOWN,0,0,0,,,,37.424627,-121.942099,15,20-100ac big -25; owner +5; zoning A -15,ATTOM taxassessor (Santa Clara County),,
2 Santa Clara County,SANTA CLARA COUNTY TRANSIT DIST,,SAN JOSE,097-04-037,1420491,32.610,SANTA CLARA,IP,COMMERCIAL,0,0,0,,,1975-09-26,37.416371,-121.934786,15,COMMERCIAL +5; 20-100ac big -25; owner -15,ATTOM taxassessor (Santa Clara County),,
2 Santa Clara County,SANTA CLARA COUNTY,,SAN JOSE,627-03-031,1373011,31.520,SANTA CLARA,AR-SR,OTHER / UNKNOWN,0,0,0,,,1975-11-13,37.359618,-121.707204,15,20-100ac big -25; owner +5; zoning AR-SR -15,ATTOM taxassessor (Santa Clara County),,
2 Santa Clara County,SANTA CLARA COUNTY,995 HELLYER AVE,SAN JOSE,494-25-010,1313351,30.150,SANTA CLARA,A,OTHER / UNKNOWN,0,0,0,,,,37.287557,-121.812968,15,20-100ac big -25; owner +5; zoning A -15,ATTOM taxassessor (Santa Clara County),,
2 Santa Clara County,SANTA CLARA COUNTY,,SAN JOSE,679-06-007,1162616,26.690,SANTA CLARA,A1-25,OTHER / UNKNOWN,0,0,0,,,,37.2772,-121.80229,15,20-100ac big -25; owner +5; zoning A1-25 -15,ATTOM taxassessor (Santa Clara County),,
2 Santa Clara County,SANTA CLARA COUNTY,,SAN JOSE,494-25-032,1006505,23.106,SANTA CLARA,A,OTHER / UNKNOWN,0,0,0,,,1972-03-01,37.286869,-121.811014,15,20-100ac big -25; owner +5; zoning A -15,ATTOM taxassessor (Santa Clara County),,
5 State of California,CALIFORNIA STATE,,SAN JOSE,097-04-039,939859,21.576,SANTA CLARA,IP,Commercial,0,0,0,,,,37.413216,-121.926336,15,Commercial +5; 20-100ac big -25; owner -15,ATTOM taxassessor (Santa Clara County),,
4 School / Public Ed,MCKINLEY S D FRANKLIN,1702 MCLAUGHLIN AVE,SAN JOSE,477-57-035,805773,18.498,SANTA CLARA,SJ,PUBLIC WORKS,0,0,0,,,,37.326596,-121.845244,15,PUBLIC WORKS -35; 5-20ac -5; owner +5,ATTOM taxassessor (Santa Clara County),,
2 Santa Clara County,SANTA CLARA COUNTY TRANSIT DIST,3331 N 1ST ST,SAN JOSE,097-06-032,760993,17.470,SANTA CLARA,A(PD),INDUSTRIAL,0,0,0,,1994-10-04,1994-10-04,37.400112,-121.939943,15,5-20ac -5; owner -15; zoning A(PD) -15,ATTOM taxassessor (Santa Clara County),,
3 Municipal,MT VIEW CITY,2195 N SHORELINE BLVD,MOUNTAIN VIEW,116-22-026,704800,16.180,SANTA CLARA,P(34),PUBLIC WORKS,0,0,0,,,1984-06-11,37.426965,-122.076875,15,PUBLIC WORKS -35; 5-20ac -5; owner +5,ATTOM taxassessor (Santa Clara County),,
2 Santa Clara County,SANTA CLARA COUNTY,350 BROCKENHURST DR,SAN JOSE,708-02-011,700880,16.090,SANTA CLARA,HS,PUBLIC WORKS,0,0,0,,,1973-08-30,37.220192,-121.792388,15,PUBLIC WORKS -35; 5-20ac -5; owner +5,ATTOM taxassessor (Santa Clara County),,
2 Santa Clara County,SANTA CLARA COUNTY,250 W HEDDING ST,SAN JOSE,259-04-025,529211,0.000,SANTA CLARA,SJ,PUBLIC WORKS,0,0,0,,,,37.350261,-121.906931,15,PUBLIC WORKS -35; 5-20ac -5; owner +5,ATTOM taxassessor (Santa Clara County),,
5 State of California,CALIFORNIA STATE,,MOUNTAIN VIEW,015-36-028,515211,11.828,SANTA CLARA,A-20S,OTHER / UNKNOWN,0,0,0,,,,37.449703,-122.077619,15,5-20ac -5; owner -15; zoning A-20S -15,ATTOM taxassessor (Santa Clara County),,
2 Santa Clara County,SANTA CLARA COUNTY,,SAN JOSE,678-05-060,498762,11.450,SANTA CLARA,IP,PUBLIC WORKS,0,0,0,,,,37.253134,-121.779023,15,PUBLIC WORKS -35; 5-20ac -5; owner +5,ATTOM taxassessor (Santa Clara County),,
4 School / Public Ed,SAN JOSE UNIFIED S D,SONORA AVE,SAN JOSE,230-29-006,473497,10.870,SANTA CLARA,SJ,PUBLIC WORKS,0,0,0,,,,37.362365,-121.912698,15,PUBLIC WORKS -35; 5-20ac -5; owner +5,ATTOM taxassessor (Santa Clara County),,
4 School / Public Ed,S D CAMBRIAN,15711 WOODARD RD,SAN JOSE,414-29-014,466092,10.700,SANTA CLARA,SJ,PUBLIC WORKS,0,0,0,,,,37.261082,-121.943176,15,PUBLIC WORKS -35; 5-20ac -5; owner +5,ATTOM taxassessor (Santa Clara County),,
4 School / Public Ed,ROCK UNION S D ALUM,100 KIRK AVE,SAN JOSE,599-39-001,466092,10.700,SANTA CLARA,SJ,PUBLIC WORKS,0,0,0,,,,37.378155,-121.824088,15,PUBLIC WORKS -35; 5-20ac -5; owner +5,ATTOM taxassessor (Santa Clara County),,
4 School / Public Ed,UNION S D BERRYESSA,,SAN JOSE,599-10-031,465139,10.678,SANTA CLARA,SJ,PUBLIC WORKS,0,0,0,,,,37.390387,-121.839066,15,PUBLIC WORKS -35; 5-20ac -5; owner +5,ATTOM taxassessor (Santa Clara County),,
4 School / Public Ed,ORCHARD SCHOOL DIST,921 FOX LN,SAN JOSE,237-15-201,453328,10.407,SANTA CLARA,PUB,PUBLIC WORKS,0,0,0,,,1996-04-09,37.388897,-121.901942,15,PUBLIC WORKS -35; 5-20ac -5; owner +5,ATTOM taxassessor (Santa Clara County),,
4 School / Public Ed,MCKINLEY S D FRANKLIN,3200 WATER ST,SAN JOSE,497-16-037,439608,10.092,SANTA CLARA,SJ,PUBLIC WORKS,0,0,0,,,,37.28874,-121.839622,15,PUBLIC WORKS -35; 5-20ac -5; owner +5,ATTOM taxassessor (Santa Clara County),,
4 School / Public Ed,MCKINLEY S D FRANKLIN,,SAN JOSE,472-01-022,435600,10.000,SANTA CLARA,SJ,PUBLIC WORKS,0,0,0,,,,37.337492,-121.86232,15,PUBLIC WORKS -35; 5-20ac -5; owner +5,ATTOM taxassessor (Santa Clara County),,
4 School / Public Ed,MCKINLEY S D FRANKLIN,1598 LUCRETIA AVE,SAN JOSE,477-44-026,427323,9.810,SANTA CLARA,SJ,PUBLIC WORKS,0,0,0,,,1963-02-08,37.325523,-121.85129,15,PUBLIC WORKS -35; 5-20ac -5; owner +5,ATTOM taxassessor (Santa Clara County),,
4 School / Public Ed,WEST VALLEYMISSION COMMUNITY COLLEGE DIST,,SANTA CLARA,104-16-116,426632,9.794,SANTA CLARA,SC,PUBLIC WORKS,0,0,0,,,1973-02-05,37.392819,-121.986059,15,PUBLIC WORKS -35; 5-20ac -5; owner +5,ATTOM taxassessor (Santa Clara County),,
2 Santa Clara County,SANTA CLARA COUNTY,801 N 1ST ST,SAN JOSE,259-04-023,425363,9.765,SANTA CLARA,SJ,PUBLIC WORKS,0,0,0,,2011-07-01,2011-07-01,37.350954,-121.90356,15,PUBLIC WORKS -35; 5-20ac -5; owner +5,ATTOM taxassessor (Santa Clara County),,
4 School / Public Ed,S D MORELAND,3500 AMBER DR,SAN JOSE,299-05-016,424710,9.750,SANTA CLARA,SJ,PUBLIC WORKS,0,0,0,,,,37.304119,-121.959501,15,PUBLIC WORKS -35; 5-20ac -5; owner +5,ATTOM taxassessor (Santa Clara County),,
4 School / Public Ed,UNION S D CUPERTINO,,SAN JOSE,381-01-034,411642,9.450,SANTA CLARA,SJ,PUBLIC WORKS,0,0,0,,,,37.310684,-121.989732,15,PUBLIC WORKS -35; 5-20ac -5; owner +5,ATTOM taxassessor (Santa Clara County),,
4 School / Public Ed,HILL UNIFIED S D MORGAN,,SAN JOSE,706-28-026,406787,9.339,SANTA CLARA,SJ,PUBLIC WORKS,0,0,0,,2018-12-10,2018-12-10,37.225737,-121.771125,15,PUBLIC WORKS -35; 5-20ac -5; owner +5,ATTOM taxassessor (Santa Clara County),,
4 School / Public Ed,UNION S D CAMPBELL,881 CYPRESS AVE,SAN JOSE,299-30-005,386420,8.871,SANTA CLARA,SJ,PUBLIC WORKS,0,0,0,,,,37.311158,-121.961277,15,PUBLIC WORKS -35; 5-20ac -5; owner +5,ATTOM taxassessor (Santa Clara County),,
4 School / Public Ed,UNION S D CUPERTINO,,SAN JOSE,378-09-004,386377,8.870,SANTA CLARA,LI,PUBLIC WORKS,0,0,0,,,1963-08-09,37.30384,-121.997865,15,PUBLIC WORKS -35; 5-20ac -5; owner +5,ATTOM taxassessor (Santa Clara County),,
4 School / Public Ed,S D MORELAND,,SAN JOSE,403-02-057,380171,8.728,SANTA CLARA,SJ,PUBLIC WORKS,0,0,0,,,,37.2843,-121.985755,15,PUBLIC WORKS -35; 5-20ac -5; owner +5,ATTOM taxassessor (Santa Clara County),,
4 School / Public Ed,UNION S D CAMPBELL,4450 MCCOY AVE,CAMPBELL,403-07-048,373854,8.583,SANTA CLARA,P-F,PUBLIC WORKS,0,0,0,,,,37.275101,-121.982226,15,PUBLIC WORKS -35; 5-20ac -5; owner +5,ATTOM taxassessor (Santa Clara County),,
3 Municipal,SAN JOSE CITY,,SAN JOSE,259-04-018,361485,8.299,SANTA CLARA,SJ,PUBLIC WORKS,0,0,0,,,1986-08-13,37.349778,-121.905527,15,PUBLIC WORKS -35; 5-20ac -5; owner +5,ATTOM taxassessor (Santa Clara County),,
3 Municipal,SAN JOSE CITY,298 EMORY ST,SAN JOSE,259-07-114,348320,7.996,SANTA CLARA,C,PUBLIC WORKS,0,0,0,,2002-07-03,2002-07-03,37.34658,-121.907215,15,PUBLIC WORKS -35; 5-20ac -5; owner +5,ATTOM taxassessor (Santa Clara County),,
3 Municipal,PALO ALTO CITY,1530 ARASTRADERO RD,PALO ALTO,182-33-012,336283,7.720,SANTA CLARA,0S,PUBLIC WORKS,0,0,0,,,1976-06-09,37.38837,-122.174202,15,PUBLIC WORKS -35; 5-20ac -5; owner +5,ATTOM taxassessor (Santa Clara County),,
3 Municipal,SAN FRANCISCO CITY & CO OF,,PALO ALTO,142-17-033,325393,7.470,SANTA CLARA,PF,PUBLIC WORKS,783192,0,783192,0.000,,,37.404723,-122.145345,15,PUBLIC WORKS -35; 5-20ac -5; owner +5,ATTOM taxassessor (Santa Clara County),,
3 Municipal,SAN JOSE CITY,,SAN JOSE,477-38-018,321952,7.391,SANTA CLARA,HI,PUBLIC WORKS,0,0,0,,,,37.320377,-121.862376,15,PUBLIC WORKS -35; 5-20ac -5; owner +5,ATTOM taxassessor (Santa Clara County),,
3 Municipal,SUNNYVALE CITY,456 W OLIVE AVE,SUNNYVALE,165-03-007,296208,6.800,SANTA CLARA,O,PUBLIC WORKS,0,0,0,,1998-12-17,1998-12-17,37.371077,-122.037619,15,PUBLIC WORKS -35; 5-20ac -5; owner +5,ATTOM taxassessor (Santa Clara County),,
3 Municipal,SANTA CLARA CITY,1505 WARBURTON AVE,SANTA CLARA,224-50-001,293594,6.740,SANTA CLARA,B,PUBLIC WORKS,0,0,0,,1998-03-19,1998-03-19,37.356564,-121.954888,15,PUBLIC WORKS -35; 5-20ac -5; owner +5,ATTOM taxassessor (Santa Clara County),,
3 Municipal,CITY OF SUNNYVALE,,SUNNYVALE,205-22-035,282970,6.496,SANTA CLARA,ITRR3,PUBLIC WORKS,0,0,0,,2022-06-30,2022-06-30,37.38719,-121.999564,15,PUBLIC WORKS -35; 5-20ac -5; owner +5,ATTOM taxassessor (Santa Clara County),,
3 Municipal,CITY OF SANTA CLARA,,SANTA CLARA,104-55-017,277890,6.380,SANTA CLARA,SC,PUBLIC WORKS,0,0,0,,2021-02-18,,37.404392,-121.975033,15,PUBLIC WORKS -35; 5-20ac -5; owner +5,ATTOM taxassessor (Santa Clara County),,
4 School / Public Ed,UNIFIED S D SAN JOSE,,SAN JOSE,455-13-039,268924,6.174,SANTA CLARA,SJ,PUBLIC WORKS,0,0,0,,2006-06-22,2006-06-22,37.284167,-121.877297,15,PUBLIC WORKS -35; 5-20ac -5; owner +5,ATTOM taxassessor (Santa Clara County),,
3 Municipal,SAN FRANCISCO CITY & COUNTY OF,,SANTA CLARA,097-05-002,264409,6.070,SANTA CLARA,B,PUBLIC WORKS,92650,0,92650,0.000,,,37.403722,-121.95809,15,PUBLIC WORKS -35; 5-20ac -5; owner +5,ATTOM taxassessor (Santa Clara County),,
3 Municipal,SANTA CLARA CITY OF SPORTS & OPEN S,4750 LICK MILL BLVD,SANTA CLARA,097-05-096,248292,5.700,SANTA CLARA,B,PUBLIC WORKS,0,0,0,,,1989-02-09,37.403628,-121.95663,15,PUBLIC WORKS -35; 5-20ac -5; owner +5,ATTOM taxassessor (Santa Clara County),,
3 Municipal,SANTA CLARA CITY,,SANTA CLARA,101-09-027,246114,5.650,SANTA CLARA,B,PUBLIC WORKS,0,0,0,,,,37.38778,-121.94557,15,PUBLIC WORKS -35; 5-20ac -5; owner +5,ATTOM taxassessor (Santa Clara County),,
5 State of California,CALIFORNIA STATE,,MOUNTAIN VIEW,015-36-017,242494,5.567,SANTA CLARA,A-20S,OTHER / UNKNOWN,0,0,0,,,,37.446966,-122.088962,15,5-20ac -5; owner -15; zoning A-20S -15,ATTOM taxassessor (Santa Clara County),,
4 School / Public Ed,SAN JOSE UNIFIED S D,502 ILLINOIS AVE,SAN JOSE,264-18-047,240015,5.510,SANTA CLARA,SJ,PUBLIC WORKS,0,0,0,,,1974-02-22,37.321265,-121.895809,15,PUBLIC WORKS -35; 5-20ac -5; owner +5,ATTOM taxassessor (Santa Clara County),,
3 Municipal,SAN FRANCISCO CITY & COUNTY OF,,SAN JOSE,097-06-004,217800,5.000,SANTA CLARA,IP,PUBLIC WORKS,72715,0,72715,0.000,2020-10-29,2020-10-29,37.406711,-121.948385,15,PUBLIC WORKS -35; 5-20ac -5; owner +5,ATTOM taxassessor (Santa Clara County),,
5 State of California,STATE CALIFORNIA,,SAN JOSE,706-04-020,17459,0.000,SANTA CLARA,A140,AGRICULTURE / FARMING,0,0,0,,,,37.240291,-121.793765,15,AGRICULTURE / FARMING -25; <1ac infill +20; owner -15; zoning A140 -15,ATTOM taxassessor (Santa Clara County),,
2 Santa Clara County,SANTA CLARA COUNTY TRANSIT DIST,,SAN JOSE,706-03-013,14810,0.340,SANTA CLARA,A140,AGRICULTURE / FARMING,0,0,0,,,1982-10-06,37.236382,-121.789067,15,AGRICULTURE / FARMING -25; <1ac infill +20; owner -15; zoning A140 -15,ATTOM taxassessor (Santa Clara County),,
5 State of California,CALIFORNIA STATE,,SAN JOSE,456-09-021,173659,3.987,SANTA CLARA,MI,PUBLIC WORKS,0,0,0,,,,37.294832,-121.873832,12,PUBLIC WORKS -35; 1-5ac +12; owner -15,ATTOM taxassessor (Santa Clara County),,
5 State of California,STATE CALIFORNIA,,SAN JOSE,706-05-033,172161,3.952,SANTA CLARA,PUB,PUBLIC WORKS,0,0,0,,,1990-12-28,37.24174,-121.79945,12,PUBLIC WORKS -35; 1-5ac +12; owner -15,ATTOM taxassessor (Santa Clara County),,
5 State of California,STATE CALIFORNIA,,SAN JOSE,706-05-039,143889,0.000,SANTA CLARA,M1PD,PUBLIC WORKS,0,0,0,,,,37.241393,-121.802153,12,PUBLIC WORKS -35; 1-5ac +12; owner -15,ATTOM taxassessor (Santa Clara County),,
5 State of California,CALIFORNIA STATE,,SAN JOSE,692-02-029,129808,2.980,SANTA CLARA,SJ,PUBLIC WORKS,0,0,0,,,1988-05-23,37.244203,-121.804448,12,PUBLIC WORKS -35; 1-5ac +12; owner -15,ATTOM taxassessor (Santa Clara County),,
1 Federal,UNITED STATES AMERICA,,SUNNYVALE,165-40-002,45298,1.040,SANTA CLARA,A2B4,PUBLIC WORKS,0,0,0,,,1963-10-23,37.397521,-122.037474,12,PUBLIC WORKS -35; 1-5ac +12; zoning A2B4 -15,ATTOM taxassessor (Santa Clara County),,
3 Municipal,PALO ALTO CITY,,PALO ALTO,182-37-010,57480446,1319.570,SANTA CLARA,PA,OTHER / UNKNOWN,0,0,0,,,,37.35451,-122.184767,10,>100ac whole-area -45; owner +5,ATTOM taxassessor (Santa Clara County),,
3 Municipal,PALO ALTO CITY,1901 EMBARCADERO RD,PALO ALTO,008-06-001,25893806,594.440,SANTA CLARA,PA,OTHER / UNKNOWN,0,0,0,,,,37.459913,-122.111399,10,>100ac whole-area -45; owner +5,ATTOM taxassessor (Santa Clara County),,
2 Santa Clara County,SANTA CLARA COUNTY,,SAN JOSE,581-27-006,21809818,500.685,SANTA CLARA,HS,OTHER / UNKNOWN,0,0,0,,,1973-07-23,37.197216,-121.86801,10,>100ac whole-area -45; owner +5,ATTOM taxassessor (Santa Clara County),,
2 Santa Clara County,SANTA CLARA COUNTY,,CUPERTINO,351-13-013,21275938,488.428,SANTA CLARA,HS,OTHER / UNKNOWN,0,0,0,,,,37.280386,-122.135901,10,>100ac whole-area -45; owner +5,ATTOM taxassessor (Santa Clara County),,
2 Santa Clara County,SANTA CLARA COUNTY,,CUPERTINO,351-13-028,18888674,433.624,SANTA CLARA,HS-SR,OTHER / UNKNOWN,0,0,0,,,,37.290237,-122.140482,10,>100ac whole-area -45; owner +5,ATTOM taxassessor (Santa Clara County),,
3 Municipal,PALO ALTO CITY,,PALO ALTO,182-35-041,13143522,301.734,SANTA CLARA,PA,OTHER / UNKNOWN,0,0,0,,,1976-06-09,37.376536,-122.186735,10,>100ac whole-area -45; owner +5,ATTOM taxassessor (Santa Clara County),,
2 Santa Clara County,SANTA CLARA COUNTY,,PALO ALTO,351-12-031,11432270,262.449,SANTA CLARA,PA,OTHER / UNKNOWN,0,0,0,,,,37.295266,-122.147536,10,>100ac whole-area -45; owner +5,ATTOM taxassessor (Santa Clara County),,
2 Santa Clara County,SANTA CLARA COUNTY,13851 STEVENS CANYON RD,CUPERTINO,351-16-028,10499419,241.034,SANTA CLARA,HS-SR,OTHER / UNKNOWN,0,0,0,,,,37.277243,-122.084632,10,>100ac whole-area -45; owner +5,ATTOM taxassessor (Santa Clara County),,
3 Municipal,CITY OF MOUNTAIN VIEW,,MOUNTAIN VIEW,015-36-025,10245747,235.210,SANTA CLARA,PF,OTHER / UNKNOWN,0,0,0,,2019-02-20,,37.433672,-122.081743,10,>100ac whole-area -45; owner +5,ATTOM taxassessor (Santa Clara County),,
2 Santa Clara County,SANTA CLARA COUNTY,,SAN JOSE,494-66-006,8424504,193.400,SANTA CLARA,SJ,OTHER / UNKNOWN,0,0,0,,,,37.284906,-121.81374,10,>100ac whole-area -45; owner +5,ATTOM taxassessor (Santa Clara County),,
1 Federal,UNITED STATES AMERICA,,MOUNTAIN VIEW,116-12-008,5904122,135.540,SANTA CLARA,PF,Commercial,0,0,0,,,,37.421739,-122.063927,10,Commercial +5; >100ac whole-area -45,ATTOM taxassessor (Santa Clara County),,
2 Santa Clara County,SANTA CLARA COUNTY,,CUPERTINO,351-16-019,5833537,133.920,SANTA CLARA,HS-SR,OTHER / UNKNOWN,0,0,0,,,,37.282493,-122.071779,10,>100ac whole-area -45; owner +5,ATTOM taxassessor (Santa Clara County),,
2 Santa Clara County,SANTA CLARA COUNTY,,SAN JOSE,725-03-003,5674214,130.262,SANTA CLARA,SJ,OTHER / UNKNOWN,0,0,0,,,1979-06-25,37.172775,-121.678706,10,>100ac whole-area -45; owner +5,ATTOM taxassessor (Santa Clara County),,
3 Municipal,SAN JOSE CITY,,SAN JOSE,015-31-050,5607043,128.720,SANTA CLARA,HI,OTHER / UNKNOWN,0,0,0,,,1976-12-21,37.432883,-121.93286,10,>100ac whole-area -45; owner +5,ATTOM taxassessor (Santa Clara County),,
2 Santa Clara County,SANTA CLARA COUNTY,,SAN JOSE,654-31-006,4369504,100.310,SANTA CLARA,HS,OTHER / UNKNOWN,0,0,0,,,1979-07-13,37.35354,-121.753238,10,>100ac whole-area -45; owner +5,ATTOM taxassessor (Santa Clara County),,
1 Federal,UNITED STATES AMERICA,,MOUNTAIN VIEW,116-15-016,3099730,71.160,SANTA CLARA,A1-20,OTHER / UNKNOWN,0,0,0,,,,37.413375,-122.066156,10,20-100ac big -25; zoning A1-20 -15,ATTOM taxassessor (Santa Clara County),,
1 Federal,UNITED STATES AMERICA,,MOUNTAIN VIEW,015-36-011,2999682,68.863,SANTA CLARA,A1-20,OTHER / UNKNOWN,0,0,0,,,,37.43022,-122.061713,10,20-100ac big -25; zoning A1-20 -15,ATTOM taxassessor (Santa Clara County),,
2 Santa Clara County,SANTA CLARA COUNTY TRANSIT DIST,,SAN JOSE,097-04-020,2412612,55.386,SANTA CLARA,IP,OTHER / UNKNOWN,0,0,0,,,1975-09-26,37.419216,-121.935467,10,20-100ac big -25; owner -15,ATTOM taxassessor (Santa Clara County),,
5 State of California,CALIFORNIA STATE,1 WASHINGTON SQ,SAN JOSE,467-44-002,1862949,42.767,SANTA CLARA,SJ,OTHER / UNKNOWN,0,0,0,,,,37.335658,-121.882206,10,20-100ac big -25; owner -15,ATTOM taxassessor (Santa Clara County),,
1 Federal,UNITED STATES AMERICA,,MOUNTAIN VIEW,116-18-011,1710643,39.271,SANTA CLARA,A1-20,OTHER / UNKNOWN,0,0,0,,2012-05-02,2012-05-02,37.408277,-122.061081,10,20-100ac big -25; zoning A1-20 -15,ATTOM taxassessor (Santa Clara County),,
1 Federal,UNITED STATES AMERICA,,MOUNTAIN VIEW,116-18-010,1663088,38.179,SANTA CLARA,A1-20,OTHER / UNKNOWN,0,0,0,,,,37.415926,-122.062768,10,20-100ac big -25; zoning A1-20 -15,ATTOM taxassessor (Santa Clara County),,
5 State of California,CALIFORNIA STATE,,SAN JOSE,706-09-119,1454330,33.387,SANTA CLARA,LI,OTHER / UNKNOWN,0,0,0,,,1974-02-28,37.240112,-121.782624,10,20-100ac big -25; owner -15,ATTOM taxassessor (Santa Clara County),,
5 State of California,STATE CALIFORNIA,579 E ALMA AVE,SAN JOSE,477-05-001,1195888,27.454,SANTA CLARA,SJ,OTHER / UNKNOWN,0,0,0,,,1948-07-23,37.322111,-121.864981,10,20-100ac big -25; owner -15,ATTOM taxassessor (Santa Clara County),,
1 Federal,UNITED STATES AMERICA,,SAN JOSE,070-05-049,1096661,25.176,SANTA CLARA,AR,OTHER / UNKNOWN,0,0,0,,,1969-04-29,37.412495,-121.479366,10,20-100ac big -25; zoning AR -15,ATTOM taxassessor (Santa Clara County),,
2 Santa Clara County,COUNTY OF SANTA CLARA,21151 MCKEAN RD,SAN JOSE,742-08-058,682585,15.670,SANTA CLARA,A-20A,AGRICULTURE / FARMING,0,0,0,,2009-10-30,2009-10-30,37.193236,-121.8071,10,AGRICULTURE / FARMING -25; 5-20ac -5; owner +5; zoning A-20A -15,ATTOM taxassessor (Santa Clara County),,
3 Municipal,CITY OF SAN JOSE,SANTA TERESA BLVD,SAN JOSE,708-25-005,646866,14.850,SANTA CLARA,A,AGRICULTURE / FARMING,0,0,0,,2019-11-21,2017-06-01,37.216225,-121.741392,10,AGRICULTURE / FARMING -25; 5-20ac -5; owner +5; zoning A -15,ATTOM taxassessor (Santa Clara County),,
3 Municipal,CITY OF PALO ALTO,1525 ARASTRADERO RD,PALO ALTO,182-33-014,578041,13.270,SANTA CLARA,AW,AGRICULTURE / FARMING,0,0,0,,2005-09-30,2005-09-30,37.386349,-122.175344,10,AGRICULTURE / FARMING -25; 5-20ac -5; owner +5; zoning AW -15,ATTOM taxassessor (Santa Clara County),,
3 Municipal,SAN JOSE CITY,,SAN JOSE,652-08-030,459122,10.540,SANTA CLARA,A,AGRICULTURE / FARMING,0,0,0,,,1976-03-01,37.336576,-121.777339,10,AGRICULTURE / FARMING -25; 5-20ac -5; owner +5; zoning A -15,ATTOM taxassessor (Santa Clara County),,
2 Santa Clara County,SANTA CLARA OPEN SPACE AUTHORI,,SAN JOSE,627-01-006,429501,9.860,SANTA CLARA,AR,VACANT LAND,0,0,0,,2015-09-18,2015-09-18,37.396352,-121.771579,10,VACANT LAND +25; 5-20ac -5; owner -45; zoning AR -15,ATTOM taxassessor (Santa Clara County),,
3 Municipal,SAN JOSE CITY,,SAN JOSE,652-08-033,253084,5.810,SANTA CLARA,A,AGRICULTURE / FARMING,0,0,0,,,1978-01-24,37.336036,-121.778318,10,AGRICULTURE / FARMING -25; 5-20ac -5; owner +5; zoning A -15,ATTOM taxassessor (Santa Clara County),,
3 Municipal,CITY OF SAN JOSE,,SAN JOSE,660-58-002,222591,5.110,SANTA CLARA,A,AGRICULTURE / FARMING,0,0,0,,2017-10-23,2017-10-23,37.271624,-121.740798,10,AGRICULTURE / FARMING -25; 5-20ac -5; owner +5; zoning A -15,ATTOM taxassessor (Santa Clara County),,
1 Federal,UNITED STATES AMERICA,,SUNNYVALE,165-39-010,218971,5.027,SANTA CLARA,PF,PUBLIC WORKS,0,0,0,,,1963-10-23,37.397854,-122.039524,10,PUBLIC WORKS -35; 5-20ac -5,ATTOM taxassessor (Santa Clara County),,
2 Santa Clara County,SANTA CLARA COUNTY,47365 MINES RD,SAN JOSE,070-06-096,217800,5.000,SANTA CLARA,AR-SR,AGRICULTURE / FARMING,0,0,0,,,,37.38967,-121.491551,10,AGRICULTURE / FARMING -25; 5-20ac -5; owner +5; zoning AR-SR -15,ATTOM taxassessor (Santa Clara County),,
3 Municipal,PALO ALTO CITY,,PALO ALTO,351-04-023,1742400,40.000,SANTA CLARA,REA,PUBLIC WORKS,0,0,0,,,,37.332579,-122.17041,7,PUBLIC WORKS -35; 20-100ac big -25; owner +5; zoning REA +12,ATTOM taxassessor (Santa Clara County),,
4 School / Public Ed,SIDE UNION H S D EAST,285 BLOSSOM HILL RD,SAN JOSE,690-09-006,1732004,39.761,SANTA CLARA,R3BH,PUBLIC WORKS,0,0,0,,,,37.253948,-121.820009,7,PUBLIC WORKS -35; 20-100ac big -25; owner +5; zoning R3BH +12,ATTOM taxassessor (Santa Clara County),,
4 School / Public Ed,SIDE UNION H S D EAST,3200 SENTER RD,SAN JOSE,494-23-007,1526211,35.037,SANTA CLARA,R1B6,PUBLIC WORKS,0,0,0,,,,37.293267,-121.829843,7,PUBLIC WORKS -35; 20-100ac big -25; owner +5; zoning R1B6 +12,ATTOM taxassessor (Santa Clara County),,
5 State of California,STATE CALIFORNIA,,SAN JOSE,456-26-046,644087,14.786,SANTA CLARA,R1AB,PUBLIC WORKS,0,0,0,,,,37.28735,-121.869994,7,PUBLIC WORKS -35; 5-20ac -5; owner -15; zoning R1AB +12,ATTOM taxassessor (Santa Clara County),,
5 State of California,STATE CALIFORNIA,,SAN JOSE,627-19-054,117545,2.699,SANTA CLARA,AR,AGRICULTURE / FARMING,0,0,0,,1995-03-15,1995-03-15,37.239991,-121.44587,7,AGRICULTURE / FARMING -25; 1-5ac +12; owner -15; zoning AR -15,ATTOM taxassessor (Santa Clara County),,
2 Santa Clara County,VALLEY WATER SANTA CLARA,,SAN JOSE,477-20-164,83199,1.910,SANTA CLARA,APD,COMMERCIAL,0,0,0,,2013-02-26,2013-02-26,37.315597,-121.852585,7,COMMERCIAL +5; 1-5ac +12; owner -45; zoning APD -15,ATTOM taxassessor (Santa Clara County),,
1 Federal,USA,,SUNNYVALE,015-36-032,11372601,261.079,SANTA CLARA,M3,INDUSTRIAL,0,0,0,,2003-03-06,,37.441476,-122.055353,5,>100ac whole-area -45,ATTOM taxassessor (Santa Clara County),,
2 Santa Clara County,SANTA CLARA COUNTY,,SUNNYVALE,110-06-023,4301309,98.745,SANTA CLARA,SU,AGRICULTURE / FARMING,0,0,0,,,1973-03-15,37.412553,-121.994716,5,AGRICULTURE / FARMING -25; 20-100ac big -25; owner +5,ATTOM taxassessor (Santa Clara County),,
2 Santa Clara County,SANTA CLARA COUNTY,,SAN JOSE,708-33-006,1938856,44.510,SANTA CLARA,S,AGRICULTURE / FARMING,0,0,0,,,1977-08-29,37.186773,-121.764027,5,AGRICULTURE / FARMING -25; 20-100ac big -25; owner +5,ATTOM taxassessor (Santa Clara County),,
3 Municipal,CITY OF SAN JOSE,,SAN JOSE,678-02-035,1393484,31.990,SANTA CLARA,HS,AGRICULTURE / FARMING,0,0,0,,2008-08-05,2008-08-05,37.239655,-121.76293,5,AGRICULTURE / FARMING -25; 20-100ac big -25; owner +5,ATTOM taxassessor (Santa Clara County),,
2 Santa Clara County,SANTA CLARA COUNTY,,SAN JOSE,708-33-007,991425,22.760,SANTA CLARA,HS-SR,AGRICULTURE / FARMING,0,0,0,,,1980-01-17,37.189131,-121.775488,5,AGRICULTURE / FARMING -25; 20-100ac big -25; owner +5,ATTOM taxassessor (Santa Clara County),,
5 State of California,CALIFORNIA STATE,,SAN JOSE,627-17-014,199619984,4582.644,SANTA CLARA,AR-SR,OTHER / UNKNOWN,0,0,0,,,,37.23624,-121.538231,0,>100ac whole-area -45; owner -15; zoning AR-SR -15,ATTOM taxassessor (Santa Clara County),,
5 State of California,CALIFORNIA STATE,,SAN JOSE,627-21-021,129570828,2974.537,SANTA CLARA,AR,VACANT LAND,0,0,0,,,1980-05-20,37.210938,-121.443594,0,VACANT LAND +25; >100ac whole-area -45; owner -15; zoning AR -15,ATTOM taxassessor (Santa Clara County),,
2 Santa Clara County,SANTA CLARA VALLEY OPEN SPACE AUTHORITY,,SAN JOSE,742-18-007,59067360,1356.000,SANTA CLARA,R120,PUBLIC WORKS,0,0,0,,2003-02-14,2003-02-14,37.136317,-121.781841,0,PUBLIC WORKS -35; >100ac whole-area -45; owner -45; zoning R120 +12,ATTOM taxassessor (Santa Clara County),,
2 Santa Clara County,SANTA CLARA VALLEY HABITAT AGENCY,,SAN JOSE,627-13-018,57221722,1313.630,SANTA CLARA,A1-20,AGRICULTURE / FARMING,0,0,0,,,,37.219625,-121.688268,0,AGRICULTURE / FARMING -25; >100ac whole-area -45; owner -45; zoning A1-20 -15,ATTOM taxassessor (Santa Clara County),,
2 Santa Clara County,SANTA CLARA VALLEY WATER DISTR,,SAN JOSE,729-52-030,49481982,1135.950,SANTA CLARA,R1B3,AGRICULTURE / FARMING,0,0,0,,2012-01-13,2012-01-13,37.19637,-121.66209,0,AGRICULTURE / FARMING -25; >100ac whole-area -45; owner -45; zoning R1B3 +12,ATTOM taxassessor (Santa Clara County),,
5 State of California,STATE CALIFORNIA,,SAN JOSE,070-21-007,39140402,898.540,SANTA CLARA,AW,AGRICULTURE / FARMING,0,0,0,,2010-10-13,2010-10-13,37.319176,-121.467136,0,AGRICULTURE / FARMING -25; >100ac whole-area -45; owner -15; zoning AW -15,ATTOM taxassessor (Santa Clara County),,
5 State of California,CALIFORNIA STATE,,SAN JOSE,627-21-019,35109360,806.000,SANTA CLARA,AR,AGRICULTURE / FARMING,0,0,0,,,1980-05-20,37.201099,-121.423042,0,AGRICULTURE / FARMING -25; >100ac whole-area -45; owner -15; zoning AR -15,ATTOM taxassessor (Santa Clara County),,
2 Santa Clara County,SANTA CLARA COUNTY,,SAN JOSE,627-24-005,33756822,774.950,SANTA CLARA,AR,AGRICULTURE / FARMING,0,0,0,,,1975-11-13,37.312256,-121.687906,0,AGRICULTURE / FARMING -25; >100ac whole-area -45; owner +5; zoning AR -15,ATTOM taxassessor (Santa Clara County),,
2 Santa Clara County,SANTA CLARA COUNTY,,SAN JOSE,627-04-016,31279565,718.080,SANTA CLARA,AR-SR,AGRICULTURE / FARMING,0,0,0,,,1975-11-13,37.325947,-121.700772,0,AGRICULTURE / FARMING -25; >100ac whole-area -45; owner +5; zoning AR-SR -15,ATTOM taxassessor (Santa Clara County),,
5 State of California,CALIFORNIA STATE,,SAN JOSE,070-13-025,29597829,679.473,SANTA CLARA,AR,OTHER / UNKNOWN,0,0,0,,,1981-09-04,37.298402,-121.461611,0,>100ac whole-area -45; owner -15; zoning AR -15,ATTOM taxassessor (Santa Clara County),,
5 State of California,CALIFORNIA STATE,,SAN JOSE,627-15-029,28923203,663.985,SANTA CLARA,AR,OTHER / UNKNOWN,0,0,0,,,,37.231194,-121.554653,0,>100ac whole-area -45; owner -15; zoning AR -15,ATTOM taxassessor (Santa Clara County),,
5 State of California,CALIFORNIA STATE,,SAN JOSE,627-19-048,28120158,645.550,SANTA CLARA,AR,OTHER / UNKNOWN,0,0,0,,,1980-07-31,37.239184,-121.506597,0,>100ac whole-area -45; owner -15; zoning AR -15,ATTOM taxassessor (Santa Clara County),,
3 Municipal,SAN FRANCISCO CITY & CO OF SFPUC,,SAN JOSE,042-21-001,28043928,643.800,SANTA CLARA,AR,PUBLIC WORKS,102833,0,102833,0.000,,,37.439353,-121.761974,0,PUBLIC WORKS -35; >100ac whole-area -45; owner +5; zoning AR -15,ATTOM taxassessor (Santa Clara County),,
5 State of California,STATE OF CALIFORNIA,,SAN JOSE,070-13-003,27878400,640.000,SANTA CLARA,AR,AGRICULTURE / FARMING,0,0,0,,2007-08-21,2007-08-21,37.311444,-121.451549,0,AGRICULTURE / FARMING -25; >100ac whole-area -45; owner -15; zoning AR -15,ATTOM taxassessor (Santa Clara County),,
5 State of California,STATE OF CALIFORNIA,,SAN JOSE,070-08-008,27878400,640.000,SANTA CLARA,AR,AGRICULTURE / FARMING,0,0,0,,2007-08-21,2007-08-21,37.32593,-121.451436,0,AGRICULTURE / FARMING -25; >100ac whole-area -45; owner -15; zoning AR -15,ATTOM taxassessor (Santa Clara County),,
5 State of California,CALIFORNIA STATE,,SAN JOSE,627-19-041,25514834,585.740,SANTA CLARA,AR,AGRICULTURE / FARMING,0,0,0,,,1980-05-20,37.23912,-121.455228,0,AGRICULTURE / FARMING -25; >100ac whole-area -45; owner -15; zoning AR -15,ATTOM taxassessor (Santa Clara County),,
4 School / Public Ed,REGENTS OF UNIVERSITY/CALIFORNIA,,SAN JOSE,627-22-014,24726398,567.640,SANTA CLARA,AR,PUBLIC WORKS,0,0,0,,2007-11-30,2007-11-30,37.375638,-121.729236,0,PUBLIC WORKS -35; >100ac whole-area -45; owner +5; zoning AR -15,ATTOM taxassessor (Santa Clara County),,
3 Municipal,SAN JOSE CITY,4398 ZANKER RD,SAN JOSE,015-31-008,22892682,525.544,SANTA CLARA,A,OTHER / UNKNOWN,0,0,0,,,1971-05-06,37.443589,-121.932818,0,>100ac whole-area -45; owner +5; zoning A -15,ATTOM taxassessor (Santa Clara County),,
2 Santa Clara County,SANTA CLARA VALLEY OPEN SPACE AUTHORITY,,SAN JOSE,595-07-023,22219085,510.080,SANTA CLARA,R1B3,AGRICULTURE / FARMING,0,0,0,,2000-03-22,2000-03-22,37.406481,-121.802278,0,AGRICULTURE / FARMING -25; >100ac whole-area -45; owner -45; zoning R1B3 +12,ATTOM taxassessor (Santa Clara County),,
5 State of California,CALIFORNIA STATE,,SAN JOSE,627-17-015,21875396,502.190,SANTA CLARA,AR,OTHER / UNKNOWN,0,0,0,,,1980-07-31,37.240853,-121.522438,0,>100ac whole-area -45; owner -15; zoning AR -15,ATTOM taxassessor (Santa Clara County),,
4 School / Public Ed,REGENTS OF UNIVERSITY/CALIFORNIA,,SAN JOSE,627-22-007,21039480,483.000,SANTA CLARA,AR,PUBLIC WORKS,0,0,0,,2007-11-30,2007-11-30,37.39156,-121.726711,0,PUBLIC WORKS -35; >100ac whole-area -45; owner +5; zoning AR -15,ATTOM taxassessor (Santa Clara County),,
2 Santa Clara County,SANTA CLARA VALLEY HABITAT AGENCY,439 METCALF RD,SAN JOSE,627-11-005,20788138,477.230,SANTA CLARA,SJ,VACANT LAND,4068362,21871,4090233,0.005,2024-01-26,2024-01-26,37.249427,-121.69336,0,VACANT LAND +25; >100ac whole-area -45; owner -45,ATTOM taxassessor (Santa Clara County),,
2 Santa Clara County,SANTA CLARA COUNTY,,SAN JOSE,627-03-033,20523306,471.150,SANTA CLARA,AR-SR,OTHER / UNKNOWN,0,0,0,,,1975-11-13,37.344889,-121.734705,0,>100ac whole-area -45; owner +5; zoning AR-SR -15,ATTOM taxassessor (Santa Clara County),,
4 School / Public Ed,REGENTS OF UNIVERSITY/CALIFORNIA,,SAN JOSE,627-22-008,20155212,462.700,SANTA CLARA,AR,PUBLIC WORKS,0,0,0,,2007-11-30,2007-11-30,37.382703,-121.715858,0,PUBLIC WORKS -35; >100ac whole-area -45; owner +5; zoning AR -15,ATTOM taxassessor (Santa Clara County),,
2 Santa Clara County,SANTA CLARA VALLEY OPEN SPACE AUTHORITY,21260 ALUM ROCK FALLS RD,SAN JOSE,627-27-001,19603306,450.030,SANTA CLARA,AR,AGRICULTURE / FARMING,0,0,0,,1994-05-19,1994-05-19,37.391805,-121.767175,0,AGRICULTURE / FARMING -25; >100ac whole-area -45; owner -45; zoning AR -15,ATTOM taxassessor (Santa Clara County),,
2 Santa Clara County,SANTA CLARA COUNTY (CA),,SAN JOSE,742-14-002,17710189,406.570,SANTA CLARA,HS,PUBLIC WORKS,0,0,0,,2001-10-19,1997-12-19,37.150144,-121.798922,0,PUBLIC WORKS -35; >100ac whole-area -45; owner +5,ATTOM taxassessor (Santa Clara County),,
2 Santa Clara County,SANTA CLARA COUNTY,,SAN JOSE,070-01-034,17535513,402.560,SANTA CLARA,AR,AGRICULTURE / FARMING,0,0,0,,,1976-11-13,37.37683,-121.69262,0,AGRICULTURE / FARMING -25; >100ac whole-area -45; owner +5; zoning AR -15,ATTOM taxassessor (Santa Clara County),,
2 Santa Clara County,SANTA CLARA VALLEY HABITAT AGENCY,,SAN JOSE,678-01-001,15246000,350.000,SANTA CLARA,SJ,VACANT LAND,3335619,0,3335619,0.000,2024-01-26,2024-01-26,37.248138,-121.727327,0,VACANT LAND +25; >100ac whole-area -45; owner -45,ATTOM taxassessor (Santa Clara County),,
2 Santa Clara County,COUNTY OF SANTA CLARA,,SAN JOSE,742-09-046,14150466,324.850,SANTA CLARA,R120,PUBLIC WORKS,0,0,0,,2009-10-30,2009-10-30,37.178528,-121.798333,0,PUBLIC WORKS -35; >100ac whole-area -45; owner +5; zoning R120 +12,ATTOM taxassessor (Santa Clara County),,
2 Santa Clara County,SANTA CLARA COUNTY,,SAN JOSE,627-03-032,13673691,313.905,SANTA CLARA,AR-SR,OTHER / UNKNOWN,0,0,0,,,1975-11-13,37.357717,-121.732155,0,>100ac whole-area -45; owner +5; zoning AR-SR -15,ATTOM taxassessor (Santa Clara County),,
1 Federal,UNITED STATES AMER,,SUNNYVALE,015-35-045,12658706,290.604,SANTA CLARA,A,INDUSTRIAL,0,0,0,,,2003-03-06,37.433651,-122.036449,0,>100ac whole-area -45; zoning A -15,ATTOM taxassessor (Santa Clara County),,
2 Santa Clara County,SANTA CLARA OPEN SPACE AUTHORI,,SAN JOSE,742-14-010,12422876,285.190,SANTA CLARA,HS,PUBLIC WORKS,0,0,0,,2000-12-05,2000-12-05,37.153132,-121.815971,0,PUBLIC WORKS -35; >100ac whole-area -45; owner -45,ATTOM taxassessor (Santa Clara County),,
2 Santa Clara County,SANTA CLARA COUNTY OPEN SPACE,19741 ALUM ROCK FALLS RD,SAN JOSE,595-07-014,11703701,268.680,SANTA CLARA,HS-SR,AGRICULTURE / FARMING,0,0,0,,2001-04-06,,37.409146,-121.783886,0,AGRICULTURE / FARMING -25; >100ac whole-area -45; owner -45,ATTOM taxassessor (Santa Clara County),,
2 Santa Clara County,SANTA CLARA COUNTY (CA),,SAN JOSE,742-14-003,11151360,256.000,SANTA CLARA,HS,PUBLIC WORKS,0,0,0,,2001-10-19,1997-12-19,37.156478,-121.793809,0,PUBLIC WORKS -35; >100ac whole-area -45; owner +5,ATTOM taxassessor (Santa Clara County),,
1 Federal,UNITED STATES AMERICA,,SAN JOSE,627-16-037,11105610,254.950,SANTA CLARA,AR,OTHER / UNKNOWN,0,0,0,,,1980-12-10,37.25317,-121.549783,0,>100ac whole-area -45; zoning AR -15,ATTOM taxassessor (Santa Clara County),,
2 Santa Clara County,SANTA CLARA OPEN SPACE AUTHORI,,SAN JOSE,742-01-035,10811156,248.190,SANTA CLARA,HS,PUBLIC WORKS,0,0,0,,2001-01-17,2001-01-17,37.157417,-121.81032,0,PUBLIC WORKS -35; >100ac whole-area -45; owner -45,ATTOM taxassessor (Santa Clara County),,
1 Federal,USA,,SUNNYVALE,015-35-001,10260558,235.550,SANTA CLARA,A,INDUSTRIAL,0,0,0,,2003-03-06,,37.434003,-122.044681,0,>100ac whole-area -45; zoning A -15,ATTOM taxassessor (Santa Clara County),,
2 Santa Clara County,SANTA CLARA VALLEY WATER DISTR,,SAN JOSE,627-14-026,9801000,225.000,SANTA CLARA,AW,AGRICULTURE / FARMING,0,0,0,,2012-01-13,2012-01-13,37.205606,-121.661045,0,AGRICULTURE / FARMING -25; >100ac whole-area -45; owner -45; zoning AW -15,ATTOM taxassessor (Santa Clara County),,
1 Federal,USA,,MOUNTAIN VIEW,015-36-042,9416800,216.180,SANTA CLARA,AW,INDUSTRIAL,0,0,0,,2003-03-06,,37.439534,-122.063578,0,>100ac whole-area -45; zoning AW -15,ATTOM taxassessor (Santa Clara County),,
2 Santa Clara County,SANTA CLARA COUNTY,374 MANILA DR,SAN JOSE,756-05-014,9319267,213.941,SANTA CLARA,HS,PUBLIC WORKS,0,0,0,,,,37.072929,-121.788851,0,PUBLIC WORKS -35; >100ac whole-area -45; owner +5,ATTOM taxassessor (Santa Clara County),,
2 Santa Clara County,SANTA CLARA COUNTY,,SAN JOSE,708-43-002,8717663,200.130,SANTA CLARA,HS,AGRICULTURE / FARMING,0,0,0,,,1973-08-30,37.21115,-121.793497,0,AGRICULTURE / FARMING -25; >100ac whole-area -45; owner +5,ATTOM taxassessor (Santa Clara County),,
2 Santa Clara County,SANTA CLARA COUNTY,,SAN JOSE,708-01-010,8398368,192.800,SANTA CLARA,HS,AGRICULTURE / FARMING,0,0,0,,,1981-03-06,37.221349,-121.800191,0,AGRICULTURE / FARMING -25; >100ac whole-area -45; owner +5,ATTOM taxassessor (Santa Clara County),,
2 Santa Clara County,SANTA CLARA COUNTY,22670 MCKEAN RD,SAN JOSE,708-47-015,8383122,192.450,SANTA CLARA,HS-SR,AGRICULTURE / FARMING,0,0,0,,,1980-10-14,37.18863,-121.780897,0,AGRICULTURE / FARMING -25; >100ac whole-area -45; owner +5,ATTOM taxassessor (Santa Clara County),,
1 Federal,UNITED STATES AMERICA,,SAN JOSE,070-05-047,8196940,188.176,SANTA CLARA,AR,OTHER / UNKNOWN,0,0,0,,,1979-08-13,37.418014,-121.47711,0,>100ac whole-area -45; zoning AR -15,ATTOM taxassessor (Santa Clara County),,
2 Santa Clara County,SANTA CLARA COUNTY,,SAN JOSE,742-13-011,7581821,174.055,SANTA CLARA,HS,PUBLIC WORKS,0,0,0,,,1985-04-10,37.16738,-121.798363,0,PUBLIC WORKS -35; >100ac whole-area -45; owner +5,ATTOM taxassessor (Santa Clara County),,
1 Federal,USA,,SUNNYVALE,015-36-035,7559402,173.540,SANTA CLARA,A,INDUSTRIAL,0,0,0,,2003-03-06,,37.439815,-122.049103,0,>100ac whole-area -45; zoning A -15,ATTOM taxassessor (Santa Clara County),,
2 Santa Clara County,SANTA CLARA COUNTY,,CUPERTINO,342-05-062,7169219,164.583,SANTA CLARA,A,OTHER / UNKNOWN,0,0,0,,,1977-10-11,37.332122,-122.089399,0,>100ac whole-area -45; owner +5; zoning A -15,ATTOM taxassessor (Santa Clara County),,
2 Santa Clara County,SANTA CLARA COUNTY,21275 MCKEAN RD,SAN JOSE,742-09-050,7067174,162.240,SANTA CLARA,A-20A,AGRICULTURE / FARMING,0,0,0,,2016-09-12,2016-09-12,37.189941,-121.808075,0,AGRICULTURE / FARMING -25; >100ac whole-area -45; owner +5; zoning A-20A -15,ATTOM taxassessor (Santa Clara County),,
5 State of California,STATE OF CALIFORNIA,,SAN JOSE,070-13-006,6969600,160.000,SANTA CLARA,AR,AGRICULTURE / FARMING,0,0,0,,2007-08-21,2007-08-21,37.307807,-121.438061,0,AGRICULTURE / FARMING -25; >100ac whole-area -45; owner -15; zoning AR -15,ATTOM taxassessor (Santa Clara County),,
5 State of California,STATE OF CALIFORNIA,,SAN JOSE,070-08-009,6969600,160.000,SANTA CLARA,AR,PUBLIC WORKS,0,0,0,,2007-08-21,2007-08-21,37.331276,-121.433244,0,PUBLIC WORKS -35; >100ac whole-area -45; owner -15; zoning AR -15,ATTOM taxassessor (Santa Clara County),,
5 State of California,STATE OF CALIFORNIA,,SAN JOSE,070-08-010,6969600,160.000,SANTA CLARA,AR,PUBLIC WORKS,0,0,0,,2007-08-21,2007-08-21,37.324101,-121.437838,0,PUBLIC WORKS -35; >100ac whole-area -45; owner -15; zoning AR -15,ATTOM taxassessor (Santa Clara County),,
5 State of California,CALIFORNIA STATE,,SAN JOSE,627-17-006,6819754,156.560,SANTA CLARA,AR,AGRICULTURE / FARMING,0,0,0,,,1980-07-31,37.230152,-121.506446,0,AGRICULTURE / FARMING -25; >100ac whole-area -45; owner -15; zoning AR -15,ATTOM taxassessor (Santa Clara County),,
1 Federal,UNITED STATES AMERICA,,SAN JOSE,627-17-007,6758281,155.149,SANTA CLARA,AR,OTHER / UNKNOWN,0,0,0,,,,37.224908,-121.502391,0,>100ac whole-area -45; zoning AR -15,ATTOM taxassessor (Santa Clara County),,
2 Santa Clara County,COUNTY OF SANTA CLARA,,SAN JOSE,706-11-023,6136732,140.880,SANTA CLARA,R1B2,AGRICULTURE / FARMING,0,0,0,,2009-10-26,2009-10-26,37.223217,-121.757533,0,AGRICULTURE / FARMING -25; >100ac whole-area -45; owner +5; zoning R1B2 +12,ATTOM taxassessor (Santa Clara County),,
5 State of California,STATE CALIFORNIA DEPARTMENT PARKS,5283 SNELL AVE,SAN JOSE,464-06-019,5947246,136.530,SANTA CLARA,A,VACANT LAND,0,0,0,,2004-01-28,2004-01-28,37.259976,-121.843275,0,VACANT LAND +25; >100ac whole-area -45; owner -15; zoning A -15,ATTOM taxassessor (Santa Clara County),,
2 Santa Clara County,COUNTY OF SANTA CLARA,23100 MCKEAN RD,SAN JOSE,708-33-008,5938534,136.330,SANTA CLARA,HS,AGRICULTURE / FARMING,4782861,0,4782861,0.000,2023-05-05,2023-05-05,37.190411,-121.770672,0,AGRICULTURE / FARMING -25; >100ac whole-area -45; owner +5,ATTOM taxassessor (Santa Clara County),,
5 State of California,CALIFORNIA STATE,,SAN JOSE,070-13-026,5716556,131.234,SANTA CLARA,AR,OTHER / UNKNOWN,0,0,0,,,1981-09-04,37.301005,-121.428599,0,>100ac whole-area -45; owner -15; zoning AR -15,ATTOM taxassessor (Santa Clara County),,
4 School / Public Ed,REGENTS OF UNIVERSITY/CALIFORNIA,,SAN JOSE,627-22-006,5450663,125.130,SANTA CLARA,AR,PUBLIC WORKS,0,0,0,,2007-11-30,2007-11-30,37.395703,-121.738766,0,PUBLIC WORKS -35; >100ac whole-area -45; owner +5; zoning AR -15,ATTOM taxassessor (Santa Clara County),,
2 Santa Clara County,SANTA CLARA VALLEY WATER DISTR,22331 ALUM ROCK FALLS RD,SAN JOSE,627-22-011,5240268,120.300,SANTA CLARA,AW,AGRICULTURE / FARMING,0,0,0,,2015-12-23,2015-12-23,37.400922,-121.740522,0,AGRICULTURE / FARMING -25; >100ac whole-area -45; owner -45; zoning AW -15,ATTOM taxassessor (Santa Clara County),,
2 Santa Clara County,COUNTY OF SANTA CLARA,16530 STEVENS CANYON RD,CUPERTINO,351-16-012,5227200,120.000,SANTA CLARA,HS-SR,PUBLIC WORKS,153989,53194,207183,0.345,2023-02-03,2023-02-03,37.274952,-122.100413,0,PUBLIC WORKS -35; >100ac whole-area -45; owner +5,ATTOM taxassessor (Santa Clara County),,
3 Municipal,SAN JOSE CITY CITY CLERKS OFF,4160 ZANKER RD,SAN JOSE,015-31-063,5180590,118.930,SANTA CLARA,A(PD),OTHER / UNKNOWN,0,0,0,,2011-05-16,,37.42555,-121.937059,0,>100ac whole-area -45; owner +5; zoning A(PD) -15,ATTOM taxassessor (Santa Clara County),,
2 Santa Clara County,SANTA CLARA COUNTY,344 TULLY RD,SAN JOSE,497-38-016,5136322,117.914,SANTA CLARA,R1-20,PUBLIC WORKS,0,0,0,,,1968-01-08,37.300123,-121.851559,0,PUBLIC WORKS -35; >100ac whole-area -45; owner +5; zoning R1-20 +12,ATTOM taxassessor (Santa Clara County),,
2 Santa Clara County,SANTA CLARA COUNTY,,SAN JOSE,583-24-007,4835160,111.000,SANTA CLARA,HS-SR,AGRICULTURE / FARMING,0,0,0,,,,37.177892,-121.861402,0,AGRICULTURE / FARMING -25; >100ac whole-area -45; owner +5,ATTOM taxassessor (Santa Clara County),,
2 Santa Clara County,SANTA CLARA COUNTY OPEN SPACE,,SAN JOSE,742-19-001,4787244,109.900,SANTA CLARA,R120,AGRICULTURE / FARMING,0,0,0,,2003-02-14,1999-11-15,37.142508,-121.770069,0,AGRICULTURE / FARMING -25; >100ac whole-area -45; owner -45; zoning R120 +12,ATTOM taxassessor (Santa Clara County),,
3 Municipal,SAN JOSE CITY,,SAN JOSE,491-01-030,4738892,108.790,SANTA CLARA,PUB,AGRICULTURE / FARMING,0,0,0,,,1978-04-04,37.336409,-121.811511,0,AGRICULTURE / FARMING -25; >100ac whole-area -45; owner +5,ATTOM taxassessor (Santa Clara County),,
4 School / Public Ed,SAN JOSE EVERGREEN CMNTY COLLEGE DI,2750 SAN FELIPE RD,SAN JOSE,660-21-023,4390412,100.790,SANTA CLARA,SJ,PUBLIC WORKS,0,0,0,,2023-09-08,,37.301766,-121.765606,0,PUBLIC WORKS -35; >100ac whole-area -45; owner +5,ATTOM taxassessor (Santa Clara County),,
2 Santa Clara County,SANTA CLARA VALLEY OPEN SPACE AUTHORITY,,SAN JOSE,742-14-011,4316796,99.100,SANTA CLARA,HS,PUBLIC WORKS,0,0,0,,,2004-04-23,37.150184,-121.819058,0,PUBLIC WORKS -35; 20-100ac big -25; owner -45,ATTOM taxassessor (Santa Clara County),,
3 Municipal,CITY OF SANTA CLARA,2351 STARS AND STRIPES DR,SANTA CLARA,104-03-036,3736576,85.780,SANTA CLARA,PD,PUBLIC WORKS,0,0,0,,2021-02-18,,37.408377,-121.972226,0,PUBLIC WORKS -35; 20-100ac big -25; owner +5,ATTOM taxassessor (Santa Clara County),,
2 Santa Clara County,SANTA CLARA VALLEY WATER DISTR,,SAN JOSE,627-22-010,3664702,84.130,SANTA CLARA,AW,AGRICULTURE / FARMING,0,0,0,,2014-12-24,2012-12-19,37.398192,-121.746326,0,AGRICULTURE / FARMING -25; 20-100ac big -25; owner -45; zoning AW -15,ATTOM taxassessor (Santa Clara County),,
1 Federal,UNITED STATES AMERICA,3801 MIRANDA AVE,PALO ALTO,142-17-011,3635517,83.460,SANTA CLARA,PF,PUBLIC WORKS,0,0,0,,,,37.405014,-122.140207,0,PUBLIC WORKS -35; 20-100ac big -25,ATTOM taxassessor (Santa Clara County),,
5 State of California,CALIFORNIA STATE,,SAN JOSE,627-30-001,3565642,81.856,SANTA CLARA,AR,AGRICULTURE / FARMING,0,0,0,,,1980-07-31,37.202521,-121.481734,0,AGRICULTURE / FARMING -25; 20-100ac big -25; owner -15; zoning AR -15,ATTOM taxassessor (Santa Clara County),,
2 Santa Clara County,SANTA CLARA COUNTY OPEN SPACE,,SAN JOSE,627-14-011,3531845,81.080,SANTA CLARA,AR,VACANT LAND,0,0,0,,2015-10-21,2015-10-21,37.20476,-121.676272,0,VACANT LAND +25; 20-100ac big -25; owner -45; zoning AR -15,ATTOM taxassessor (Santa Clara County),,
5 State of California,STATE OF CALIFORNIA,,SAN JOSE,070-13-004,3484800,80.000,SANTA CLARA,AR,PUBLIC WORKS,0,0,0,,2007-08-21,2007-08-21,37.316849,-121.438012,0,PUBLIC WORKS -35; 20-100ac big -25; owner -15; zoning AR -15,ATTOM taxassessor (Santa Clara County),,
5 State of California,STATE CALIFORNIA,,SAN JOSE,627-18-008,3484800,80.000,SANTA CLARA,AR,AGRICULTURE / FARMING,0,0,0,,,1980-05-20,37.212785,-121.467751,0,AGRICULTURE / FARMING -25; 20-100ac big -25; owner -15; zoning AR -15,ATTOM taxassessor (Santa Clara County),,
5 State of California,STATE OF CALIFORNIA,,SAN JOSE,070-13-005,3484800,80.000,SANTA CLARA,AR,AGRICULTURE / FARMING,0,0,0,,2007-08-21,2007-08-21,37.313206,-121.438028,0,AGRICULTURE / FARMING -25; 20-100ac big -25; owner -15; zoning AR -15,ATTOM taxassessor (Santa Clara County),,
5 State of California,STATE OF CALIFORNIA,,SAN JOSE,070-07-013,3484800,80.000,SANTA CLARA,AR,PUBLIC WORKS,0,0,0,,2007-08-21,2007-08-21,37.334927,-121.43752,0,PUBLIC WORKS -35; 20-100ac big -25; owner -15; zoning AR -15,ATTOM taxassessor (Santa Clara County),,
4 School / Public Ed,WEST VALLEYMISSION COMMUNITY COLLEGE DIST,,SANTA CLARA,104-16-115,3301899,75.801,SANTA CLARA,SC,PUBLIC WORKS,0,0,0,,,1972-05-08,37.392645,-121.982402,0,PUBLIC WORKS -35; 20-100ac big -25; owner +5,ATTOM taxassessor (Santa Clara County),,
2 Santa Clara County,SANTA CLARA VALLEY WATER DISTR,,SAN JOSE,627-22-012,3296185,75.670,SANTA CLARA,AW,AGRICULTURE / FARMING,0,0,0,,2014-12-24,2012-12-19,37.403423,-121.749015,0,AGRICULTURE / FARMING -25; 20-100ac big -25; owner -45; zoning AW -15,ATTOM taxassessor (Santa Clara County),,
3 Municipal,SAN JOSE CITY,,SAN JOSE,491-01-031,3229102,74.130,SANTA CLARA,SJ,PUBLIC WORKS,0,0,0,,,1978-09-28,37.337972,-121.805747,0,PUBLIC WORKS -35; 20-100ac big -25; owner +5,ATTOM taxassessor (Santa Clara County),,
2 Santa Clara County,SANTA CLARA COUNTY OPEN SPACE,,SAN JOSE,627-11-009,3125866,71.760,SANTA CLARA,A1-20,VACANT LAND,0,0,0,,2015-10-21,2015-10-21,37.232284,-121.711711,0,VACANT LAND +25; 20-100ac big -25; owner -45; zoning A1-20 -15,ATTOM taxassessor (Santa Clara County),,
2 Santa Clara County,SANTA CLARA VALLEY OPEN SPACE AUTHORITY,,SAN JOSE,627-27-002,3082306,70.760,SANTA CLARA,AR,AGRICULTURE / FARMING,0,0,0,,,,37.386206,-121.764918,0,AGRICULTURE / FARMING -25; 20-100ac big -25; owner -45; zoning AR -15,ATTOM taxassessor (Santa Clara County),,
2 Santa Clara County,SANTA CLARA COUNTY,22555 CRISTO REY DR,CUPERTINO,342-63-004,2942042,67.540,SANTA CLARA,A,PUBLIC WORKS,0,0,0,,2003-09-26,2003-09-26,37.326849,-122.084269,0,PUBLIC WORKS -35; 20-100ac big -25; owner +5; zoning A -15,ATTOM taxassessor (Santa Clara County),,
2 Santa Clara County,SANTA CLARA VALLEY WATER DISTR,,SAN JOSE,627-22-013,2722500,62.500,SANTA CLARA,AW,AGRICULTURE / FARMING,0,0,0,,2014-12-24,2012-12-19,37.402298,-121.754147,0,AGRICULTURE / FARMING -25; 20-100ac big -25; owner -45; zoning AW -15,ATTOM taxassessor (Santa Clara County),,
2 Santa Clara County,SANTA CLARA COUNTY (CA),,SAN JOSE,742-14-004,2435004,55.900,SANTA CLARA,AR,PUBLIC WORKS,0,0,0,,2001-10-19,1997-12-19,37.147885,-121.787986,0,PUBLIC WORKS -35; 20-100ac big -25; owner +5; zoning AR -15,ATTOM taxassessor (Santa Clara County),,
2 Santa Clara County,SANTA CLARA VALLEY WATER DISTR,,SAN JOSE,042-08-001,2421064,55.580,SANTA CLARA,AW,AGRICULTURE / FARMING,0,0,0,,2015-12-23,2015-12-23,37.401599,-121.734182,0,AGRICULTURE / FARMING -25; 20-100ac big -25; owner -45; zoning AW -15,ATTOM taxassessor (Santa Clara County),,
5 State of California,STATE CALIFORNIA,,SAN JOSE,627-15-043,2296468,52.720,SANTA CLARA,AR-SR,AGRICULTURE / FARMING,0,0,0,,,1993-07-27,37.188552,-121.550643,0,AGRICULTURE / FARMING -25; 20-100ac big -25; owner -15; zoning AR-SR -15,ATTOM taxassessor (Santa Clara County),,
2 Santa Clara County,SANTA CLARA COUNTY,,SAN JOSE,712-17-026,2152537,49.415,SANTA CLARA,A140,AGRICULTURE / FARMING,0,0,0,,,1977-08-29,37.180178,-121.756153,0,AGRICULTURE / FARMING -25; 20-100ac big -25; owner +5; zoning A140 -15,ATTOM taxassessor (Santa Clara County),,
2 Santa Clara County,SANTA CLARA COUNTY,,SAN JOSE,627-04-015,2137489,49.070,SANTA CLARA,AR-SR,AGRICULTURE / FARMING,0,0,0,,,1975-11-13,37.339411,-121.69004,0,AGRICULTURE / FARMING -25; 20-100ac big -25; owner +5; zoning AR-SR -15,ATTOM taxassessor (Santa Clara County),,
4 School / Public Ed,SIDE UNION H S D EAST,420 CALERO AVE,SAN JOSE,647-33-006,1871791,0.000,SANTA CLARA,SC,PUBLIC WORKS,0,0,0,,,,37.347279,-121.806213,0,PUBLIC WORKS -35; 20-100ac big -25; owner +5,ATTOM taxassessor (Santa Clara County),,
2 Santa Clara County,SANTA CLARA COUNTY,,SAN JOSE,627-07-012,1826471,41.930,SANTA CLARA,AR,AGRICULTURE / FARMING,0,0,0,,,,37.316871,-121.652718,0,AGRICULTURE / FARMING -25; 20-100ac big -25; owner +5; zoning AR -15,ATTOM taxassessor (Santa Clara County),,
1 Federal,UNITED STATES AMERICA,,MOUNTAIN VIEW,160-56-002,1655280,38.000,SANTA CLARA,MV,PUBLIC WORKS,0,0,0,,,,37.400328,-122.04119,0,PUBLIC WORKS -35; 20-100ac big -25,ATTOM taxassessor (Santa Clara County),,
4 School / Public Ed,SIDE UNION H S D EAST,1835 CUNNINGHAM AVE,SAN JOSE,491-17-003,1585917,36.408,SANTA CLARA,SJ,PUBLIC WORKS,0,0,0,,,,37.33192,-121.829906,0,PUBLIC WORKS -35; 20-100ac big -25; owner +5,ATTOM taxassessor (Santa Clara County),,
4 School / Public Ed,PALO ALTO UNIFIED S D,780 ARASTRADERO RD,PALO ALTO,142-17-032,1428768,32.800,SANTA CLARA,PF,PUBLIC WORKS,0,0,0,,,,37.40308,-122.134387,0,PUBLIC WORKS -35; 20-100ac big -25; owner +5,ATTOM taxassessor (Santa Clara County),,
2 Santa Clara County,SANTA CLARA COUNTY (CA),,SAN JOSE,742-02-012,1386950,31.840,SANTA CLARA,HS,PUBLIC WORKS,0,0,0,,1997-12-31,,37.170107,-121.805129,0,PUBLIC WORKS -35; 20-100ac big -25; owner +5,ATTOM taxassessor (Santa Clara County),,
4 School / Public Ed,PALO ALTO UNIFIED S D,4000 MIDDLEFIELD RD,PALO ALTO,147-08-053,1374318,31.550,SANTA CLARA,P,PUBLIC WORKS,0,0,0,,,,37.416192,-122.108127,0,PUBLIC WORKS -35; 20-100ac big -25; owner +5,ATTOM taxassessor (Santa Clara County),,
3 Municipal,SUNNYVALE CITY,560 E REMINGTON DR,SUNNYVALE,211-24-042,1316383,30.220,SANTA CLARA,SU,PUBLIC WORKS,0,0,0,,,,37.357477,-122.025761,0,PUBLIC WORKS -35; 20-100ac big -25; owner +5,ATTOM taxassessor (Santa Clara County),,
2 Santa Clara County,COUNTY OF SANTA CLARA,,SAN JOSE,742-08-057,1256270,28.840,SANTA CLARA,A-20A,AGRICULTURE / FARMING,0,0,0,,2009-10-30,2009-10-30,37.194103,-121.810524,0,AGRICULTURE / FARMING -25; 20-100ac big -25; owner +5; zoning A-20A -15,ATTOM taxassessor (Santa Clara County),,
2 Santa Clara County,SANTA CLARA VALLEY OPEN SPACE AUTHORITY,,SAN JOSE,742-01-041,1208354,27.740,SANTA CLARA,HS,PUBLIC WORKS,0,0,0,,,,37.161724,-121.815833,0,PUBLIC WORKS -35; 20-100ac big -25; owner -45,ATTOM taxassessor (Santa Clara County),,
3 Municipal,CITY OF MT VIEW,270 ESCUELA AVE,MOUNTAIN VIEW,154-01-033,1158260,26.590,SANTA CLARA,PF,PUBLIC WORKS,0,0,0,,2007-11-06,,37.400439,-122.096191,0,PUBLIC WORKS -35; 20-100ac big -25; owner +5,ATTOM taxassessor (Santa Clara County),,
2 Santa Clara County,SANTA CLARA VALLEY OPEN SPACE AUTHORITY,,SAN JOSE,612-42-004,1157389,26.570,SANTA CLARA,HS,AGRICULTURE / FARMING,0,0,0,,,,37.381778,-121.780534,0,AGRICULTURE / FARMING -25; 20-100ac big -25; owner -45,ATTOM taxassessor (Santa Clara County),,
3 Municipal,PALO ALTO CITY,,PALO ALTO,351-35-001,1157107,26.564,SANTA CLARA,A,AGRICULTURE / FARMING,0,0,0,,,,37.35472,-122.17431,0,AGRICULTURE / FARMING -25; 20-100ac big -25; owner +5; zoning A -15,ATTOM taxassessor (Santa Clara County),,
2 Santa Clara County,SANTA CLARA VALLEY HABITAT AGENCY,,SAN JOSE,729-52-028,1089000,25.000,SANTA CLARA,R1B3,AGRICULTURE / FARMING,0,0,0,,,,37.203025,-121.706641,0,AGRICULTURE / FARMING -25; 20-100ac big -25; owner -45; zoning R1B3 +12,ATTOM taxassessor (Santa Clara County),,
5 State of California,CALIFORNIA STATE,JACKSOL DR,SAN JOSE,421-07-024,1017608,23.361,SANTA CLARA,I,PUBLIC WORKS,0,0,0,,,1986-01-03,37.251775,-121.935261,0,PUBLIC WORKS -35; 20-100ac big -25; owner -15,ATTOM taxassessor (Santa Clara County),,
4 School / Public Ed,SAN JOSE UNIFIED S D,604 DANA AVE,SAN JOSE,274-10-005,984158,22.593,SANTA CLARA,SJ,PUBLIC WORKS,0,0,0,,,,37.331777,-121.924304,0,PUBLIC WORKS -35; 20-100ac big -25; owner +5,ATTOM taxassessor (Santa Clara County),,
2 Santa Clara County,SANTA CLARA COUNTY,,SAN JOSE,627-22-009,971388,22.300,SANTA CLARA,AR,AGRICULTURE / FARMING,0,0,0,,,1975-11-13,37.380077,-121.710006,0,AGRICULTURE / FARMING -25; 20-100ac big -25; owner +5; zoning AR -15,ATTOM taxassessor (Santa Clara County),,
2 Santa Clara County,SANTA CLARA COUNTY OPEN SPACE,,SAN JOSE,612-42-002,917374,21.060,SANTA CLARA,HS-D1,AGRICULTURE / FARMING,0,0,0,,2002-11-27,2000-05-12,37.379045,-121.777109,0,AGRICULTURE / FARMING -25; 20-100ac big -25; owner -45,ATTOM taxassessor (Santa Clara County),,
2 Santa Clara County,COUNTY OF SANTA CLARA,,SAN JOSE,742-08-031,906919,20.820,SANTA CLARA,A-20A,AGRICULTURE / FARMING,0,0,0,,2009-10-30,2009-10-30,37.195187,-121.813422,0,AGRICULTURE / FARMING -25; 20-100ac big -25; owner +5; zoning A-20A -15,ATTOM taxassessor (Santa Clara County),,
3 Municipal,SAN FRANCISCO CITY & CO OF SFPUC,,SAN JOSE,042-01-011,878400,20.165,SANTA CLARA,AR,PUBLIC WORKS,111691,0,111691,0.000,,,37.454218,-121.744761,0,PUBLIC WORKS -35; 20-100ac big -25; owner +5; zoning AR -15,ATTOM taxassessor (Santa Clara County),,
3 Municipal,SAN FRANCISCO CITY & CO OF SFPUC,,SAN JOSE,042-01-003,878400,20.165,SANTA CLARA,AR,PUBLIC WORKS,95412,0,95412,0.000,,,37.454398,-121.709085,0,PUBLIC WORKS -35; 20-100ac big -25; owner +5; zoning AR -15,ATTOM taxassessor (Santa Clara County),,
2 Santa Clara County,SANTA CLARA VALLEY OPEN SPACE AUTHORITY,,SAN JOSE,612-42-003,873814,20.060,SANTA CLARA,HS,AGRICULTURE / FARMING,0,0,0,,,,37.381069,-121.778215,0,AGRICULTURE / FARMING -25; 20-100ac big -25; owner -45,ATTOM taxassessor (Santa Clara County),,
3 Municipal,SAN JOSE CITY,,SAN JOSE,679-15-021,837877,19.235,SANTA CLARA,APD,PUBLIC WORKS,0,0,0,,,,37.293553,-121.787889,0,PUBLIC WORKS -35; 5-20ac -5; owner +5; zoning APD -15,ATTOM taxassessor (Santa Clara County),,
2 Santa Clara County,COUNTY OF SANTA CLARA,2105 FOREST AVE,SAN JOSE,274-40-082,768834,17.650,SANTA CLARA,APD,PUBLIC WORKS,0,0,0,,2019-03-04,1995-12-06,37.328188,-121.938464,0,PUBLIC WORKS -35; 5-20ac -5; owner +5; zoning APD -15,ATTOM taxassessor (Santa Clara County),,
5 State of California,CALIFORNIA STATE,229 E SAN SALVADOR ST,SAN JOSE,467-53-002,549291,12.610,SANTA CLARA,LI,PUBLIC WORKS,0,0,0,,,,37.333082,-121.881733,0,PUBLIC WORKS -35; 5-20ac -5; owner -15,ATTOM taxassessor (Santa Clara County),,
4 School / Public Ed,REGENTS OF UNIVERSITY/CALIFORNIA,,SAN JOSE,627-03-023,490050,11.250,SANTA CLARA,AR-SR,PUBLIC WORKS,0,0,0,,2007-11-30,2007-11-30,37.366334,-121.728763,0,PUBLIC WORKS -35; 5-20ac -5; owner +5; zoning AR-SR -15,ATTOM taxassessor (Santa Clara County),,
2 Santa Clara County,SANTA CLARA COUNTY,,CUPERTINO,342-62-001,472465,10.846,SANTA CLARA,A,PUBLIC WORKS,0,0,0,,2003-09-26,2003-09-26,37.333284,-122.077459,0,PUBLIC WORKS -35; 5-20ac -5; owner +5; zoning A -15,ATTOM taxassessor (Santa Clara County),,
2 Santa Clara County,SANTA CLARA VALLEY HABITAT AGENCY,,SAN JOSE,627-11-015,469141,10.770,SANTA CLARA,AR-SR,AGRICULTURE / FARMING,0,0,0,,,,37.238718,-121.716024,0,AGRICULTURE / FARMING -25; 5-20ac -5; owner -45; zoning AR-SR -15,ATTOM taxassessor (Santa Clara County),,
2 Santa Clara County,SANTA CLARA COUNTY OPEN SPACE,,SAN JOSE,742-01-037,456944,10.490,SANTA CLARA,HS,PUBLIC WORKS,0,0,0,,2004-04-23,,37.155378,-121.817642,0,PUBLIC WORKS -35; 5-20ac -5; owner -45,ATTOM taxassessor (Santa Clara County),,
3 Municipal,SAN FRANCISCO CITY & COUNTY OF,,SAN JOSE,042-01-009,454400,10.432,SANTA CLARA,AR,PUBLIC WORKS,27882,0,27882,0.000,,,37.47974,-121.747464,0,PUBLIC WORKS -35; 5-20ac -5; owner +5; zoning AR -15,ATTOM taxassessor (Santa Clara County),,
4 School / Public Ed,SAN JOSE UNIFIED S D,,SAN JOSE,459-07-009,402494,9.240,SANTA CLARA,A,PUBLIC WORKS,0,0,0,,,,37.270427,-121.869413,0,PUBLIC WORKS -35; 5-20ac -5; owner +5; zoning A -15,ATTOM taxassessor (Santa Clara County),,
2 Santa Clara County,SANTA CLARA VALLEY OPEN SPACE AUTHORITY,,SAN JOSE,694-01-030,375696,8.625,SANTA CLARA,M1,INDUSTRIAL,0,0,0,,2016-03-18,2016-03-18,37.238873,-121.863432,0,5-20ac -5; owner -45,ATTOM taxassessor (Santa Clara County),,
2 Santa Clara County,SANTA CLARA VALLEY WATER DIST,,SAN JOSE,458-16-033,358498,8.230,SANTA CLARA,AC3,PUBLIC WORKS,0,0,0,,1997-02-14,,37.2544,-121.874196,0,PUBLIC WORKS -35; 5-20ac -5; owner -45; zoning AC3 -15,ATTOM taxassessor (Santa Clara County),,
2 Santa Clara County,SANTA CLARA VALLEY WATER DISTR,,SAN JOSE,729-52-014,342381,7.860,SANTA CLARA,R1B3,AGRICULTURE / FARMING,0,0,0,,2012-01-13,2012-01-13,37.191137,-121.684888,0,AGRICULTURE / FARMING -25; 5-20ac -5; owner -45; zoning R1B3 +12,ATTOM taxassessor (Santa Clara County),,
5 State of California,CALIFORNIA STATE,,SAN JOSE,627-19-013,283140,6.500,SANTA CLARA,AR,AGRICULTURE / FARMING,0,0,0,,2003-12-17,,37.235415,-121.444886,0,AGRICULTURE / FARMING -25; 5-20ac -5; owner -15; zoning AR -15,ATTOM taxassessor (Santa Clara County),,
3 Municipal,SAN JOSE CITY,,SAN JOSE,477-58-017,268834,6.172,SANTA CLARA,A,PUBLIC WORKS,0,0,0,,,,37.317912,-121.847634,0,PUBLIC WORKS -35; 5-20ac -5; owner +5; zoning A -15,ATTOM taxassessor (Santa Clara County),,
4 School / Public Ed,SAN JOSE EVERGREEN COMN COLLEGE DIST,4750 SAN FELIPE RD,SAN JOSE,660-21-021,263538,6.050,SANTA CLARA,APD,PUBLIC WORKS,0,0,0,,,,37.300472,-121.771261,0,PUBLIC WORKS -35; 5-20ac -5; owner +5; zoning APD -15,ATTOM taxassessor (Santa Clara County),,
5 State of California,CALIFORNIA STATE,,CAMPBELL,403-20-034,260924,5.990,SANTA CLARA,A,PUBLIC WORKS,0,0,0,,,1984-07-10,37.26873,-121.988709,0,PUBLIC WORKS -35; 5-20ac -5; owner -15; zoning A -15,ATTOM taxassessor (Santa Clara County),,
1 Federal,UNITED STATES AMERICA,,MOUNTAIN VIEW,116-18-004,249246,5.722,SANTA CLARA,A1,PUBLIC WORKS,0,0,0,,,,37.425733,-122.058992,0,PUBLIC WORKS -35; 5-20ac -5; zoning A1 -15,ATTOM taxassessor (Santa Clara County),,
2 Santa Clara County,SANTA CLARA COUNTY OPEN SPACE,,SAN JOSE,742-01-036,239144,5.490,SANTA CLARA,HS,PUBLIC WORKS,0,0,0,,2012-05-04,2012-05-04,37.154944,-121.815983,0,PUBLIC WORKS -35; 5-20ac -5; owner -45,ATTOM taxassessor (Santa Clara County),,
3 Municipal,SAN JOSE CITY (CA),,SAN JOSE,097-07-083,221284,5.080,SANTA CLARA,A(PD),PUBLIC WORKS,0,0,0,,2003-10-22,,37.406467,-121.940414,0,PUBLIC WORKS -35; 5-20ac -5; owner +5; zoning A(PD) -15,ATTOM taxassessor (Santa Clara County),,
5 State of California,STATE OF CALIFORNIA,47625 MINES RD,SAN JOSE,070-06-094,217800,5.000,SANTA CLARA,AR-SR,AGRICULTURE / FARMING,0,0,0,,2005-05-20,2005-05-20,37.396715,-121.491707,0,AGRICULTURE / FARMING -25; 5-20ac -5; owner -15; zoning AR-SR -15,ATTOM taxassessor (Santa Clara County),,
2 Santa Clara County,SANTA CLARA VTA,,SAN JOSE,254-17-111,200811,4.610,SANTA CLARA,A-PD,PUBLIC WORKS,0,0,0,,,,37.369588,-121.873473,0,PUBLIC WORKS -35; 1-5ac +12; owner -15; zoning A-PD -15,ATTOM taxassessor (Santa Clara County),,
2 Santa Clara County,SANTA CLARA VALLEY WATER DIST,,SAN JOSE,458-16-035,162043,3.720,SANTA CLARA,R1B1,PUBLIC WORKS,0,0,0,,1996-12-23,,37.258068,-121.869689,0,PUBLIC WORKS -35; 1-5ac +12; owner -45; zoning R1B1 +12,ATTOM taxassessor (Santa Clara County),,
5 State of California,CALIFORNIA STATE,,CAMPBELL,403-20-014,96267,2.210,SANTA CLARA,A,PUBLIC WORKS,0,0,0,,,1987-05-28,37.267308,-121.985798,0,PUBLIC WORKS -35; 1-5ac +12; owner -15; zoning A -15,ATTOM taxassessor (Santa Clara County),,
2 Santa Clara County,SANTA CLARA VALLEY HABITAT AGENCY,,SAN JOSE,627-11-013,71874,1.650,SANTA CLARA,AR-SR,AGRICULTURE / FARMING,0,0,0,,,,37.240663,-121.713804,0,AGRICULTURE / FARMING -25; 1-5ac +12; owner -45; zoning AR-SR -15,ATTOM taxassessor (Santa Clara County),,
2 Santa Clara County,SANTA CLARA COUNTY OPEN SPACE,,SAN JOSE,729-54-004,65776,1.510,SANTA CLARA,HS-SR,AGRICULTURE / FARMING,0,0,0,,2015-10-21,2015-10-21,37.207835,-121.718687,0,AGRICULTURE / FARMING -25; 1-5ac +12; owner -45,ATTOM taxassessor (Santa Clara County),,
5 State of California,STATE CALIFORNIA,4768 ROUNDTREE DR,CAMPBELL,403-20-027,54014,1.240,SANTA CLARA,A,PUBLIC WORKS,0,0,0,,,1994-10-07,37.267008,-121.98482,0,PUBLIC WORKS -35; 1-5ac +12; owner -15; zoning A -15,ATTOM taxassessor (Santa Clara County),,
2 Santa Clara County,SANTA CLARA VALLEY WATER DISTR,344 S 17TH ST,SAN JOSE,467-39-003,12876,0.296,SANTA CLARA,OS,PUBLIC WORKS,0,0,0,,2006-01-04,1996-10-31,37.338638,-121.870093,0,PUBLIC WORKS -35; <1ac infill +20; owner -45; zoning OS -15,ATTOM taxassessor (Santa Clara County),,
